"Job_ID","Job_Title","Company","Industry","Province","City","Employment_Type","Experience_Years","Education","Degree_Field","Remote","Contract_Type","Job_Description","Company_Size","Skills"
"1001","Data Scientist (AI, ML, LLMs, and RAG)","Abalobi Solutions","IT & Telecommunications","Gauteng","Pretoria","Full-Time","5.0","Bachelor's","Data Science","Yes","Permanent","Data Scientist (AI, ML, LLMs, and RAG) role at Abalobi Solutions based in Pretoria, focused on python and related responsibilities.","SME","Python, ML, LLMs, RAG, Data Governance"
"1002","Data Scientist","MSP Staffing Pty Ltd","Banking, Finance, Insurance","Gauteng","Johannesburg","Full-Time","4.0","Bachelor's","Data Science","No","Permanent","Data Scientist role at MSP Staffing Pty Ltd based in Johannesburg, focused on analytics and related responsibilities.","SME","Analytics, Financial Modelling"
"1003","Data Scientist","MSP Staffing Pty Ltd","Banking, Finance, Insurance","Gauteng","Johannesburg","Full-Time","4.0","Bachelor's","Data Science","No","Permanent","Data Scientist role at MSP Staffing Pty Ltd based in Johannesburg, focused on analytics and related responsibilities.","SME","Analytics, Financial Modelling"
"1004","Data Scientist (Software Engineer, Data Science)","Communicate Finance","IT & Telecommunications","Western Cape","Cape Winelands: Stellenbosch","Full-Time","5.0","Bachelor's","Computer Science","No","Permanent","Data Scientist (Software Engineer, Data Science) role at Communicate Finance based in Cape Winelands: Stellenbosch, focused on distributed systems and related responsibilities.","SME","Distributed Systems, Real-time Data, ML"
"1005","Data Scientist","Imizizi","IT & Telecommunications","Gauteng","Menlyn","Contract","4.0","Bachelor's","Data Science","No","Contract","Data Scientist role at Imizizi based in Menlyn, focused on python and related responsibilities.","SME","Python, pandas, scikit-learn, ETL, Kafka, Spark, SQL, Azure"
"1006","TigerGraph Data Scientist","Datonomy Solutions","Banking, Finance, Insurance","Western Cape","Cape Town","Full-Time","6.0","Bachelor's","Data Science","No","Permanent","TigerGraph Data Scientist role at Datonomy Solutions based in Cape Town, focused on tigergraph and related responsibilities.","Large","TigerGraph, Graph ML, Kubernetes, AKS"
"1007","Data Scientist (AI & Machine Learning) - Entry Level","Abalobi Solutions","IT & Telecommunications","Gauteng","Midrand","Full-Time","1.0","Bachelor's","Data Science","Yes","Permanent","Data Scientist (AI & Machine Learning) - Entry Level role at Abalobi Solutions based in Midrand, focused on eda and related responsibilities.","SME","EDA, AI, Data Pipelines, ML"
"1008","1458 Data Scientist","Imizizi","IT & Telecommunications","Gauteng","Menlyn","Contract","4.0","Bachelor's","Computer Science","No","Contract","1458 Data Scientist role at Imizizi based in Menlyn, focused on etl and related responsibilities.","SME","ETL, Feature Stores, Model Training"
"1009","Data Scientist (Entry)","Sabenza IT Recruitment","IT & Telecommunications","Gauteng","Pretoria","Full-Time","1.0","Bachelor's","Data Science","No","Permanent","Data Scientist (Entry) role at Sabenza IT Recruitment based in Pretoria, focused on eda and related responsibilities.","SME","EDA, AI, Data Pipelines"
"1010","Data Scientist","Sabenza IT Recruitment","IT & Telecommunications","Gauteng","Johannesburg","Full-Time","6.0","Bachelor's","Data Science","No","Permanent","Data Scientist role at Sabenza IT Recruitment based in Johannesburg, focused on advanced analytics and related responsibilities.","SME","Advanced Analytics, ML, Solution Design"
"1011","Data Scientist","Sabenza IT Recruitment","Banking, Finance, Insurance","Western Cape","Cape Town","Full-Time","5.0","Bachelor's","Data Science","No","Permanent","Data Scientist role at Sabenza IT Recruitment based in Cape Town, focused on machine learning and related responsibilities.","SME","Machine Learning, Analytics"
"1012","Data Scientist","Network Contracting Solutions","IT & Telecommunications","Gauteng","Johannesburg North","Contract","3.0","Bachelor's","Data Science","No","Contract","Data Scientist role at Network Contracting Solutions based in Johannesburg North, focused on predictive modelling and related responsibilities.","SME","Predictive Modelling, Advanced Analytics"
"1013","Data Scientist (Pipeline)","Capita South Africa","Business Services","Western Cape","Cape Town","Full-Time","3.0","Bachelor's","Statistics","No","Permanent","Data Scientist (Pipeline) role at Capita South Africa based in Cape Town, focused on insight reviews and related responsibilities.","Large","Insight Reviews, Root Cause Analysis, Reporting"
"1014","Data Scientist - Agentic AI & MLOps (Contract)","iSanqa","IT & Telecommunications","Gauteng","Midrand","Contract","5.0","Bachelor's","Data Science","Yes","Contract","Data Scientist - Agentic AI & MLOps (Contract) role at iSanqa based in Midrand, focused on mlops and related responsibilities.","SME","MLOps, ETL, Feature Stores, Orchestration"
"1015","Data Scientist","Nambiti Technologies (Pty) Ltd","IT & Telecommunications","Gauteng","Centurion","Full-Time","4.0","Bachelor's","Data Science","No","Permanent","Data Scientist role at Nambiti Technologies (Pty) Ltd based in Centurion, focused on cloud certification and related responsibilities.","SME","Cloud Certification, ML, AI"
"1016","Data Scientist","Capitec Bank LTD","Banking, Finance, Insurance","Western Cape","Stellenbosch","Full-Time","5.0","Honours","Data Science","No","Permanent","Data Scientist role at Capitec Bank LTD based in Stellenbosch, focused on nlp and related responsibilities.","Large","NLP, Deep Learning, ML Deployment"
"1017","Data Scientist","Capitec Bank LTD","Banking, Finance, Insurance","Gauteng","Sandton","Full-Time","5.0","Honours","Data Science","No","Permanent","Data Scientist role at Capitec Bank LTD based in Sandton, focused on nlp and related responsibilities.","Large","NLP, Deep Learning, ML Deployment"
"1018","Data Scientist","Top Recruitment","Banking, Finance, Insurance","Gauteng","Gauteng","Full-Time","4.0","Bachelor's","Statistics","No","Permanent","Data Scientist role at Top Recruitment based in Gauteng, focused on credit risk modelling and related responsibilities.","SME","Credit Risk Modelling, Statistical Modelling"
"1019","Senior Data Scientist","iLaunch (Pty) Ltd","Banking, Finance, Insurance","Gauteng","Johannesburg","Full-Time","5.0","Master's","Data Science","No","Permanent","Senior Data Scientist role at iLaunch (Pty) Ltd based in Johannesburg, focused on python and related responsibilities.","SME","Python, Pandas, NumPy, TensorFlow, PyTorch, Graph Modelling"
"1020","Data Scientist","Communicate IT","IT & Telecommunications","Western Cape","Cape Town: Northern Suburbs","Full-Time","4.0","Bachelor's","Data Science","No","Permanent","Data Scientist role at Communicate IT based in Cape Town: Northern Suburbs, focused on applied machine learning and related responsibilities.","SME","Applied Machine Learning"
"1021","Data Scientist","Excellent Staffing","Banking, Finance, Insurance","Western Cape","CPT - Northern Suburbs","Full-Time","4.0","Bachelor's","Data Science","No","Permanent","Data Scientist role at Excellent Staffing based in CPT - Northern Suburbs, focused on python and related responsibilities.","SME","Python, NumPy, Pandas, scikit-learn, PostgreSQL, SQL"
"1022","Data Engineer / Data Scientist (Enterprise Data Modelling)","JMR Software (Pty) Ltd","IT & Telecommunications","Gauteng","Johannesburg","Full-Time","5.0","Bachelor's","Data Science","No","Permanent","Data Engineer / Data Scientist (Enterprise Data Modelling) role at JMR Software (Pty) Ltd based in Johannesburg, focused on data modelling and related responsibilities.","SME","Data Modelling, ETL, Cloud Data Platforms"
"1023","Junior Data Scientist","Network IT","Banking, Finance, Insurance","Gauteng","Johannesburg North","Full-Time","1.0","Bachelor's","Statistics","No","Permanent","Junior Data Scientist role at Network IT based in Johannesburg North, focused on structured & unstructured data and related responsibilities.","SME","Structured & Unstructured Data, Financial Analytics"
"1024","Data Scientist","Goldman Tech Resourcing (Pty) Ltd","IT & Telecommunications","Gauteng","Johannesburg","Full-Time","4.0","Bachelor's","Data Science","No","Permanent","Data Scientist role at Goldman Tech Resourcing (Pty) Ltd based in Johannesburg, focused on statistical analysis and related responsibilities.","SME","Statistical Analysis, Predictive Modelling, Coding"
"1025","Data Scientist","SALT","IT & Telecommunications","Western Cape","Cape Town","Full-Time","3.0","Bachelor's","Computer Science","No","Permanent","Data Scientist role at SALT based in Cape Town, focused on ml engineering and related responsibilities.","SME","ML Engineering, AI Tools"
"1026","Data Analyst Wanted","Ad-Hoc","FMCG, Retail, Wholesale","Gauteng","Randburg","Full-Time","3.0","Bachelor's","Not specified","No","Permanent","Data Analyst Wanted role at Ad-Hoc based in Randburg, focused on reporting and related responsibilities.","SME","Reporting, BI, Dashboards"
"1027","Risk & Investigation Data Analyst","Credico Financial Services (Pty) Ltd","Banking, Finance, Insurance","Gauteng","Johannesburg","Full-Time","3.0","Bachelor's","Not specified","No","Permanent","Risk & Investigation Data Analyst role at Credico Financial Services (Pty) Ltd based in Johannesburg, focused on dashboards and related responsibilities.","SME","Dashboards, Compliance Data, Investigations"
"1028","Data Analyst","Network IT","Banking, Finance, Insurance","Western Cape","Cape Winelands: Stellenbosch","Full-Time","4.0","Bachelor's","Not specified","No","Permanent","Data Analyst role at Network IT based in Cape Winelands: Stellenbosch, focused on data cleansing and related responsibilities.","SME","Data Cleansing, Reporting, Databases"
"1029","Data Analyst (Business Intelligence focus)","MSP Staffing Pty Ltd","IT & Telecommunications","Gauteng","Johannesburg","Contract","4.0","Bachelor's","Not specified","No","Contract","Data Analyst (Business Intelligence focus) role at MSP Staffing Pty Ltd based in Johannesburg, focused on bi development and related responsibilities.","SME","BI Development, ETL, Data Warehousing"
"1030","Data Analyst","Nigel Frank International","IT & Telecommunications","Western Cape","Cape Town","Full-Time","3.0","Bachelor's","Not specified","No","Permanent","Data Analyst role at Nigel Frank International based in Cape Town, focused on azure data lake and related responsibilities.","SME","Azure Data Lake, Azure SQL, Azure Data Factory"
"1031","Data Solutions Analyst II_Pipeline","Capitec Bank LTD","Banking, Finance, Insurance","Western Cape","Stellenbosch","Full-Time","4.0","Bachelor's","Not specified","No","Permanent","Data Solutions Analyst II_Pipeline role at Capitec Bank LTD based in Stellenbosch, focused on data warehousing and related responsibilities.","Large","Data Warehousing, Architecture"
"1032","Data Analyst","Network IT","Banking, Finance, Insurance","Western Cape","Cape Winelands: Stellenbosch","Full-Time","4.0","Bachelor's","Data Science","No","Permanent","Data Analyst role at Network IT based in Cape Winelands: Stellenbosch, focused on financial data analysis and related responsibilities.","SME","Financial Data Analysis, SQL"
"1033","Data Analyst","Communicate Finance","Banking, Finance, Insurance","Western Cape","Cape Town: City Bowl","Full-Time","1.0","Bachelor's","Actuarial Science","No","Permanent","Data Analyst role at Communicate Finance based in Cape Town: City Bowl, focused on tableau and related responsibilities.","SME","Tableau, Power BI"
"1034","Data Analyst II_Pipeline","Capitec Bank LTD","Banking, Finance, Insurance","Western Cape","Stellenbosch","Full-Time","3.0","Bachelor's","Not specified","No","Permanent","Data Analyst II_Pipeline role at Capitec Bank LTD based in Stellenbosch, focused on data analysis and related responsibilities.","Large","Data Analysis, Business Strategy"
"1035","Data Analyst","Network IT","Banking, Finance, Insurance","Western Cape","Cape Winelands: Stellenbosch","Full-Time","5.0","Bachelor's","Data Science","No","Permanent","Data Analyst role at Network IT based in Cape Winelands: Stellenbosch, focused on sql and related responsibilities.","SME","SQL, Anomaly Detection"
"1036","Data Analyst","Network IT","SHEQ & Security Work","KwaZulu-Natal","Durban Central","Full-Time","3.0","Bachelor's","Data Science","No","Permanent","Data Analyst role at Network IT based in Durban Central, focused on power bi and related responsibilities.","SME","Power BI, Data Cleaning, Statistical Analysis"
"1037","Data Analyst | Cape Town (Wynberg)","Future Careers","FMCG, Retail, Wholesale","Western Cape","Wynberg","Full-Time","3.0","Bachelor's","IT/Data Analytics","No","Permanent","Data Analyst | Cape Town (Wynberg) role at Future Careers based in Wynberg, focused on crm and related responsibilities.","SME","CRM, Omnichannel Data Integration"
"1038","Fleet and Data analyst","Unique Personnel","Transport, Logistics & Freight","Gauteng","Johannesburg South","Full-Time","3.0","Bachelor's","Not specified","No","Permanent","Fleet and Data analyst role at Unique Personnel based in Johannesburg South, focused on fleet reporting and related responsibilities.","SME","Fleet Reporting"
"1039","Data Analyst","TooMuchWifi","IT & Telecommunications","Western Cape","Cape Town","Full-Time","2.0","Bachelor's","Not specified","No","Permanent","Data Analyst role at TooMuchWifi based in Cape Town, focused on reporting systems and related responsibilities.","SME","Reporting Systems, Dashboards"
"1040","Data Analyst","Karebo Group","Engineering, Technical, Manufacturing","Gauteng","Johannesburg","Full-Time","3.0","Bachelor's","Not specified","No","Permanent","Data Analyst role at Karebo Group based in Johannesburg, focused on sql and related responsibilities.","SME","SQL, MongoDB, Geospatial Data, Cadastral Maps"
"1041","Data Analyst","Super Save t/a Super Save","FMCG, Retail, Wholesale","KwaZulu-Natal","Pietermaritzburg","Full-Time","4.0","Bachelor's","Not specified","No","Permanent","Data Analyst role at Super Save t/a Super Save based in Pietermaritzburg, focused on bi and related responsibilities.","SME","BI, Reporting Platforms"
"1042","Data Analyst (with Geospatial Experience)","Cartrack Pty Ltd","IT & Telecommunications","Western Cape","Cape Town","Full-Time","4.0","Bachelor's","Not specified","No","Permanent","Data Analyst (with Geospatial Experience) role at Cartrack Pty Ltd based in Cape Town, focused on geospatial tools and related responsibilities.","Large","Geospatial Tools, Data Pipelines, Analytics Platforms"
"1043","Data Analyst (Degree)","Network IT","Banking, Finance, Insurance","Western Cape","Cape Winelands: Stellenbosch","Full-Time","4.0","Bachelor's","Data Science","No","Permanent","Data Analyst (Degree) role at Network IT based in Cape Winelands: Stellenbosch, focused on fraud detection models and related responsibilities.","SME","Fraud Detection Models, BI Pipelines"
"1044","Data Analyst","Network IT","Banking, Finance, Insurance","Western Cape","Cape Winelands: Stellenbosch","Full-Time","4.0","Bachelor's","Data Science","No","Permanent","Data Analyst role at Network IT based in Cape Winelands: Stellenbosch, focused on reconciliation and related responsibilities.","SME","Reconciliation, Alerting Tools"
"1045","Experienced data analyst - Bryanston","Catch Recruit","IT & Telecommunications","Gauteng","Sandton","Full-Time","5.0","Bachelor's","Not specified","No","Permanent","Experienced data analyst - Bryanston role at Catch Recruit based in Sandton, focused on sql and related responsibilities.","SME","SQL, ETL, Power BI, Azure Data Fundamentals"
"1046","Data Analyst","Network IT","IT & Telecommunications","KwaZulu-Natal","Durban South","Full-Time","3.0","Bachelor's","Data Science","No","Permanent","Data Analyst role at Network IT based in Durban South, focused on power bi and related responsibilities.","SME","Power BI, Statistical Analysis"
"1047","Collections Data Analyst","Cartrack Pty Ltd","IT & Telecommunications","Gauteng","Rosebank","Full-Time","3.0","Bachelor's","Statistics","No","Permanent","Collections Data Analyst role at Cartrack Pty Ltd based in Rosebank, focused on payment trends analysis and related responsibilities.","Large","Payment Trends Analysis, Reporting"
"1048","Finance data Analyst","Attain People","Banking, Finance, Insurance","Gauteng","Johannesburg","Full-Time","5.0","Bachelor's","Statistics","No","Permanent","Finance data Analyst role at Attain People based in Johannesburg, focused on power bi and related responsibilities.","SME","Power BI, Tableau, QlikSense"
"1049","Data Analyst","Network IT","Banking, Finance, Insurance","Gauteng","Centurion","Full-Time","3.0","Bachelor's","Data Science","No","Permanent","Data Analyst role at Network IT based in Centurion, focused on financial data trends and related responsibilities.","SME","Financial Data Trends, Process Improvement"
"1050","Data Governance Analyst (Banking)","IQbusiness","Banking, Finance, Insurance","Gauteng","Johannesburg","Full-Time","4.0","Bachelor's","Not specified","No","Permanent","Data Governance Analyst (Banking) role at IQbusiness based in Johannesburg, focused on data governance and related responsibilities.","SME","Data Governance, Compliance, Data Quality"
"1051","Intermediate Software Developer","Newsclip Media Monitoring (Pty) Ltd.","Media, Advertising, PR","Gauteng","Roodepoort","Full-Time","3.0","Bachelor's","Computer Science","No","Permanent","Intermediate Software Developer role at Newsclip Media Monitoring (Pty) Ltd. based in Roodepoort, focused on code review and related responsibilities.","SME","Code Review, Software Design"
"1052","SOFTWARE DEVELOPER","Professional Recruitment Partners","IT & Telecommunications","Gauteng","Germiston","Full-Time","3.0","Bachelor's","Not specified","No","Permanent","SOFTWARE DEVELOPER role at Professional Recruitment Partners based in Germiston, focused on sdlc and related responsibilities.","SME","SDLC, Requirements to Deployment"
"1053","Software Developer - Intermediate","Computer Experts Personnel","IT & Telecommunications","Gauteng","Melrose Arch","Full-Time","4.0","Diploma","Not specified","No","Permanent","Software Developer - Intermediate role at Computer Experts Personnel based in Melrose Arch, focused on oop and related responsibilities.","SME","OOP, Software Frameworks"
"1054","Intermediate Software Developer","bbe Recruitment","IT & Telecommunications","Gauteng","Centurion","Full-Time","3.0","Bachelor's","Not specified","No","Permanent","Intermediate Software Developer role at bbe Recruitment based in Centurion, focused on vue.js and related responsibilities.","SME","Vue.js, Laravel, PHP, SQL, Python, HTML"
"1055","Software Developer (Retail Systems) - Durban - Hybrid","Datafin IT Recruitment","FMCG, Retail, Wholesale","KwaZulu-Natal","Durban","Full-Time","3.0","Diploma","Computer Science","Yes","Permanent","Software Developer (Retail Systems) - Durban - Hybrid role at Datafin IT Recruitment based in Durban, focused on .net and related responsibilities.","SME",".NET, C#, Java, Spring Boot, Retail Systems"
"1056","Software Developer II (Camunda)","IQbusiness","IT & Telecommunications","Gauteng","Johannesburg","Full-Time","3.0","Bachelor's","Not specified","No","Permanent","Software Developer II (Camunda) role at IQbusiness based in Johannesburg, focused on camunda and related responsibilities.","SME","Camunda, Workflow Automation"
"1057","Software Developer","Hicell V- Shops Pty Ltd","FMCG, Retail, Wholesale","Gauteng","Centurion","Full-Time","5.0","Bachelor's","Not specified","No","Permanent","Software Developer role at Hicell V- Shops Pty Ltd based in Centurion, focused on business applications development and related responsibilities.","SME","Business Applications Development"
"1058","Software Developer","The Talent Room","IT & Telecommunications","Gauteng","Centurion","Full-Time","3.0","Bachelor's","Not specified","No","Permanent","Software Developer role at The Talent Room based in Centurion, focused on vue.js and related responsibilities.","SME","Vue.js, Laravel, PHP, SQL, Python, CI/CD"
"1059","Software Developer","iOCO","IT & Telecommunications","Gauteng","Pretoria","Full-Time","4.0","Bachelor's","Not specified","No","Permanent","Software Developer role at iOCO based in Pretoria, focused on technical software development and related responsibilities.","Large","Technical Software Development"
"1060","Software Developer","TAC Recruitment","Engineering, Technical, Manufacturing","Not Specified","JHB - Eastern Suburbs","Full-Time","4.0","Bachelor's","Not specified","No","Permanent","Software Developer role at TAC Recruitment based in JHB - Eastern Suburbs, focused on production systems and related responsibilities.","SME","Production Systems, Data Integrity"
"1061","Intermediate Software Developer","IQbusiness","IT & Telecommunications","Western Cape","Cape Town","Full-Time","3.0","Bachelor's","Not specified","No","Permanent","Intermediate Software Developer role at IQbusiness based in Cape Town, focused on software design and related responsibilities.","SME","Software Design, Implementation"
"1062","Snr Software Developer","Tumaini Consulting","FMCG, Retail, Wholesale","KwaZulu-Natal","Durban","Full-Time","6.0","Bachelor's","Computer Science","No","Permanent","Snr Software Developer role at Tumaini Consulting based in Durban, focused on java and related responsibilities.","SME","Java, TypeScript, Cloud Retail Solutions"
"1063","Protocol Software Developer","E and D Recruiters","Engineering, Technical, Manufacturing","Gauteng","Tshwane (Pretoria)","Full-Time","2.0","Bachelor's","Engineering","No","Permanent","Protocol Software Developer role at E and D Recruiters based in Tshwane (Pretoria), focused on layer 2/3 protocol development and related responsibilities.","SME","Layer 2/3 Protocol Development"
"1064","Software Developer","Network IT","IT & Telecommunications","Gauteng","Johannesburg North","Full-Time","4.0","Bachelor's","Not specified","No","Permanent","Software Developer role at Network IT based in Johannesburg North, focused on ecm and related responsibilities.","SME","ECM, Document Management, Workflow"
"1065","Software Developer","NBC Holdings Pty Ltd","Banking, Finance, Insurance","Gauteng","Johannesburg","Full-Time","4.0","Diploma","Computer Science","No","Permanent","Software Developer role at NBC Holdings Pty Ltd based in Johannesburg, focused on c# and related responsibilities.","SME","C#, .NET Framework/Core"
"1066","Software Developer","Network IT","IT & Telecommunications","Gauteng","Johannesburg East","Full-Time","4.0","Bachelor's","Not specified","No","Permanent","Software Developer role at Network IT based in Johannesburg East, focused on full-stack and related responsibilities.","SME","Full-stack, Automation, AI, Document Management"
"1067","Software Developer","wePlace (Pty) Ltd","Banking, Finance, Insurance","Not Specified","JHB - Northern Suburbs","Full-Time","4.0","Bachelor's","Not specified","No","Permanent","Software Developer role at wePlace (Pty) Ltd based in JHB - Northern Suburbs, focused on microservices architecture and related responsibilities.","SME","Microservices Architecture"
"1068","Intermediate Software Developer (Angular / TypeScript)","Datafin IT Recruitment","IT & Telecommunications","Gauteng","Pretoria, South Africa","Full-Time","3.0","Bachelor's","Not specified","No","Permanent","Intermediate Software Developer (Angular / TypeScript) role at Datafin IT Recruitment based in Pretoria, South Africa, focused on angular and related responsibilities.","SME","Angular, TypeScript, Analytics Platforms"
"1069","Software Developer","bbe Recruitment","IT & Telecommunications","Gauteng","Centurion","Full-Time","3.0","Bachelor's","Not specified","No","Permanent","Software Developer role at bbe Recruitment based in Centurion, focused on vue.js and related responsibilities.","SME","Vue.js, Laravel, PHP, SQL, Python"
"1070","Software Developer","Mediro ICT Recruitment","IT & Telecommunications","Gauteng","Johannesburg","Full-Time","3.0","Bachelor's","Not specified","No","Permanent","Software Developer role at Mediro ICT Recruitment based in Johannesburg, focused on general software development and related responsibilities.","SME","General Software Development"
"1071","Software Developer","Reworks Solution LLC","IT & Telecommunications","Remote / Not Specified","Remote","Full-Time","3.0","Bachelor's","Not specified","Yes","Permanent","Software Developer role at Reworks Solution LLC based in Remote, focused on netsuite and related responsibilities.","SME","NetSuite, EDI Integrations"
"1072","Software Developer (Telecommunications Systems)","MSP Staffing Pty Ltd","IT & Telecommunications","Gauteng","Johannesburg","Full-Time","4.0","Bachelor's","Not specified","No","Permanent","Software Developer (Telecommunications Systems) role at MSP Staffing Pty Ltd based in Johannesburg, focused on telecom systems development and related responsibilities.","SME","Telecom Systems Development"
"1073","Software Developer","Network IT","IT & Telecommunications","North West","Klerksdorp","Full-Time","2.0","Bachelor's","Computer Science","No","Permanent","Software Developer role at Network IT based in Klerksdorp, focused on php and related responsibilities.","SME","PHP, Laravel, Back-End, Front-End"
"1074","Intermediate Software Developer","iLaunch (Pty) Ltd","Energy & Clean Tech","Western Cape","Cape Town","Full-Time","3.0","Bachelor's","Not specified","No","Permanent","Intermediate Software Developer role at iLaunch (Pty) Ltd based in Cape Town, focused on tdd and related responsibilities.","SME","TDD, AWS Cloud Architecture"
"1075","Software Developer","Zeal HR","Engineering, Technical, Manufacturing","Gauteng","Pretoria","Full-Time","4.0","Bachelor's","Not specified","Yes","Permanent","Software Developer role at Zeal HR based in Pretoria, focused on software testing and related responsibilities.","SME","Software Testing, Maintenance"
"1076","Data Engineer","Samaha Consulting","IT & Telecommunications","Gauteng","Johannesburg","Full-Time","4.0","Bachelor's","Computer Science","No","Permanent","Data Engineer role at Samaha Consulting based in Johannesburg, focused on data pipelines and related responsibilities.","SME","Data Pipelines, Cloud Data Engineering"
"1077","Data Engineer","QE Services","FMCG, Retail, Wholesale","Western Cape","Bellville","Contract","5.0","Diploma","Not specified","No","Contract","Data Engineer role at QE Services based in Bellville, focused on bigquery and related responsibilities.","SME","BigQuery, Dataflow, Airflow, GCP"
"1078","Data Engineer - Databricks","Psybergate (Pty) Ltd","Banking, Finance, Insurance","Western Cape","CPT - Northern Suburbs","Contract","4.0","Diploma","Computer Science","Yes","Contract","Data Engineer - Databricks role at Psybergate (Pty) Ltd based in CPT - Northern Suburbs, focused on databricks and related responsibilities.","SME","Databricks, Hive/Glue, JDBC, AWS/Azure"
"1079","Data Engineers x 5","cloudandthings.io","IT & Telecommunications","Gauteng","Johannesburg or Cape Town","Full-Time","3.0","Bachelor's","Not specified","No","Permanent","Data Engineers x 5 role at cloudandthings.io based in Johannesburg or Cape Town, focused on aws and related responsibilities.","SME","AWS, Azure, Databricks, Microsoft Fabric"
"1080","Data Engineer - Lead","Paracon - Western Cape","IT & Telecommunications","Gauteng","Johannesburg","Full-Time","6.0","Bachelor's","Not specified","No","Permanent","Data Engineer - Lead role at Paracon - Western Cape based in Johannesburg, focused on azure data factory and related responsibilities.","SME","Azure Data Factory, ETL, Data Warehousing"
"1081","Data Engineer","MECS","Banking, Finance, Insurance","Gauteng","Gauteng - Jhb Northern Suburbs","Contract","3.0","Bachelor's","Not specified","No","Contract","Data Engineer role at MECS based in Gauteng - Jhb Northern Suburbs, focused on sql and related responsibilities.","SME","SQL, Power BI, Data Transformation"
"1082","Data Engineer","AO Connect Solutions","IT & Telecommunications","Gauteng","Gauteng","Full-Time","3.0","Bachelor's","Not specified","No","Permanent","Data Engineer role at AO Connect Solutions based in Gauteng, focused on spark and related responsibilities.","SME","Spark, Hadoop, ETL/ELT, Data Lakes"
"1083","Data Engineer (Lead)","Samaha Consulting","IT & Telecommunications","Gauteng","Johannesburg","Full-Time","6.0","Bachelor's","Computer Science","No","Permanent","Data Engineer (Lead) role at Samaha Consulting based in Johannesburg, focused on apis and related responsibilities.","SME","APIs, Data Exchange, System Integration"
"1084","Data Engineer / SQL Developer (Cape Town)","Sabenza IT Recruitment","IT & Telecommunications","Western Cape","Cape Town","Full-Time","4.0","Bachelor's","Not specified","No","Permanent","Data Engineer / SQL Developer (Cape Town) role at Sabenza IT Recruitment based in Cape Town, focused on sql server and related responsibilities.","SME","SQL Server, Azure, Data Ingestion"
"1085","Data/Software Engineer","E and D Recruiters","Engineering, Technical, Manufacturing","Western Cape","CPT - Northern Suburbs","Full-Time","3.0","Bachelor's","Engineering","No","Permanent","Data/Software Engineer role at E and D Recruiters based in CPT - Northern Suburbs, focused on data cleaning and related responsibilities.","SME","Data Cleaning, ETL, Data Pipelines"
"1086","Data Specialist (Engineer/Scientist)","Network Finance.","Banking, Finance, Insurance","Western Cape","Cape Town: City Bowl","Full-Time","5.0","Bachelor's","Not specified","No","Permanent","Data Specialist (Engineer/Scientist) role at Network Finance. based in Cape Town: City Bowl, focused on data warehousing and related responsibilities.","SME","Data Warehousing, Infrastructure Design"
"1087","Data Engineer (Microsoft Fabric)","Network IT","IT & Telecommunications","Gauteng","Johannesburg North","Full-Time","4.0","Bachelor's","Not specified","No","Permanent","Data Engineer (Microsoft Fabric) role at Network IT based in Johannesburg North, focused on microsoft fabric and related responsibilities.","SME","Microsoft Fabric, Data Warehousing, BI"
"1088","Developer and Data Engineer","Network IT","IT & Telecommunications","Gauteng","Johannesburg North","Full-Time","4.0","Bachelor's","Not specified","No","Permanent","Developer and Data Engineer role at Network IT based in Johannesburg North, focused on power platform and related responsibilities.","SME","Power Platform, Microsoft Fabric"
"1089","ZEN151 - Data Engineer - ETL, SSIS","Data Monkey (PTY) LTD","Banking, Finance, Insurance","Gauteng","Johannesburg","Full-Time","4.0","Bachelor's","Not specified","No","Permanent","ZEN151 - Data Engineer - ETL, SSIS role at Data Monkey (PTY) LTD based in Johannesburg, focused on etl and related responsibilities.","SME","ETL, SSIS, Data Integration"
"1090","Developer and Data Engineer","Network IT","IT & Telecommunications","Gauteng","Johannesburg North","Full-Time","5.0","Bachelor's","Not specified","No","Permanent","Developer and Data Engineer role at Network IT based in Johannesburg North, focused on power platform and related responsibilities.","SME","Power Platform, Microsoft Fabric, Governance"
"1091","Data Engineer","iOCO","Banking, Finance, Insurance","Gauteng","Johannesburg","Full-Time","3.0","Bachelor's","Not specified","No","Permanent","Data Engineer role at iOCO based in Johannesburg, focused on etl/elt and related responsibilities.","Large","ETL/ELT, SQL, Banking Data Pipelines"
"1092","Data Engineer","Parvana","IT & Telecommunications","Western Cape","Cape Town","Full-Time","5.0","Bachelor's","Not specified","No","Permanent","Data Engineer role at Parvana based in Cape Town, focused on relational & analytical data models and related responsibilities.","SME","Relational & Analytical Data Models, ETL"
"1093","Data Engineer","Network IT","Banking, Finance, Insurance","Western Cape","Cape Town: Southern Suburbs","Full-Time","4.0","Bachelor's","Not specified","No","Permanent","Data Engineer role at Network IT based in Cape Town: Southern Suburbs, focused on production-grade data solutions and related responsibilities.","SME","Production-grade Data Solutions"
"1094","Data Engineer","Samaha Consulting","Banking, Finance, Insurance","Gauteng","Johannesburg","Full-Time","4.0","Bachelor's","Not specified","No","Permanent","Data Engineer role at Samaha Consulting based in Johannesburg, focused on python and related responsibilities.","SME","Python, SQL, Azure, Fintech Reconciliation"
"1095","Intermediate Data Engineer","SALT","IT & Telecommunications","Western Cape","Cape Town","Full-Time","4.0","Bachelor's","Not specified","No","Permanent","Intermediate Data Engineer role at SALT based in Cape Town, focused on data infrastructure and related responsibilities.","SME","Data Infrastructure, Pipelines, Warehouses"
"1096","Data Engineer","Network IT","IT & Telecommunications","Western Cape","Cape Town: Northern Suburbs","Full-Time","4.0","Bachelor's","Not specified","Yes","Permanent","Data Engineer role at Network IT based in Cape Town: Northern Suburbs, focused on databricks and related responsibilities.","SME","Databricks, Apache Spark, CI/CD"
"1097","Data Engineer_Data Analytics Platform (Contract)","iSanqa","IT & Telecommunications","Gauteng","Midrand","Contract","5.0","Bachelor's","Not specified","Yes","Contract","Data Engineer_Data Analytics Platform (Contract) role at iSanqa based in Midrand, focused on cloud data solutions and related responsibilities.","SME","Cloud Data Solutions, Self-Service Platforms"
"1098","Data Engineer_Data Analytics Platform (Contract)","iSanqa","IT & Telecommunications","Gauteng","Midrand","Contract","5.0","Bachelor's","Not specified","Yes","Contract","Data Engineer_Data Analytics Platform (Contract) role at iSanqa based in Midrand, focused on cloud data solutions and related responsibilities.","SME","Cloud Data Solutions, Self-Service Platforms"
"1099","Data Engineer","Network IT","IT & Telecommunications","Western Cape","Cape Town: Northern Suburbs","Full-Time","3.0","Bachelor's","Not specified","No","Permanent","Data Engineer role at Network IT based in Cape Town: Northern Suburbs, focused on data pipelines and related responsibilities.","SME","Data Pipelines, Reliability"
"1100","Senior Data Engineer (6-12 Month Contract)","DevologyX","IT & Telecommunications","Remote / Not Specified","Remote","Contract","5.0","Bachelor's","Not specified","Yes","Contract","Senior Data Engineer (6-12 Month Contract) role at DevologyX based in Remote, focused on airflow and related responsibilities.","SME","Airflow, Kafka, Spark, Data Architecture"
"1101","Full Stack Developer_ServiceNow(Contract)","iSanqa","IT & Telecommunications","Gauteng","Midrand","Contract","5.0","Bachelor's","Not specified","No","Contract","Full Stack Developer_ServiceNow(Contract) role at iSanqa based in Midrand, focused on servicenow and related responsibilities.","SME","ServiceNow, Java, JavaScript, JSON"
"1102","Full Stack Developer (Advanced) 0192","Mediro ICT Recruitment","IT & Telecommunications","Gauteng","Pretoria","Full-Time","5.0","Bachelor's","Not specified","No","Permanent","Full Stack Developer (Advanced) 0192 role at Mediro ICT Recruitment based in Pretoria, focused on full-stack development and related responsibilities.","SME","Full-stack Development"
"1103","Full Stack Developer (Advanced) 0627","Mediro ICT Recruitment","IT & Telecommunications","Gauteng","Pretoria","Full-Time","5.0","Bachelor's","Not specified","No","Permanent","Full Stack Developer (Advanced) 0627 role at Mediro ICT Recruitment based in Pretoria, focused on full-stack development and related responsibilities.","SME","Full-stack Development"
"1104","Full Stack Developer - ServiceNow (Contract)","iSanqa","IT & Telecommunications","Gauteng","Midrand","Contract","6.0","Bachelor's","Not specified","No","Contract","Full Stack Developer - ServiceNow (Contract) role at iSanqa based in Midrand, focused on servicenow cad and related responsibilities.","SME","ServiceNow CAD, IT Governance"
"1105","Full Stack Developer","Communicate IT","IT & Telecommunications","Western Cape","Cape Town: Helderberg","Full-Time","4.0","Bachelor's","Not specified","No","Permanent","Full Stack Developer role at Communicate IT based in Cape Town: Helderberg, focused on apis and related responsibilities.","SME","APIs, SQL Databases, Full-stack Architecture"
"1106","Full Stack Developer","Network IT","IT & Telecommunications","Gauteng","Pretoria East","Full-Time","4.0","Bachelor's","Not specified","No","Permanent","Full Stack Developer role at Network IT based in Pretoria East, focused on front-end and back-end systems and related responsibilities.","SME","Front-end and Back-end Systems"
"1107","Full Stack Microsoft Developer Engineer","The Recruitment Pig","IT & Telecommunications","Gauteng","Tshwane (Pretoria)","Full-Time","5.0","Bachelor's","Not specified","No","Permanent","Full Stack Microsoft Developer Engineer role at The Recruitment Pig based in Tshwane (Pretoria), focused on c# and related responsibilities.","SME","C#, Azure Developer, DevOps"
"1108","Full Stack Developer (3D Specialisation)","IQbusiness","IT & Telecommunications","Western Cape","Stellenbosch","Full-Time","5.0","Bachelor's","Not specified","No","Permanent","Full Stack Developer (3D Specialisation) role at IQbusiness based in Stellenbosch, focused on angular 18 and related responsibilities.","SME","Angular 18, 3D Front-end Development"
"1109","Full Stack Developer (Angular & Python)","IQbusiness","IT & Telecommunications","Western Cape","Stellenbosch","Full-Time","4.0","Bachelor's","Not specified","No","Permanent","Full Stack Developer (Angular & Python) role at IQbusiness based in Stellenbosch, focused on angular and related responsibilities.","SME","Angular, Python, Web Applications"
"1110","Full Stack Developer_Digital Checkout Solutions (Contract)","iSanqa","FMCG, Retail, Wholesale","Gauteng","Midrand","Contract","6.0","Bachelor's","Not specified","No","Contract","Full Stack Developer_Digital Checkout Solutions (Contract) role at iSanqa based in Midrand, focused on front-end & back-end architecture and related responsibilities.","SME","Front-end & Back-end Architecture"
"1111","Full Stack Developer","Interdot","IT & Telecommunications","Gauteng","Fourways","Full-Time","3.0","Bachelor's","Not specified","No","Permanent","Full Stack Developer role at Interdot based in Fourways, focused on business problem solving via technology and related responsibilities.","SME","Business Problem Solving via Technology"
"1112","Full Stack Developer","Exceed Human Resource Consultants","IT & Telecommunications","Remote / Not Specified","Remote","Full-Time","6.0","Bachelor's","Not specified","Yes","Permanent","Full Stack Developer role at Exceed Human Resource Consultants based in Remote, focused on agile full-stack development and related responsibilities.","SME","Agile Full-stack Development"
"1113","Full Stack Developer","Tumaini Consulting","IT & Telecommunications","Gauteng","Johannesburg","Contract","4.0","Bachelor's","Not specified","No","Contract","Full Stack Developer role at Tumaini Consulting based in Johannesburg, focused on fast-paced product development and related responsibilities.","SME","Fast-paced Product Development"
"1114","Full Stack C#.NET Developers","Tumaini Consulting","IT & Telecommunications","KwaZulu-Natal","Durban","Full-Time","5.0","Bachelor's","Not specified","No","Permanent","Full Stack C#.NET Developers role at Tumaini Consulting based in Durban, focused on c# and related responsibilities.","SME","C#, ASP.NET"
"1115","Full Stack Developer","Imizizi","IT & Telecommunications","Gauteng","Menlyn","Full-Time","4.0","Bachelor's","Not specified","No","Permanent","Full Stack Developer role at Imizizi based in Menlyn, focused on full-stack development and related responsibilities.","SME","Full-stack Development"
"1116","Full Stack Developer","Communicate IT","IT & Telecommunications","Western Cape","Cape Town: Northern Suburbs","Full-Time","3.0","Bachelor's","Not specified","No","Permanent","Full Stack Developer role at Communicate IT based in Cape Town: Northern Suburbs, focused on .net and related responsibilities.","SME",".NET, React, Vue.js"
"1117","Full Stack Developer","Imizizi","IT & Telecommunications","Gauteng","Menlyn","Full-Time","4.0","Bachelor's","Not specified","No","Permanent","Full Stack Developer role at Imizizi based in Menlyn, focused on servicenow application development and related responsibilities.","SME","ServiceNow Application Development"
"1118","Advanced Full Stack Developer (ServiceNow IRM, GRC & Risk Management)","Abalobi Solutions","IT & Telecommunications","Gauteng","Midrand","Full-Time","6.0","Bachelor's","Not specified","Yes","Permanent","Advanced Full Stack Developer (ServiceNow IRM, GRC & Risk Management) role at Abalobi Solutions based in Midrand, focused on servicenow irm and related responsibilities.","SME","ServiceNow IRM, GRC, IAM"
"1119","Full Stack Developer - Angular & Python (Contract)","iSanqa","IT & Telecommunications","Gauteng","Midrand","Contract","6.0","Bachelor's","Not specified","No","Contract","Full Stack Developer - Angular & Python (Contract) role at iSanqa based in Midrand, focused on angular and related responsibilities.","SME","Angular, Python, AWS Serverless"
"1120","Full Stack Developer (Advanced) 2440","Mediro ICT Recruitment","IT & Telecommunications","Gauteng","Pretoria","Full-Time","5.0","Bachelor's","Not specified","No","Permanent","Full Stack Developer (Advanced) 2440 role at Mediro ICT Recruitment based in Pretoria, focused on full-stack development and related responsibilities.","SME","Full-stack Development"
"1121","Full Stack Developer","Imizizi","IT & Telecommunications","Gauteng","Menlyn","Full-Time","4.0","Bachelor's","Not specified","No","Permanent","Full Stack Developer role at Imizizi based in Menlyn, focused on angular and related responsibilities.","SME","Angular, Java"
"1122","Full Stack Developer_Angular & NodeJS (Contract)","iSanqa","IT & Telecommunications","Gauteng","Midrand","Contract","4.0","Bachelor's","Not specified","No","Contract","Full Stack Developer_Angular & NodeJS (Contract) role at iSanqa based in Midrand, focused on angular and related responsibilities.","SME","Angular, Node.js, TypeScript, Java Spring"
"1123","Full Stack Developer (Contract)","iSanqa","IT & Telecommunications","Gauteng","Midrand","Contract","4.0","Bachelor's","Not specified","No","Contract","Full Stack Developer (Contract) role at iSanqa based in Midrand, focused on front-end & back-end systems and related responsibilities.","SME","Front-end & Back-end Systems"
"1124","Full Stack Developer (Mid-Level | Hybrid/Remote)","Career Lab Pty Ltd","IT & Telecommunications","Western Cape","Cape Town","Full-Time","4.0","Bachelor's","Not specified","Yes","Permanent","Full Stack Developer (Mid-Level | Hybrid/Remote) role at Career Lab Pty Ltd based in Cape Town, focused on mobile & web and related responsibilities.","SME","Mobile & Web, Multi-tenant Platforms"
"1125","Business Analyst","The Foschini Group","FMCG, Retail, Wholesale","Western Cape","Cape Town","Full-Time","3.0","Bachelor's","Business Administration","No","Permanent","Business Analyst role at The Foschini Group based in Cape Town, focused on procurement analytics and related responsibilities.","Large","Procurement Analytics, Reporting"
"1126","Business Analyst","Staff Unlimited","Business Services","Gauteng","Centurion","Full-Time","5.0","Bachelor's","Business Administration","No","Permanent","Business Analyst role at Staff Unlimited based in Centurion, focused on process analysis and related responsibilities.","SME","Process Analysis, SOPs"
"1127","Business Analyst","Salix Recruitment","IT & Telecommunications","Not Specified","JHB - Eastern Suburbs","Full-Time","3.0","Bachelor's","Information Systems","No","Permanent","Business Analyst role at Salix Recruitment based in JHB - Eastern Suburbs, focused on requirements documentation and related responsibilities.","SME","Requirements Documentation, Stakeholder Engagement"
"1128","Business Analyst","Sandi Crowther Recruitment","Agriculture, Forestry, Environmental","KwaZulu-Natal","Richards Bay","Full-Time","4.0","Bachelor's","Business Administration","No","Permanent","Business Analyst role at Sandi Crowther Recruitment based in Richards Bay, focused on erp implementation and related responsibilities.","SME","ERP Implementation, Process Improvement"
"1129","Business Analyst & Product Owner (Investment)","Goldenrule","Banking, Finance, Insurance","Gauteng","Johannesburg","Full-Time","4.0","Bachelor's","Business Administration","No","Permanent","Business Analyst & Product Owner (Investment) role at Goldenrule based in Johannesburg, focused on requirements and related responsibilities.","SME","Requirements, Product Backlog, CFA/CPA"
"1130","D365 Business Central Business Analyst","Nigel Frank International","IT & Telecommunications","Gauteng","Johannesburg","Full-Time","5.0","Bachelor's","Information Systems","No","Permanent","D365 Business Central Business Analyst role at Nigel Frank International based in Johannesburg, focused on dynamics 365 and related responsibilities.","SME","Dynamics 365, ERP Transformation"
"1131","Business Analyst","Colibri Recruitment","IT & Telecommunications","Gauteng","Irene","Full-Time","4.0","Bachelor's","Information Systems","No","Permanent","Business Analyst role at Colibri Recruitment based in Irene, focused on digital transformation and related responsibilities.","SME","Digital Transformation, Process Mapping"
"1132","Business Analyst","RedM Professional Services","Banking, Finance, Insurance","Gauteng","Pretoria","Full-Time","5.0","Bachelor's","Business Administration","No","Permanent","Business Analyst role at RedM Professional Services based in Pretoria, focused on banking and related responsibilities.","SME","Banking, Payment Systems, Settlement"
"1133","Business Analyst","Humankind Group","IT & Telecommunications","Not Specified","JHB - Northern Suburbs","Full-Time","4.0","Bachelor's","Information Systems","No","Permanent","Business Analyst role at Humankind Group based in JHB - Northern Suburbs, focused on brds and related responsibilities.","SME","BRDs, Functional Specs, Process Flows"
"1134","Business Analyst - Managed Print Services","Sabenza IT Recruitment","IT & Telecommunications","Gauteng","Johannesburg","Full-Time","5.0","Bachelor's","Business Administration","No","Permanent","Business Analyst - Managed Print Services role at Sabenza IT Recruitment based in Johannesburg, focused on requirements engineering and related responsibilities.","SME","Requirements Engineering, Print Services"
"1135","Business Analyst","Prudent HR Solutions Pty Ltd","Business Services","Eastern Cape","East London","Full-Time","3.0","Bachelor's","Business Administration","No","Permanent","Business Analyst role at Prudent HR Solutions Pty Ltd based in East London, focused on process mapping and related responsibilities.","SME","Process Mapping, Efficiency"
"1136","Business Analyst","Cartrack Pty Ltd","IT & Telecommunications","Western Cape","Cape Town","Full-Time","6.0","Bachelor's","Not specified","No","Permanent","Business Analyst role at Cartrack Pty Ltd based in Cape Town, focused on supply chain and related responsibilities.","Large","Supply Chain, Operational Reporting"
"1137","Business Analyst","Falcorp Resourcing","Banking, Finance, Insurance","Gauteng","Johannesburg","Full-Time","6.0","Bachelor's","Business Administration","No","Permanent","Business Analyst role at Falcorp Resourcing based in Johannesburg, focused on requirements elicitation and related responsibilities.","SME","Requirements Elicitation, Architecture Alignment"
"1138","Business Analyst (Commodities & Derivatives)","Titanium Talent","Banking, Finance, Insurance","Not Specified","JHB - Northern Suburbs","Full-Time","5.0","Bachelor's","Finance","No","Permanent","Business Analyst (Commodities & Derivatives) role at Titanium Talent based in JHB - Northern Suburbs, focused on investment banking and related responsibilities.","SME","Investment Banking, Financial Markets"
"1139","Business Analyst (Learning Management Systems)","Parvana","Education & Training","Western Cape","Cape Town","Full-Time","2.0","Bachelor's","Not specified","No","Permanent","Business Analyst (Learning Management Systems) role at Parvana based in Cape Town, focused on agile/scrum and related responsibilities.","SME","Agile/Scrum, Jira, Confluence, SDLC"
"1140","Business Analyst (Technology)","Parvana","Banking, Finance, Insurance","Western Cape","Cape Town","Full-Time","5.0","Bachelor's","Not specified","No","Permanent","Business Analyst (Technology) role at Parvana based in Cape Town, focused on sql and related responsibilities.","SME","SQL, Power BI, Data Mapping, JIRA"
"1141","Business Analyst (Property Industry)","Ability Recruitment","Construction, Property","Gauteng","Centurion","Full-Time","4.0","Bachelor's","Business Administration","No","Permanent","Business Analyst (Property Industry) role at Ability Recruitment based in Centurion, focused on sops and related responsibilities.","SME","SOPs, Process Improvement"
"1142","Business Analyst (GLR)","Parvana","IT & Telecommunications","Western Cape","Cape Town","Full-Time","4.0","Bachelor's","Not specified","No","Permanent","Business Analyst (GLR) role at Parvana based in Cape Town, focused on sdlc governance and related responsibilities.","SME","SDLC Governance, Stakeholder Liaison"
"1143","Business Analyst (Commodities & Derivatives) - Test","Titanium Talent","Banking, Finance, Insurance","Not Specified","JHB - Northern Suburbs","Full-Time","5.0","Bachelor's","Finance","No","Permanent","Business Analyst (Commodities & Derivatives) - Test role at Titanium Talent based in JHB - Northern Suburbs, focused on commodities and related responsibilities.","SME","Commodities, Derivatives Testing"
"1144","Supplier Development Business Analyst & Entrepreneur Support","Quest Staffing Solutions","Mining","Gauteng","Sandton","Full-Time","5.0","Bachelor's","Business Administration","No","Permanent","Supplier Development Business Analyst & Entrepreneur Support role at Quest Staffing Solutions based in Sandton, focused on enterprise development and related responsibilities.","SME","Enterprise Development, Supply Chain"
"1145","Business Analyst (Property Industry) - East London","Ability Recruitment","Construction, Property","Gauteng","Centurion","Full-Time","4.0","Bachelor's","Business Administration","No","Permanent","Business Analyst (Property Industry) - East London role at Ability Recruitment based in Centurion, focused on sops and related responsibilities.","SME","SOPs, Process Improvement"
"1146","Business Analyst (PERMANENT)","PM Connection","Transport, Logistics & Freight","Western Cape","Cape Town","Full-Time","4.0","Bachelor's","Business Administration","No","Permanent","Business Analyst (PERMANENT) role at PM Connection based in Cape Town, focused on supply chain & logistics analysis and related responsibilities.","SME","Supply Chain & Logistics Analysis"
"1147","Business Analyst (Product Office)","E-Merge IT Recruitment","Banking, Finance, Insurance","Gauteng","Bryanston","Full-Time","4.0","Bachelor's","Finance","No","Permanent","Business Analyst (Product Office) role at E-Merge IT Recruitment based in Bryanston, focused on investment & technology solutions and related responsibilities.","SME","Investment & Technology Solutions"
"1148","Business Manager/Business Analyst (with PA Duties)","The Individual Touch","Business Services","Gauteng","Ekurhuleni (East Rand)","Full-Time","4.0","Bachelor's","Business Administration","No","Permanent","Business Manager/Business Analyst (with PA Duties) role at The Individual Touch based in Ekurhuleni (East Rand), focused on executive support and related responsibilities.","SME","Executive Support, Business Analysis"
"1149","Business Analyst","Attain People","Banking, Finance, Insurance","Western Cape","Stellenbosch","Full-Time","5.0","Bachelor's","Business Administration","No","Permanent","Business Analyst role at Attain People based in Stellenbosch, focused on payment solutions and related responsibilities.","SME","Payment Solutions, BA Documentation"
"1150","AI Engineer","IQbusiness","IT & Telecommunications","Gauteng","Johannesburg","Full-Time","4.0","Bachelor's","Computer Science","No","Permanent","AI Engineer role at IQbusiness based in Johannesburg, focused on ai and related responsibilities.","SME","AI, Data Pipelines, MLOps, Generative AI"
"1151","AI Engineer (Intermediate Full-Stack)","Carlysle Talent Search - Centurion","IT & Telecommunications","Remote / Not Specified","Work from home","Full-Time","3.0","Bachelor's","Not specified","Yes","Permanent","AI Engineer (Intermediate Full-Stack) role at Carlysle Talent Search - Centurion based in Work from home, focused on python and related responsibilities.","SME","Python, FastAPI, LLMs, RAG"
"1152","AI Engineer (Entry)","Mediro ICT Recruitment","IT & Telecommunications","Gauteng","Pretoria","Full-Time","1.0","Bachelor's","Not specified","No","Permanent","AI Engineer (Entry) role at Mediro ICT Recruitment based in Pretoria, focused on ai use cases and related responsibilities.","SME","AI Use Cases, Business Epics"
"1153","QA & AI Engineer","Zeal HR","IT & Telecommunications","Gauteng","Randburg","Full-Time","3.0","Bachelor's","Not specified","Yes","Permanent","QA & AI Engineer role at Zeal HR based in Randburg, focused on ai agents and related responsibilities.","SME","AI Agents, QA, Automation"
"1154","AI Engineer","Network Contracting Solutions","IT & Telecommunications","Gauteng","Johannesburg North","Contract","3.0","Bachelor's","Not specified","No","Contract","AI Engineer role at Network Contracting Solutions based in Johannesburg North, focused on ml and related responsibilities.","SME","ML, GenAI Models"
"1155","Junior AI Engineer (JB6106)","Kontak Recruitment","IT & Telecommunications","Gauteng","Rosebank, Johannesburg","Full-Time","1.0","Bachelor's","Not specified","No","Permanent","Junior AI Engineer (JB6106) role at Kontak Recruitment based in Rosebank, Johannesburg, focused on no-code/low-code ai and related responsibilities.","SME","No-code/Low-code AI, Prompt Engineering"
"1156","AI Engineer","SALT","IT & Telecommunications","Western Cape","Cape Town","Full-Time","4.0","Bachelor's","Not specified","No","Permanent","AI Engineer role at SALT based in Cape Town, focused on data & ai architectures and related responsibilities.","SME","Data & AI Architectures"
"1157","Software Developer in AI / Machine Learning Engineer","Network IT","Health, Fitness, Medical","Gauteng","Johannesburg East","Full-Time","3.0","Bachelor's","Computer Science","No","Permanent","Software Developer in AI / Machine Learning Engineer role at Network IT based in Johannesburg East, focused on python and related responsibilities.","SME","Python, Multimodal AI, APIs"
"1158","AI Engineer (Expert)","Imizizi","IT & Telecommunications","Gauteng","Menlyn","Full-Time","6.0","Bachelor's","Not specified","No","Permanent","AI Engineer (Expert) role at Imizizi based in Menlyn, focused on enterprise ai agents and related responsibilities.","SME","Enterprise AI Agents, Automation"
"1159","AI Engineer (Expert)","Sabenza IT Recruitment","IT & Telecommunications","Gauteng","Pretoria","Full-Time","6.0","Bachelor's","Computer Science","No","Permanent","AI Engineer (Expert) role at Sabenza IT Recruitment based in Pretoria, focused on amazon bedrock and related responsibilities.","SME","Amazon Bedrock, Docker, Kubernetes, MLOps"
"1160","AI Engineer (Entry)","Imizizi","IT & Telecommunications","Gauteng","Menlyn","Full-Time","1.0","Bachelor's","Not specified","No","Permanent","AI Engineer (Entry) role at Imizizi based in Menlyn, focused on aws sagemaker and related responsibilities.","SME","AWS SageMaker, RAG, Embeddings"
"1161","AI Product Engineer","Salix Recruitment","IT & Telecommunications","Gauteng","Midrand","Full-Time","4.0","Bachelor's","Not specified","No","Permanent","AI Product Engineer role at Salix Recruitment based in Midrand, focused on ai product development and related responsibilities.","SME","AI Product Development"
"1162","AI Engineer","Network IT","IT & Telecommunications","Gauteng","Johannesburg East","Full-Time","4.0","Bachelor's","Not specified","No","Permanent","AI Engineer role at Network IT based in Johannesburg East, focused on voice bots and related responsibilities.","SME","Voice Bots, NLP/NLU, GenAI"
"1163","AI Engineer (Expert)","Abalobi Solutions","IT & Telecommunications","Gauteng","Pretoria","Full-Time","6.0","Bachelor's","Not specified","No","Permanent","AI Engineer (Expert) role at Abalobi Solutions based in Pretoria, focused on conversational ai and related responsibilities.","SME","Conversational AI, Agentic Workflows"
"1164","AI Engineer (Contract)","iSanqa","IT & Telecommunications","Gauteng","Midrand","Contract","6.0","Bachelor's","Computer Science","Yes","Contract","AI Engineer (Contract) role at iSanqa based in Midrand, focused on amazon bedrock agentcore and related responsibilities.","SME","Amazon Bedrock AgentCore, Docker, Kubernetes"
"1165","AI Engineer","Network Contracting Solutions","IT & Telecommunications","Gauteng","Johannesburg North","Full-Time","3.0","Bachelor's","Not specified","No","Permanent","AI Engineer role at Network Contracting Solutions based in Johannesburg North, focused on generative ai and related responsibilities.","SME","Generative AI, Python, ML Frameworks"
"1166","Azure AI Engineers","QE Services","IT & Telecommunications","Western Cape","Cape Town","Contract","4.0","Bachelor's","Not specified","No","Contract","Azure AI Engineers role at QE Services based in Cape Town, focused on azure ai and related responsibilities.","SME","Azure AI, RAG, LLMs, Copilot"
"1167","AI Engineer","Careers Staff Selection cc","IT & Telecommunications","Gauteng","Kempton park","Full-Time","3.0","Bachelor's","Not specified","No","Permanent","AI Engineer role at Careers Staff Selection cc based in Kempton park, focused on python and related responsibilities.","SME","Python, Azure OpenAI, RAG"
"1168","AI Engineer (Expert) 2490","Mediro ICT Recruitment","IT & Telecommunications","Gauteng","Pretoria","Full-Time","6.0","Bachelor's","Not specified","No","Permanent","AI Engineer (Expert) 2490 role at Mediro ICT Recruitment based in Pretoria, focused on ai observability and related responsibilities.","SME","AI Observability, DevOps"
"1169","AI Engineer - Kempton Park","XCaliber Staffing","IT & Telecommunications","Gauteng","Kempton Park","Full-Time","3.0","Bachelor's","Not specified","No","Permanent","AI Engineer - Kempton Park role at XCaliber Staffing based in Kempton Park, focused on llms and related responsibilities.","SME","LLMs, RAG, Chatbots, Azure"
"1170","AI Engineer (SQL Server, Python, RESTful APIs)","Datafin IT Recruitment","FMCG, Retail, Wholesale","Gauteng","Johannesburg","Full-Time","4.0","Bachelor's","Not specified","Yes","Permanent","AI Engineer (SQL Server, Python, RESTful APIs) role at Datafin IT Recruitment based in Johannesburg, focused on ai workflows and related responsibilities.","SME","AI Workflows, eCommerce"
"1171","AI Engineer (Expert) 1583","Mediro ICT Recruitment","IT & Telecommunications","Gauteng","Pretoria","Full-Time","6.0","Bachelor's","Not specified","No","Permanent","AI Engineer (Expert) 1583 role at Mediro ICT Recruitment based in Pretoria, focused on ai observability platform and related responsibilities.","SME","AI Observability Platform, DevOps"
"1172","AI/ML Engineer (Pretoria East)","Belay Talent Solutions (Pty) Ltd","IT & Telecommunications","Gauteng","Menlyn Maine","Full-Time","4.0","Bachelor's","Computer Science","No","Permanent","AI/ML Engineer (Pretoria East) role at Belay Talent Solutions (Pty) Ltd based in Menlyn Maine, focused on mlops and related responsibilities.","SME","MLOps, RAG, Vector Databases"
"1173","Senior C# JavaScript AI Backend Engineer","E-Merge IT Recruitment","IT & Telecommunications","Gauteng","Johannesburg","Full-Time","5.0","Bachelor's","Computer Science","Yes","Permanent","Senior C# JavaScript AI Backend Engineer role at E-Merge IT Recruitment based in Johannesburg, focused on llms and related responsibilities.","SME","LLMs, RAG, AI Agents, Evaluation Frameworks"
"1174","Full Stack AI Engineer","Network Contracting Solutions","IT & Telecommunications","Western Cape","Cape Winelands: Boland","Full-Time","4.0","Bachelor's","Not specified","No","Permanent","Full Stack AI Engineer role at Network Contracting Solutions based in Cape Winelands: Boland, focused on azure openai and related responsibilities.","SME","Azure OpenAI, LLMs, Telecom Systems"
"1175","DevOps Engineer","Sabenza IT Recruitment","IT & Telecommunications","Gauteng","Johannesburg","Full-Time","4.0","Bachelor's","Computer Science","No","Permanent","DevOps Engineer role at Sabenza IT Recruitment based in Johannesburg, focused on ci/cd and related responsibilities.","SME","CI/CD, Release Automation, Cloud Infrastructure"
"1176","DevOps Engineer, Somerset West","ScoutIT","Health, Fitness, Medical","Not Specified","Hybrid","Full-Time","5.0","Bachelor's","Not specified","Yes","Permanent","DevOps Engineer, Somerset West role at ScoutIT based in Hybrid, focused on gcp and related responsibilities.","SME","GCP, Cloud Platform, Healthcare AI Infrastructure"
"1177","DevOps Engineer","Datacentrix","IT & Telecommunications","Not Specified","JHB - Northern Suburbs","Full-Time","8.0","Bachelor's","Information Systems","No","Permanent","DevOps Engineer role at Datacentrix based in JHB - Northern Suburbs, focused on cloud certifications and related responsibilities.","Large","Cloud Certifications, DevOps Strategy, Mentoring"
"1178","Platform and DevOps Engineer - Hybrid","Square 1 Recruitment","IT & Telecommunications","Gauteng","Johannesburg","Full-Time","3.0","Bachelor's","Not specified","Yes","Permanent","Platform and DevOps Engineer - Hybrid role at Square 1 Recruitment based in Johannesburg, focused on django and related responsibilities.","SME","Django, React, AI Native, Platform Stability"
"1179","DevOps Engineer","Network IT","IT & Telecommunications","Gauteng","Johannesburg North","Full-Time","4.0","Bachelor's","Not specified","No","Permanent","DevOps Engineer role at Network IT based in Johannesburg North, focused on github actions and related responsibilities.","SME","GitHub Actions, GitLab CI, ArgoCD, Cloud"
"1180","DevOps Engineer, Remote","ScoutIT","Health, Fitness, Medical","Remote / Not Specified","Remote","Full-Time","5.0","Bachelor's","Not specified","Yes","Permanent","DevOps Engineer, Remote role at ScoutIT based in Remote, focused on gcp and related responsibilities.","SME","GCP, Healthcare AI Platform"
"1181","DevOps Engineer (Senior)","Parvana","IT & Telecommunications","Gauteng","Johannesburg","Full-Time","6.0","Bachelor's","Not specified","No","Permanent","DevOps Engineer (Senior) role at Parvana based in Johannesburg, focused on gcp and related responsibilities.","SME","GCP, Git, Python, PostgreSQL, Redis"
"1182","DevOps Engineer (SQL, Reporting & Application Platforms)","Datafin IT Recruitment","Health, Fitness, Medical","Gauteng","Orchards","Full-Time","4.0","Bachelor's","Not specified","No","Permanent","DevOps Engineer (SQL, Reporting & Application Platforms) role at Datafin IT Recruitment based in Orchards, focused on sql server and related responsibilities.","SME","SQL Server, SSRS, C#/.NET, Azure DevOps Pipelines"
"1183","DevOps Engineer, Stellenbosch","ScoutIT","Health, Fitness, Medical","Not Specified","Hybrid","Full-Time","5.0","Bachelor's","Not specified","Yes","Permanent","DevOps Engineer, Stellenbosch role at ScoutIT based in Hybrid, focused on gcp and related responsibilities.","SME","GCP, Cloud Platform, AI Infrastructure"
"1184","Intermediate C# DevOps Engineer, Gauteng","ScoutIT","Transport, Logistics & Freight","Not Specified","Hybrid","Full-Time","3.0","Bachelor's","Not specified","Yes","Permanent, Fixed Term","Intermediate C# DevOps Engineer, Gauteng role at ScoutIT based in Hybrid, focused on c# and related responsibilities.","SME","C#, .NET Core, Azure, Kubernetes, Helm"
"1185","Dev Ops Engineer","Fusion Global","IT & Telecommunications","KwaZulu-Natal","Umhlanga Ridge","Full-Time","4.0","Bachelor's","Not specified","No","Permanent","Dev Ops Engineer role at Fusion Global based in Umhlanga Ridge, focused on cloud & on-prem infrastructure automation and related responsibilities.","SME","Cloud & On-Prem Infrastructure Automation"
"1186","Devops Engineer","Network IT","IT & Telecommunications","Gauteng","Johannesburg North","Full-Time","3.0","Bachelor's","Not specified","No","Permanent","Devops Engineer role at Network IT based in Johannesburg North, focused on scalable and related responsibilities.","SME","Scalable, Automated Solutions"
"1187","Senior DevOps Engineer, Western Cape","ScoutIT","Health, Fitness, Medical","Western Cape","Stellenbosch","Full-Time","6.0","Bachelor's","Not specified","Yes","Permanent","Senior DevOps Engineer, Western Cape role at ScoutIT based in Stellenbosch, focused on gcp and related responsibilities.","SME","GCP, GKE, Kubernetes, IAM, IaC"
"1188","DevOps Engineer","Network IT","IT & Telecommunications","Gauteng","Johannesburg North","Full-Time","4.0","Bachelor's","Not specified","No","Permanent","DevOps Engineer role at Network IT based in Johannesburg North, focused on kubernetes and related responsibilities.","SME","Kubernetes, Rancher, Azure DevOps, Linux"
"1189","DevOps Engineer - George, Western Cape","Rensearch Placements cc","IT & Telecommunications","Western Cape","George","Full-Time","5.0","Bachelor's","Not specified","No","Permanent","DevOps Engineer - George, Western Cape role at Rensearch Placements cc based in George, focused on github actions and related responsibilities.","SME","GitHub Actions, Azure DevOps Migration"
"1190","Senior DevOps Engineer (Java, Linux)","E-Merge IT Recruitment","IT & Telecommunications","Remote / Not Specified","Remote","Full-Time","5.0","Bachelor's","Not specified","Yes","Permanent","Senior DevOps Engineer (Java, Linux) role at E-Merge IT Recruitment based in Remote, focused on java and related responsibilities.","SME","Java, Linux, DevOps"
"1191","Application Support DevOps Engineer","CWare (PTY) Ltd","Banking, Finance, Insurance","Gauteng","City of Johannesburg Metropolitan Municipality","Full-Time","4.0","Bachelor's","Not specified","No","Permanent","Application Support DevOps Engineer role at CWare (PTY) Ltd based in City of Johannesburg Metropolitan Municipality, focused on application support and related responsibilities.","SME","Application Support, Banking Systems"
"1192","DevOps Engineer / IT Infrastructure","Quest Recruitment Solutions","IT & Telecommunications","Gauteng","Randburg","Full-Time","5.0","Bachelor's","Not specified","Yes","Permanent","DevOps Engineer / IT Infrastructure role at Quest Recruitment Solutions based in Randburg, focused on aws and related responsibilities.","SME","AWS, Azure, CKA Certifications"
"1193","DevOps Engineer (Mid - Senior)","Datafin IT Recruitment","IT & Telecommunications","Gauteng","Zaltbommel","Full-Time","4.0","Bachelor's","Not specified","No","Permanent","DevOps Engineer (Mid - Senior) role at Datafin IT Recruitment based in Zaltbommel, focused on ci/cd and related responsibilities.","SME","CI/CD, Infrastructure-as-Code, Cloud-native"
"1194","Pillango DevOps Engineer (Intermediate)","Pillang? Placements","IT & Telecommunications","Not Specified","JHB - North","Full-Time","3.0","Bachelor's","Not specified","No","Permanent","Pillango DevOps Engineer (Intermediate) role at Pillang? Placements based in JHB - North, focused on azure devops and related responsibilities.","SME","Azure DevOps, Systems Integration"
"1195","Senior DevOps Engineer (Azure, Cloud & CI/CD)","The Dynamix Team (Pty) Ltd","IT & Telecommunications","Gauteng","Sandton","Full-Time","7.0","Bachelor's","Not specified","No","Permanent","Senior DevOps Engineer (Azure, Cloud & CI/CD) role at The Dynamix Team (Pty) Ltd based in Sandton, focused on azure and related responsibilities.","SME","Azure, GitHub Actions, CI/CD Mentoring"
"1196","Azure DevOps Engineer X2 (12 Month Contract)","Swan iT Recruitment Ltd","IT & Telecommunications","Gauteng","Johannesburg or Cape Town","Contract","4.0","Bachelor's","Not specified","No","Contract","Azure DevOps Engineer X2 (12 Month Contract) role at Swan iT Recruitment Ltd based in Johannesburg or Cape Town, focused on azure devops and related responsibilities.","SME","Azure DevOps, CI/CD, Database Administration"
"1197","Senior Cloud DevOps Engineer (JHB/Stellenbosch)","Datafin IT Recruitment","Agriculture, Forestry, Environmental","Western Cape","Stellenbosch","Full-Time","6.0","Bachelor's","Not specified","No","Permanent","Senior Cloud DevOps Engineer (JHB/Stellenbosch) role at Datafin IT Recruitment based in Stellenbosch, focused on cloud infrastructure and related responsibilities.","SME","Cloud Infrastructure, AgriTech SaaS"
"1198","Senior DevOps Engineer, Remote","ScoutIT","Banking, Finance, Insurance","Remote / Not Specified","Remote","Full-Time","8.0","Bachelor's","Not specified","Yes","Permanent","Senior DevOps Engineer, Remote role at ScoutIT based in Remote, focused on fintech infrastructure lifecycle and related responsibilities.","SME","Fintech Infrastructure Lifecycle, Agile"
"1199","IT Security Analyst","Sabenza IT Recruitment","IT & Telecommunications","Western Cape","Cape Town","Full-Time","3.0","Bachelor's","Information Technology","No","Permanent","IT Security Analyst role at Sabenza IT Recruitment based in Cape Town, focused on siem and related responsibilities.","SME","SIEM, EDR, IDS/IPS, Vulnerability Scans"
"1200","SOC Analyst - Parktown, JHB","Rainmaker Acquisiton CC","SHEQ & Security Work","Gauteng","Parktown","Full-Time","5.0","Bachelor's","Not specified","No","Permanent","SOC Analyst - Parktown, JHB role at Rainmaker Acquisiton CC based in Parktown, focused on siem and related responsibilities.","SME","SIEM, Splunk, Sentinel, QRadar, Forensics"
"1201","Penetration Tester","Deka Minas Pty Ltd T/A Deka Minas","IT & Telecommunications","Gauteng","Johannesburg","Full-Time","3.0","Bachelor's","Cyber Security","No","Permanent","Penetration Tester role at Deka Minas Pty Ltd T/A Deka Minas based in Johannesburg, focused on ethical hacking and related responsibilities.","SME","Ethical Hacking, Vulnerability Assessment"
"1202","Security Analyst: Penetration Testing & Red Teaming Specialist","Recruitment Legends","IT & Telecommunications","Gauteng","Johannesburg","Full-Time","4.0","Bachelor's","Cyber Security","No","Permanent","Security Analyst: Penetration Testing & Red Teaming Specialist role at Recruitment Legends based in Johannesburg, focused on red teaming and related responsibilities.","SME","Red Teaming, Offensive Security"
"1203","Penetration Tester (Red Team)","A1L Digital","IT & Telecommunications","Gauteng","Johannesburg - Southern Suburbs","Full-Time","3.0","Bachelor's","Cyber Security","No","Permanent","Penetration Tester (Red Team) role at A1L Digital based in Johannesburg - Southern Suburbs, focused on oscp and related responsibilities.","SME","OSCP, Metasploit, Burp Suite, Nmap, Kali Linux"
"1204","Mid - Senior Penetration Tester - JHB","Datafin IT Recruitment","IT & Telecommunications","Gauteng","Johannesburg","Full-Time","4.0","Bachelor's","Not specified","No","Permanent","Mid - Senior Penetration Tester - JHB role at Datafin IT Recruitment based in Johannesburg, focused on network and related responsibilities.","SME","Network, Mobile, Web Penetration Testing"
"1205","Security Analyst L1/L2 (Microsoft Cloud & Security)","Network IT","IT & Telecommunications","Gauteng","Johannesburg North","Full-Time","3.0","Bachelor's","Not specified","No","Permanent","Security Analyst L1/L2 (Microsoft Cloud & Security) role at Network IT based in Johannesburg North, focused on microsoft sentinel and related responsibilities.","SME","Microsoft Sentinel, Defender XDR, Azure Security"
"1206","Security Platform Engineer","Asie Personnel","IT & Telecommunications","Gauteng","Sunninghill","Full-Time","4.0","Bachelor's","Not specified","No","Permanent","Security Platform Engineer role at Asie Personnel based in Sunninghill, focused on siem and related responsibilities.","SME","SIEM, SOAR, UEBA, EDR, Python"
"1207","Telecoms Security Engineer (L1 - Monitor & Analysis)","Pridin Projects","IT & Telecommunications","KwaZulu-Natal","Durban","Full-Time","2.0","Bachelor's","Cyber Security","No","Permanent","Telecoms Security Engineer (L1 - Monitor & Analysis) role at Pridin Projects based in Durban, focused on firewalls and related responsibilities.","SME","Firewalls, NDR, Sandboxes, SIEM"
"1208","Security Engineer","E-Merge IT Recruitment","IT & Telecommunications","Gauteng","Woodmead","Full-Time","4.0","Bachelor's","Cyber Security","No","Permanent","Security Engineer role at E-Merge IT Recruitment based in Woodmead, focused on microsoft intune and related responsibilities.","SME","Microsoft Intune, Incident Response"
"1209","Security Engineer","Cartrack Pty Ltd","IT & Telecommunications","Gauteng","Rosebank","Full-Time","4.0","Bachelor's","Not specified","No","Permanent","Security Engineer role at Cartrack Pty Ltd based in Rosebank, focused on siem and related responsibilities.","Large","SIEM, PAM, Firewall, Vulnerability Mitigation"
"1210","Security Engineer","Cartrack Pty Ltd","IT & Telecommunications","Gauteng","Rosebank","Full-Time","4.0","Bachelor's","Not specified","No","Permanent","Security Engineer role at Cartrack Pty Ltd based in Rosebank, focused on siem and related responsibilities.","Large","SIEM, PAM, Firewall, Vulnerability Mitigation"
"1211","Senior Security Engineer","E-Merge IT Recruitment","IT & Telecommunications","Gauteng","Johannesburg","Full-Time","6.0","Bachelor's","Cyber Security","No","Permanent","Senior Security Engineer role at E-Merge IT Recruitment based in Johannesburg, focused on endpoint security and related responsibilities.","SME","Endpoint Security, Incident Response"
"1212","Cyber Security Governance, Risk and Compliance (GRC) Specialist","APMC","IT & Telecommunications","Gauteng","Johannesburg (Hybrid)","Full-Time","5.0","Bachelor's","Cyber Security","Yes","Permanent","Cyber Security Governance, Risk and Compliance (GRC) Specialist role at APMC based in Johannesburg (Hybrid), focused on grc and related responsibilities.","SME","GRC, Compliance Policy, Risk Management"
"1213","Information Security Governance Consultant","In2IT Tech Pty Ltd","IT & Telecommunications","Gauteng","Braamfontein","Contract","3.0","Bachelor's","Cyber Security","No","Contract","Information Security Governance Consultant role at In2IT Tech Pty Ltd based in Braamfontein, focused on security policy standards and related responsibilities.","SME","Security Policy Standards, ISO/IEC 27014"
"1214","IT Security Engineer (Contract)","iSanqa","IT & Telecommunications","Gauteng","Midrand","Contract","5.0","Bachelor's","Cyber Security","No","Contract","IT Security Engineer (Contract) role at iSanqa based in Midrand, focused on entra id and related responsibilities.","SME","Entra ID, Zero Trust, PowerShell, Azure Functions"
"1215","End-Point Security Specialist","Gijima Holdings","IT & Telecommunications","Gauteng","Midrand","Full-Time","5.0","Bachelor's","Not specified","No","Permanent","End-Point Security Specialist role at Gijima Holdings based in Midrand, focused on edr and related responsibilities.","SME","EDR, Endpoint Security Solutions"
"1216","Senior Security Technical Pre Sales Architect","Sabenza IT Recruitment","IT & Telecommunications","Gauteng","Johannesburg","Full-Time","6.0","Bachelor's","Cyber Security","No","Permanent","Senior Security Technical Pre Sales Architect role at Sabenza IT Recruitment based in Johannesburg, focused on security architecture and related responsibilities.","SME","Security Architecture, Pre-sales"
"1217","Network Engineer I","iOCO","IT & Telecommunications","Gauteng","Pretoria","Full-Time","3.0","Bachelor's","Not specified","No","Permanent","Network Engineer I role at iOCO based in Pretoria, focused on lan and related responsibilities.","Large","LAN, WAN, VoIP, Fortinet, SD-WAN"
"1218","Network Engineer (OT Infrastructure)","Colibri Recruitment","Engineering, Technical, Manufacturing","Gauteng","Centurion","Full-Time","3.0","Bachelor's","Not specified","No","Permanent","Network Engineer (OT Infrastructure) role at Colibri Recruitment based in Centurion, focused on tcp/ip and related responsibilities.","SME","TCP/IP, VLANs, Routing, VPNs, DHCP, DNS"
"1219","Network Engineer (T3)","Network IT","IT & Telecommunications","Gauteng","Midrand","Full-Time","3.0","Bachelor's","Not specified","No","Permanent","Network Engineer (T3) role at Network IT based in Midrand, focused on noc and related responsibilities.","SME","NOC, Tier 4 Escalations, Connectivity"
"1220","Network Engineer - LAN","E-Merge IT Recruitment","IT & Telecommunications","Gauteng","Rosebank","Full-Time","7.0","Bachelor's","Not specified","No","Permanent","Network Engineer - LAN role at E-Merge IT Recruitment based in Rosebank, focused on python and related responsibilities.","SME","Python, Ansible, Git, Network Automation"
"1221","Network Engineer","ICTENGAGE PTY LTD","IT & Telecommunications","Western Cape","Claremont","Full-Time","3.0","Diploma","Networking","No","Permanent","Network Engineer role at ICTENGAGE PTY LTD based in Claremont, focused on mpls and related responsibilities.","SME","MPLS, SDWAN, Routers, Switches"
"1222","Network Administrator / Network Engineer","Marang","IT & Telecommunications","Gauteng","Benoni","Full-Time","3.0","Bachelor's","Not specified","No","Permanent","Network Administrator / Network Engineer role at Marang based in Benoni, focused on vpns and related responsibilities.","SME","VPNs, Routers, Network Infrastructure"
"1223","Network Engineer","Network IT","IT & Telecommunications","Western Cape","Cape Town: City Bowl","Full-Time","4.0","Bachelor's","Not specified","No","Permanent","Network Engineer role at Network IT based in Cape Town: City Bowl, focused on mikrotik and related responsibilities.","SME","MikroTik, VLAN, Layer 2/3 VPNs"
"1224","Network Support Engineer Tier 2","Elite Search & Selection","IT & Telecommunications","Gauteng","Johannesburg","Full-Time","3.0","Bachelor's","Not specified","No","Permanent","Network Support Engineer Tier 2 role at Elite Search & Selection based in Johannesburg, focused on network config and related responsibilities.","SME","Network Config, Client Support"
"1225","Network Support Engineer L2 - Cape Town","Flink Recruit Pretoria","Construction, Property","Western Cape","Cape Town","Full-Time","3.0","Bachelor's","Not specified","No","Permanent","Network Support Engineer L2 - Cape Town role at Flink Recruit Pretoria based in Cape Town, focused on networking and related responsibilities.","SME","Networking, Cloud, Voice Infrastructure"
"1226","Core Network Engineer","TooMuchWifi","IT & Telecommunications","Western Cape","Cape Town","Full-Time","4.0","Bachelor's","Not specified","No","Permanent","Core Network Engineer role at TooMuchWifi based in Cape Town, focused on wireless and related responsibilities.","SME","Wireless, Fibre, RF Coverage"
"1227","Network Support Engineer (CTi/CUC)","Computer Experts Personnel","IT & Telecommunications","Gauteng","Bryanston","Full-Time","3.0","Diploma","Not specified","No","Permanent","Network Support Engineer (CTi/CUC) role at Computer Experts Personnel based in Bryanston, focused on lan switching and related responsibilities.","SME","LAN Switching, IP Routing"
"1228","Senior Network Engineer Level 3","Datacentrix","IT & Telecommunications","Not Specified","JHB - Eastern Suburbs","Full-Time","7.0","Bachelor's","Networking","No","Permanent","Senior Network Engineer Level 3 role at Datacentrix based in JHB - Eastern Suburbs, focused on sdn and related responsibilities.","Large","SDN, Cloud Networking, Network Architecture"
"1229","Senior Network Engineer (ISP Core)","Datacentrix","IT & Telecommunications","Western Cape","CPT - Northern Suburbs","Full-Time","5.0","Bachelor's","Not specified","No","Permanent","Senior Network Engineer (ISP Core) role at Datacentrix based in CPT - Northern Suburbs, focused on tcp/ip and related responsibilities.","Large","TCP/IP, BGP, OSPF, Network Administration"
"1230","Junior Network Engineer","Werfnet","IT & Telecommunications","Western Cape","CPT - Northern Suburbs","Full-Time","1.0","Diploma","Not specified","No","Permanent","Junior Network Engineer role at Werfnet based in CPT - Northern Suburbs, focused on lan and related responsibilities.","SME","LAN, WAN, WiFi, VPN Support"
"1231","Senior Network Engineer (CCIE)","Datafin IT Recruitment","IT & Telecommunications","Western Cape","Century City","Full-Time","12.0","Bachelor's","Not specified","No","Permanent","Senior Network Engineer (CCIE) role at Datafin IT Recruitment based in Century City, focused on cisco ccie and related responsibilities.","SME","Cisco CCIE, Routing, Switching, Wireless"
"1232","Network Security Engineer","GAP Consulting","IT & Telecommunications","Western Cape","Western Cape","Full-Time","3.0","Bachelor's","Not specified","No","Permanent","Network Security Engineer role at GAP Consulting based in Western Cape, focused on itsm and related responsibilities.","SME","ITSM, Fortigate Firewalls"
"1233","Network & VoIP Engineer (NOC)","Paradigm Recruitment (PTY) LTD","IT & Telecommunications","Gauteng","Centurion","Full-Time","5.0","Diploma","Networking","No","Permanent","Network & VoIP Engineer (NOC) role at Paradigm Recruitment (PTY) LTD based in Centurion, focused on mikrotik mtcine and related responsibilities.","SME","MikroTik MTCINE, VoIP, Routing"
"1234","Senior Network Engineer","Hunter Gatherer Consulting","IT & Telecommunications","Gauteng","Bryanston","Full-Time","6.0","Bachelor's","Not specified","No","Permanent","Senior Network Engineer role at Hunter Gatherer Consulting based in Bryanston, focused on lan/wan architecture and related responsibilities.","SME","LAN/WAN Architecture, RCA, IPAM"
"1235","Tier 3 Infrastructure Engineer","Centurion Growth Recruitment","IT & Telecommunications","Gauteng","Midrand, Gauteng","Full-Time","5.0","Bachelor's","Not specified","No","Permanent","Tier 3 Infrastructure Engineer role at Centurion Growth Recruitment based in Midrand, Gauteng, focused on networking and related responsibilities.","SME","Networking, Virtualization, Hyper-V, SIEM"
"1236","Senior Network Specialist","TooMuchWifi","IT & Telecommunications","Western Cape","Cape Town","Full-Time","5.0","Bachelor's","Not specified","No","Permanent","Senior Network Specialist role at TooMuchWifi based in Cape Town, focused on wireless and related responsibilities.","SME","Wireless, Fibre, Network Design"
"1237","VMware Cloud Consultant Engineer","Ambit Connect","IT & Telecommunications","Not Specified","South Africa","Full-Time","5.0","Bachelor's","Not specified","No","Permanent","VMware Cloud Consultant Engineer role at Ambit Connect based in South Africa, focused on vmware cloud foundation and related responsibilities.","SME","VMware Cloud Foundation, Disaster Recovery"
"1238","Cloud Engineer / Cloud Architect","Owethu Managed Services","IT & Telecommunications","Gauteng","Johannesburg","Full-Time","4.0","Bachelor's","Not specified","No","Permanent","Cloud Engineer / Cloud Architect role at Owethu Managed Services based in Johannesburg, focused on aws and related responsibilities.","SME","AWS, Azure, GCP, Cloud Security"
"1239","Cloud Engineer","A1L Digital","IT & Telecommunications","Gauteng","Johannesburg - Southern Suburbs","Full-Time","3.0","Bachelor's","Not specified","No","Permanent","Cloud Engineer role at A1L Digital based in Johannesburg - Southern Suburbs, focused on cloud infrastructure and related responsibilities.","SME","Cloud Infrastructure, Security, Monitoring"
"1240","Cloud Engineer (Data Platforms)","Network IT","IT & Telecommunications","Gauteng","Johannesburg North","Full-Time","5.0","Bachelor's","Not specified","No","Permanent","Cloud Engineer (Data Platforms) role at Network IT based in Johannesburg North, focused on terraform and related responsibilities.","SME","Terraform, Databricks, AWS/Azure Data Engineer"
"1241","Cloud Engineer / Cloud Architect (Intermediate - Senior)","Elite Search & Selection","IT & Telecommunications","Remote / Not Specified","Netherlands","Full-Time","5.0","Bachelor's","Not specified","No","Permanent","Cloud Engineer / Cloud Architect (Intermediate - Senior) role at Elite Search & Selection based in Netherlands, focused on aws and related responsibilities.","SME","AWS, Azure, GCP, Microservices, IaC"
"1242","Cloud Data Platform Engineer (BI Focus)","Mediro ICT Recruitment","IT & Telecommunications","Gauteng","Johannesburg","Full-Time","4.0","Bachelor's","Not specified","No","Permanent","Cloud Data Platform Engineer (BI Focus) role at Mediro ICT Recruitment based in Johannesburg, focused on bi and related responsibilities.","SME","BI, Analytics, Cloud Data Assets"
"1243","Cloud Infrastructure Engineer","Parvana","IT & Telecommunications","Gauteng","Johannesburg","Full-Time","5.0","Bachelor's","Not specified","No","Permanent","Cloud Infrastructure Engineer role at Parvana based in Johannesburg, focused on disaster recovery and related responsibilities.","SME","Disaster Recovery, Multi-cloud Networking, WAF"
"1244","Senior Cloud Engineer (Contract)","Network Contracting Solutions","IT & Telecommunications","Gauteng","Johannesburg North","Contract","6.0","Bachelor's","Not specified","No","Contract","Senior Cloud Engineer (Contract) role at Network Contracting Solutions based in Johannesburg North, focused on cloud architecture and related responsibilities.","SME","Cloud Architecture, Migration, Modernization"
"1245","Google Cloud Senior Cloud Engineer","JMR Software (Pty) Ltd","IT & Telecommunications","Gauteng","Johannesburg","Full-Time","6.0","Bachelor's","Not specified","No","Permanent","Google Cloud Senior Cloud Engineer role at JMR Software (Pty) Ltd based in Johannesburg, focused on gcp and related responsibilities.","SME","GCP, Automation, Security Compliance"
"1246","Senior Cloud Support Engineer (Microsoft) - 24x7 MSP","Hi-Tech Recruitment ? IT","IT & Telecommunications","Western Cape","Western Cape","Full-Time","6.0","Bachelor's","Not specified","No","Permanent","Senior Cloud Support Engineer (Microsoft) - 24x7 MSP role at Hi-Tech Recruitment ? IT based in Western Cape, focused on microsoft cloud and related responsibilities.","SME","Microsoft Cloud, Incident Resolution"
"1247","Cloud Operations Engineer - Microsoft Stack - MSP","Hi-Tech Recruitment ? IT","IT & Telecommunications","Western Cape","Western Cape","Full-Time","5.0","Bachelor's","Not specified","No","Permanent","Cloud Operations Engineer - Microsoft Stack - MSP role at Hi-Tech Recruitment ? IT based in Western Cape, focused on microsoft cloud and related responsibilities.","SME","Microsoft Cloud, EUC Platforms"
"1248","Senior Cloud Engineer (MCI Workshops & M365 Projects)","Chosen Online Pty Ltd","IT & Telecommunications","Western Cape","Century City","Full-Time","5.0","Bachelor's","Not specified","No","Permanent","Senior Cloud Engineer (MCI Workshops & M365 Projects) role at Chosen Online Pty Ltd based in Century City, focused on microsoft 365 and related responsibilities.","SME","Microsoft 365, Azure, Mail Migrations"
"1249","Cloud Infrastructure Engineer","Hire Resolve","Business Services","Gauteng","Johannesburg","Full-Time","3.0","Bachelor's","Not specified","No","Permanent","Cloud Infrastructure Engineer role at Hire Resolve based in Johannesburg, focused on azure governance and related responsibilities.","SME","Azure Governance, Terraform, Bicep, ARM"
"1250","Lead Cloud / Platform Engineer","NJ Placement Consulting","IT & Telecommunications","Gauteng","Rosebank","Full-Time","7.0","Bachelor's","Not specified","No","Permanent","Lead Cloud / Platform Engineer role at NJ Placement Consulting based in Rosebank, focused on aws and related responsibilities.","SME","AWS, IaC, Cloud Security Standards"
"1251","Senior Cloud Engineer (Cape Town North)","Concordia Careers Pty Ltd","IT & Telecommunications","Western Cape","Cape Town North","Full-Time","5.0","Bachelor's","Not specified","No","Permanent","Senior Cloud Engineer (Cape Town North) role at Concordia Careers Pty Ltd based in Cape Town North, focused on microsoft cloud migrations and related responsibilities.","SME","Microsoft Cloud Migrations, Azure"
"1252","Cloud DevOps Engineer","Communicate IT","IT & Telecommunications","Western Cape","Cape Town: City Bowl","Full-Time","5.0","Bachelor's","Not specified","No","Permanent","Cloud DevOps Engineer role at Communicate IT based in Cape Town: City Bowl, focused on aws and related responsibilities.","SME","AWS, Cloud Infrastructure, Deployments"
"1253","Senior Cloud DevOps Engineer (AWS)","Communicate IT","Agriculture, Forestry, Environmental","Gauteng","Johannesburg North","Full-Time","6.0","Bachelor's","Not specified","No","Permanent","Senior Cloud DevOps Engineer (AWS) role at Communicate IT based in Johannesburg North, focused on aws and related responsibilities.","SME","AWS, Infrastructure Ownership"
"1254","Senior Cloud DevOps Engineer (AWS) - AgriTech","Hustle Consulting (Pty) Ltd","Agriculture, Forestry, Environmental","Gauteng","Sandton or Stellenbosch","Full-Time","6.0","Bachelor's","Not specified","No","Permanent","Senior Cloud DevOps Engineer (AWS) - AgriTech role at Hustle Consulting (Pty) Ltd based in Sandton or Stellenbosch, focused on aws ecs and related responsibilities.","SME","AWS ECS, EC2, RDS, S3, Lambda, Postgres"
"1255","UX/UI Designer (AI Platform)(Entry) (Contract) - Gauteng/Hybrid","iSanqa","IT & Telecommunications","Gauteng","Midrand","Contract","2.0","Diploma","Interaction Design","Yes","Contract","UX/UI Designer (AI Platform)(Entry) (Contract) - Gauteng/Hybrid role at iSanqa based in Midrand, focused on wireframes and related responsibilities.","SME","Wireframes, Prototyping, Usability Testing"
"1256","UX/UI Designer (Entry)","Imizizi","IT & Telecommunications","Gauteng","Menlyn","Full-Time","2.0","Bachelor's","Not specified","No","Permanent","UX/UI Designer (Entry) role at Imizizi based in Menlyn, focused on ux/ui design and related responsibilities.","SME","UX/UI Design, Data-driven UX Improvements"
"1257","UX/UI Designer","Network Contracting Solutions","Banking, Finance, Insurance","Gauteng","Centurion","Contract","5.0","Bachelor's","Not specified","No","Contract","UX/UI Designer role at Network Contracting Solutions based in Centurion, focused on banking and related responsibilities.","SME","Banking, FinTech, Telecom UX/UI Design"
"1258","UX/UI Designer (Entry Level)","Abalobi Solutions","IT & Telecommunications","Gauteng","Pretoria","Full-Time","2.0","Bachelor's","Not specified","No","Permanent","UX/UI Designer (Entry Level) role at Abalobi Solutions based in Pretoria, focused on ai self-service platform and related responsibilities.","SME","AI Self-Service Platform, UX Best Practices"
"1259","UI/UX Designer","Network IT","IT & Telecommunications","Western Cape","Cape Town: City Bowl","Full-Time","6.0","Bachelor's","Not specified","No","Permanent","UI/UX Designer role at Network IT based in Cape Town: City Bowl, focused on ui/ux design and related responsibilities.","SME","UI/UX Design, Balsamiq, UXPin"
"1260","Senior Product Designer ? UI/UX","Time Personnel","IT & Telecommunications","Western Cape","Foreshore","Full-Time","6.0","Bachelor's","Not specified","No","Permanent","Senior Product Designer ? UI/UX role at Time Personnel based in Foreshore, focused on product design and related responsibilities.","SME","Product Design, UI/UX Strategy"
"1261","UX Designer","wePlace (Pty) Ltd","Banking, Finance, Insurance","Western Cape","Cape Town","Full-Time","3.0","Bachelor's","Not specified","No","Permanent","UX Designer role at wePlace (Pty) Ltd based in Cape Town, focused on ux design and related responsibilities.","SME","UX Design, Usability, Findability"
"1262","UX Designer","Recruitment Legends","Engineering, Technical, Manufacturing","Gauteng","Johannesburg","Full-Time","4.0","Bachelor's","Interaction Design","No","Permanent","UX Designer role at Recruitment Legends based in Johannesburg, focused on wireframes and related responsibilities.","SME","Wireframes, Information Architecture"
"1263","Ux Designer","RecruitPro Solutions","Engineering, Technical, Manufacturing","Gauteng","Johannesburg East","Full-Time","4.0","Bachelor's","Human-Computer Interaction","No","Permanent","Ux Designer role at RecruitPro Solutions based in Johannesburg East, focused on hci and related responsibilities.","SME","HCI, Wireframes, Visual Design Alignment"
"1264","UX Designer","Swan iT Recruitment Ltd","IT & Telecommunications","Western Cape","Cape Town","Full-Time","5.0","Bachelor's","Not specified","No","Permanent","UX Designer role at Swan iT Recruitment Ltd based in Cape Town, focused on end-to-end digital platform design and related responsibilities.","SME","End-to-end Digital Platform Design"
"1265","Senior UX / Product Designer","A1L Digital","IT & Telecommunications","Gauteng","Johannesburg - Southern Suburbs","Contract","6.0","Bachelor's","Interaction Design","No","Contract","Senior UX / Product Designer role at A1L Digital based in Johannesburg - Southern Suburbs, focused on ux standards and related responsibilities.","SME","UX Standards, Design Systems, Client Portals"
"1266","Senior Front-end UI/UX Developer","Datacentrix","IT & Telecommunications","Not Specified","JHB - Eastern Suburbs","Full-Time","5.0","Bachelor's","Not specified","No","Permanent","Senior Front-end UI/UX Developer role at Datacentrix based in JHB - Eastern Suburbs, focused on ui/ux development and related responsibilities.","Large","UI/UX Development, Design Libraries"
"1267","UX Designer (Contract)","IQbusiness","IT & Telecommunications","Western Cape","Stellenbosch","Contract","4.0","Bachelor's","Not specified","No","Contract","UX Designer (Contract) role at IQbusiness based in Stellenbosch, focused on ux consistency and related responsibilities.","SME","UX Consistency, Design Standards"
"1268","QA Engineer","Goldman Tech Resourcing (Pty) Ltd","Banking, Finance, Insurance","Western Cape","Stellenbosch","Full-Time","4.0","Bachelor's","Not specified","No","Permanent","QA Engineer role at Goldman Tech Resourcing (Pty) Ltd based in Stellenbosch, focused on qa automation and related responsibilities.","SME","QA Automation, Payments Technology"
"1269","QA Engineer","Communicate Finance","IT & Telecommunications","Western Cape","Cape Town: Northern Suburbs","Full-Time","4.0","Bachelor's","Not specified","No","Permanent","QA Engineer role at Communicate Finance based in Cape Town: Northern Suburbs, focused on qa automation and related responsibilities.","SME","QA Automation, Test Engineering"
"1270","QA Engineer","Goldman Tech Resourcing (Pty) Ltd","IT & Telecommunications","Western Cape","Western Cape","Full-Time","4.0","Bachelor's","Not specified","No","Permanent","QA Engineer role at Goldman Tech Resourcing (Pty) Ltd based in Western Cape, focused on qa methodology and related responsibilities.","SME","QA Methodology, Test Automation"
"1271","Quality Assurance Engineer (Automation-focused)","Communicate Finance","FMCG, Retail, Wholesale","Western Cape","Cape Town: Northern Suburbs","Full-Time","4.0","Bachelor's","Not specified","No","Permanent","Quality Assurance Engineer (Automation-focused) role at Communicate Finance based in Cape Town: Northern Suburbs, focused on automation frameworks and related responsibilities.","SME","Automation Frameworks, Test Plans"
"1272","QA TDD Engineer - Remote","E-Merge IT Recruitment","IT & Telecommunications","Remote / Not Specified","Remote","Full-Time","5.0","Bachelor's","Not specified","Yes","Permanent","QA TDD Engineer - Remote role at E-Merge IT Recruitment based in Remote, focused on tdd and related responsibilities.","SME","TDD, Test Engineering"
"1273","QA Automation Engineer - Stellenbosch (Hybrid)","Datafin IT Recruitment","IT & Telecommunications","Western Cape","Stellenbosch","Full-Time","3.0","Bachelor's","Not specified","Yes","Permanent","QA Automation Engineer - Stellenbosch (Hybrid) role at Datafin IT Recruitment based in Stellenbosch, focused on qa strategy and related responsibilities.","SME","QA Strategy, CI/CD, Test Automation"
"1274","QA Engineer","Network IT","Banking, Finance, Insurance","Western Cape","Cape Winelands: Stellenbosch","Full-Time","4.0","Bachelor's","Computer Science","No","Permanent","QA Engineer role at Network IT based in Cape Winelands: Stellenbosch, focused on payments qa and related responsibilities.","SME","Payments QA, Test Automation, ISTQB"
"1275","QA Automation Engineer","Africonology Solutions","IT & Telecommunications","Gauteng","Johannesburg","Full-Time","4.0","Bachelor's","Not specified","No","Permanent","QA Automation Engineer role at Africonology Solutions based in Johannesburg, focused on test automation frameworks and related responsibilities.","SME","Test Automation Frameworks, API Testing"
"1276","Senior QA Engineer","Falcorp Resourcing","IT & Telecommunications","Gauteng","Midrand","Full-Time","10.0","Bachelor's","Not specified","No","Permanent","Senior QA Engineer role at Falcorp Resourcing based in Midrand, focused on qa automation strategy and related responsibilities.","SME","QA Automation Strategy, Risk-based Testing"
"1277","QA Automation Engineer (Remote)","Datafin IT Recruitment","Education & Training","Western Cape","Cape Town","Full-Time","2.0","Bachelor's","Computer Science","Yes","Permanent","QA Automation Engineer (Remote) role at Datafin IT Recruitment based in Cape Town, focused on selenium and related responsibilities.","SME","Selenium, Pytest, TestRail, GitHub Actions"
"1278","Senior QA Engineer (Data Products)","A1L Digital","IT & Telecommunications","Gauteng","Johannesburg - Southern Suburbs","Contract","6.0","Bachelor's","Not specified","No","Contract","Senior QA Engineer (Data Products) role at A1L Digital based in Johannesburg - Southern Suburbs, focused on data qa and related responsibilities.","SME","Data QA, Analytics Testing"
"1279","Software Tester","Merchant West","Banking, Finance, Insurance","Gauteng","Johannesburg","Full-Time","3.0","Bachelor's","Not specified","No","Permanent","Software Tester role at Merchant West based in Johannesburg, focused on test planning and related responsibilities.","SME","Test Planning, Defect Tracking"
"1280","Software Quality Engineer - SQL - Remote","E-Merge IT Recruitment","IT & Telecommunications","Remote / Not Specified","Remote","Full-Time","8.0","Bachelor's","Not specified","Yes","Permanent","Software Quality Engineer - SQL - Remote role at E-Merge IT Recruitment based in Remote, focused on sql and related responsibilities.","SME","SQL, Software Quality Testing"
"1281","Software Tester (Investment Systems) - Remote","E-Merge IT Recruitment","Banking, Finance, Insurance","Remote / Not Specified","Remote","Full-Time","5.0","Bachelor's","Not specified","Yes","Permanent","Software Tester (Investment Systems) - Remote role at E-Merge IT Recruitment based in Remote, focused on asset management testing and related responsibilities.","SME","Asset Management Testing, Trading Systems"
"1282","Software Quality Engineer (JIRA & Xray)","Datafin IT Recruitment","IT & Telecommunications","Western Cape","Cape Town","Full-Time","8.0","Bachelor's","Not specified","Yes","Permanent","Software Quality Engineer (JIRA & Xray) role at Datafin IT Recruitment based in Cape Town, focused on regression testing and related responsibilities.","SME","Regression Testing, Manual & Automated Tests"
"1283","Database Administrator","Peoplefinder Career Placements","FMCG, Retail, Wholesale","Western Cape","Somerset West","Full-Time","3.0","Bachelor's","Not specified","No","Permanent","Database Administrator role at Peoplefinder Career Placements based in Somerset West, focused on sql dba and related responsibilities.","SME","SQL DBA, SQL Development"
"1284","Senior Database Administrator","Adapt IT (Pty) Ltd","IT & Telecommunications","Gauteng","Midrand","Full-Time","10.0","Bachelor's","Not specified","No","Permanent","Senior Database Administrator role at Adapt IT (Pty) Ltd based in Midrand, focused on oracle dba and related responsibilities.","SME","Oracle DBA, Data Guard, TDE"
"1285","Senior Database Administrator","Rewardsco Sales","IT & Telecommunications","KwaZulu-Natal","Umhlanga","Full-Time","5.0","Bachelor's","Not specified","No","Permanent","Senior Database Administrator role at Rewardsco Sales based in Umhlanga, focused on sql server and related responsibilities.","SME","SQL Server, MySQL, ETL, Data Movement"
"1286","Database Administrator","Network IT","IT & Telecommunications","Gauteng","Johannesburg East","Full-Time","5.0","Bachelor's","Not specified","No","Permanent","Database Administrator role at Network IT based in Johannesburg East, focused on oracle data guard and related responsibilities.","SME","Oracle Data Guard, GoldenGate, HA Solutions"
"1287","Database Administrator","Network IT","IT & Telecommunications","Gauteng","Johannesburg North","Full-Time","5.0","Bachelor's","Not specified","No","Permanent","Database Administrator role at Network IT based in Johannesburg North, focused on data integrity and related responsibilities.","SME","Data Integrity, Replication, Clustering"
"1288","ETL Developer & Database Administrator","Network IT","IT & Telecommunications","Gauteng","Johannesburg North","Full-Time","5.0","Bachelor's","Not specified","No","Permanent","ETL Developer & Database Administrator role at Network IT based in Johannesburg North, focused on etl and related responsibilities.","SME","ETL, SQL, Business Intelligence"
"1289","Senior ETL Developer & Database Administrator (DBA)","Network IT","IT & Telecommunications","Gauteng","Johannesburg North","Full-Time","6.0","Bachelor's","Not specified","No","Permanent","Senior ETL Developer & Database Administrator (DBA) role at Network IT based in Johannesburg North, focused on etl and related responsibilities.","SME","ETL, Data Governance, Azure Data Engineer"
"1290","SQL Database Administrator","Salix Recruitment","IT & Telecommunications","Not Specified","JHB - Northern Suburbs","Full-Time","5.0","Bachelor's","Not specified","No","Permanent","SQL Database Administrator role at Salix Recruitment based in JHB - Northern Suburbs, focused on azure dba and related responsibilities.","SME","Azure DBA, SQL Server Certifications"
"1291","SQL Database Administrator (DBA)","Network Contracting Solutions","IT & Telecommunications","Gauteng","Johannesburg North","Contract","4.0","Bachelor's","Not specified","No","Contract","SQL Database Administrator (DBA) role at Network Contracting Solutions based in Johannesburg North, focused on sql server and related responsibilities.","SME","SQL Server, Data Security"
"1292","SQL Server Database Administrator","Teqleader Consulting (Pty) Ltd","IT & Telecommunications","Gauteng","City of Johannesburg Metropolitan Municipality","Full-Time","5.0","Bachelor's","Not specified","No","Permanent","SQL Server Database Administrator role at Teqleader Consulting (Pty) Ltd based in City of Johannesburg Metropolitan Municipality, focused on tde and related responsibilities.","SME","TDE, Backup/Restore, Azure DBA"
"1293","Senior ETL Developer and Database Administrator","Network IT","IT & Telecommunications","Gauteng","Johannesburg North","Full-Time","6.0","Bachelor's","Not specified","No","Permanent","Senior ETL Developer and Database Administrator role at Network IT based in Johannesburg North, focused on etl and related responsibilities.","SME","ETL, Data Integration, Performance Tuning"
"1294","Senior ETL Developer & Database Administrator (DBA)","Network IT","IT & Telecommunications","Gauteng","Johannesburg North","Full-Time","6.0","Bachelor's","Not specified","No","Permanent","Senior ETL Developer & Database Administrator (DBA) role at Network IT based in Johannesburg North, focused on data warehousing and related responsibilities.","SME","Data Warehousing, Dimensional Modelling, Git/CI-CD"
"1295","Senior ETL Developer & Database Administrator (DBA)","Network IT","IT & Telecommunications","Gauteng","Johannesburg East","Full-Time","6.0","Bachelor's","Not specified","No","Permanent","Senior ETL Developer & Database Administrator (DBA) role at Network IT based in Johannesburg East, focused on etl pipelines and related responsibilities.","SME","ETL Pipelines, Database Performance"
"1296","SQL Database Administrator (Level 3) (12-Month Contract)","iSanqa","IT & Telecommunications","KwaZulu-Natal","Durban","Contract","6.0","Bachelor's","Not specified","No","Contract","SQL Database Administrator (Level 3) (12-Month Contract) role at iSanqa based in Durban, focused on sql dba and related responsibilities.","SME","SQL DBA, Database Replication, HA Solutions"
"1297","Team Lead: Database Engineer","Cartrack Pty Ltd","IT & Telecommunications","Gauteng","Johannesburg","Full-Time","6.0","Bachelor's","Not specified","No","Permanent","Team Lead: Database Engineer role at Cartrack Pty Ltd based in Johannesburg, focused on query optimization and related responsibilities.","Large","Query Optimization, Data Access Patterns"
"1298","Business Systems Administrator","rage-sa","IT & Telecommunications","Gauteng","Modderfontein","Full-Time","1.0","Bachelor's","Information Systems","No","Permanent","Business Systems Administrator role at rage-sa based in Modderfontein, focused on system support and related responsibilities.","SME","System Support, Business Systems, Reporting"
"1299","IT Systems Administrator (Syspro)","Recru-IT","Engineering, Technical, Manufacturing","Not Specified","JHB - Western Suburbs","Full-Time","4.0","Bachelor's","Not specified","No","Permanent","IT Systems Administrator (Syspro) role at Recru-IT based in JHB - Western Suburbs, focused on erp systems and related responsibilities.","SME","ERP Systems, Syspro, Cybersecurity Compliance"
"1300","Junior Data and Systems Administrator","Network IT","IT & Telecommunications","Gauteng","Johannesburg North","Full-Time","1.0","Bachelor's","Not specified","No","Permanent","Junior Data and Systems Administrator role at Network IT based in Johannesburg North, focused on data validation and related responsibilities.","SME","Data Validation, System Reconciliation"
"1301","Systems & Learning Administrator","The Appointment Firm","IT & Telecommunications","Gauteng","Sandton","Full-Time","3.0","Bachelor's","Not specified","No","Permanent","Systems & Learning Administrator role at The Appointment Firm based in Sandton, focused on systems administration and related responsibilities.","SME","Systems Administration, Learning Platforms"
"1302","Temp Systems Administrator - 6 Months","Career Prospects","IT & Telecommunications","Gauteng","Pretoria","Contract","4.0","Bachelor's","Not specified","No","Contract","Temp Systems Administrator - 6 Months role at Career Prospects based in Pretoria, focused on windows server and related responsibilities.","SME","Windows Server, RHCSA, VCP, Fortinet NSE"
"1303","Temporary Systems Administrator - 6 Months Contract","Prominent Competent Placements","IT & Telecommunications","Gauteng","Pretoria","Contract","4.0","Bachelor's","Not specified","No","Contract","Temporary Systems Administrator - 6 Months Contract role at Prominent Competent Placements based in Pretoria, focused on rhcsa and related responsibilities.","SME","RHCSA, IT Infrastructure Monitoring"
"1304","Temp Systems Administrator - 6 Months","COD Recruitment","IT & Telecommunications","Gauteng","Pretoria","Contract","4.0","Bachelor's","Not specified","No","Contract","Temp Systems Administrator - 6 Months role at COD Recruitment based in Pretoria, focused on security architecture and related responsibilities.","SME","Security Architecture, Azure Administrator"
"1305","Systems Administrator (Recruitment Operations)","Protea Global BPO (Pty) Ltd t/a Shorza","Business Services","Gauteng","Sandton","Full-Time","3.0","Bachelor's","Not specified","No","Permanent","Systems Administrator (Recruitment Operations) role at Protea Global BPO (Pty) Ltd t/a Shorza based in Sandton, focused on it operations and related responsibilities.","SME","IT Operations, Systems Support"
"1306","IT System Administrator","People Dimension","IT & Telecommunications","Gauteng","Pretoria","Full-Time","3.0","Diploma","Not specified","No","Permanent","IT System Administrator role at People Dimension based in Pretoria, focused on lan/wan and related responsibilities.","SME","LAN/WAN, Data Backup/Recovery"
"1307","Temp Systems Administrator","Unique Personnel","IT & Telecommunications","Gauteng","Tshwane (Pretoria)","Contract","4.0","Bachelor's","Not specified","No","Contract","Temp Systems Administrator role at Unique Personnel based in Tshwane (Pretoria), focused on business intelligence systems and related responsibilities.","SME","Business Intelligence Systems, Windows Server"
"1308","Intermediate Systems Administrator","Xpand IT","IT & Telecommunications","Gauteng","Fourways","Full-Time","3.0","Bachelor's","Not specified","No","Permanent","Intermediate Systems Administrator role at Xpand IT based in Fourways, focused on vmware and related responsibilities.","SME","VMware, Hyper-V, Network Protocols"
"1309","IT Systems Administrator (Gansbaai Onsite)","Datafin IT Recruitment","Agriculture, Forestry, Environmental","Western Cape","Gansbaai","Full-Time","5.0","Diploma","Not specified","No","Permanent","IT Systems Administrator (Gansbaai Onsite) role at Datafin IT Recruitment based in Gansbaai, focused on macos and related responsibilities.","SME","MacOS, Windows, Remote Access Solutions"
"1310","Systems Administrator","Communicate IT","IT & Telecommunications","Western Cape","Cape Town: Northern Suburbs","Full-Time","4.0","Bachelor's","Not specified","No","Permanent","Systems Administrator role at Communicate IT based in Cape Town: Northern Suburbs, focused on server administration and related responsibilities.","SME","Server Administration, Disaster Recovery"
"1311","Systems Administrator","Network Contracting Solutions","IT & Telecommunications","Gauteng","Johannesburg North","Contract","4.0","Bachelor's","Not specified","No","Contract","Systems Administrator role at Network Contracting Solutions based in Johannesburg North, focused on cloud environments and related responsibilities.","SME","Cloud Environments, Patch Management"
"1312","Linux System Administrator","E-Merge IT Recruitment","IT & Telecommunications","Gauteng","Roodepoort","Full-Time","3.0","Bachelor's","Not specified","No","Permanent","Linux System Administrator role at E-Merge IT Recruitment based in Roodepoort, focused on linux infrastructure and related responsibilities.","SME","Linux Infrastructure, System Monitoring"
"1313","Engineering Systems Administrator","Afrit Pty Ltd","Engineering, Technical, Manufacturing","Gauteng","Rosslyn","Full-Time","4.0","Bachelor's","Not specified","No","Permanent","Engineering Systems Administrator role at Afrit Pty Ltd based in Rosslyn, focused on creo and related responsibilities.","SME","Creo, Windchill, Engineering Systems"
"1314","ICT Systems Administrator","Smart Network","IT & Telecommunications","Gauteng","Gauteng","Full-Time","6.0","Bachelor's","Not specified","No","Permanent","ICT Systems Administrator role at Smart Network based in Gauteng, focused on microsoft 365 and related responsibilities.","SME","Microsoft 365, Endpoint & Identity Admin"
"1315","IT Systems Administrator","West Coast Personnel","Engineering, Technical, Manufacturing","Western Cape","CPT - Southern Suburbs","Full-Time","4.0","Bachelor's","Not specified","No","Permanent","IT Systems Administrator role at West Coast Personnel based in CPT - Southern Suburbs, focused on it operations and related responsibilities.","SME","IT Operations, Systems Improvement"
"1316","IT Systems Administrator","RecruitPro Solutions","Engineering, Technical, Manufacturing","Western Cape","CPT - Southern Suburbs","Full-Time","4.0","Bachelor's","Not specified","No","Permanent","IT Systems Administrator role at RecruitPro Solutions based in CPT - Southern Suburbs, focused on first it hire and related responsibilities.","SME","First IT Hire, CTO Partnership"
"1317","ISP Senior Network Systems Support Administrator","Unicorn Placements","IT & Telecommunications","Gauteng","Midrand","Full-Time","3.0","Diploma","Not specified","No","Permanent","ISP Senior Network Systems Support Administrator role at Unicorn Placements based in Midrand, focused on cambium and related responsibilities.","SME","Cambium, MikroTik, Ubiquiti Networks"
"1318","IT Project Manager","Bestmed Medical Scheme","Health, Fitness, Medical","Gauteng","Faerie Glen","Full-Time","2.0","Bachelor's","Not specified","No","Permanent","IT Project Manager role at Bestmed Medical Scheme based in Faerie Glen, focused on project planning and related responsibilities.","SME","Project Planning, Resource Management"
"1319","IT Project Manager (Agile/Scrum/Kanban)","BA Personnel","Banking, Finance, Insurance","Gauteng","Gauteng (Waterfall Johannesburg)","Full-Time","5.0","Bachelor's","Not specified","No","Permanent","IT Project Manager (Agile/Scrum/Kanban) role at BA Personnel based in Gauteng (Waterfall Johannesburg), focused on agile and related responsibilities.","SME","Agile, Scrum, Kanban, Software Delivery"
"1320","IT Project Manager","Secondments","IT & Telecommunications","Not Specified","South Africa","Full-Time","2.0","Bachelor's","Not specified","No","Permanent","IT Project Manager role at Secondments based in South Africa, focused on project planning and related responsibilities.","SME","Project Planning, Risk Management"
"1321","IT Project Manager","Serveco Distribution","IT & Telecommunications","KwaZulu-Natal","Westville","Full-Time","4.0","Bachelor's","Not specified","No","Permanent","IT Project Manager role at Serveco Distribution based in Westville, focused on vendor management and related responsibilities.","SME","Vendor Management, Cloud Integrations"
"1322","Intermediate IT Project Manager (Mining Sector)","Sabenza IT Recruitment","Mining","Gauteng","Johannesburg","Full-Time","4.0","Bachelor's","Not specified","No","Permanent","Intermediate IT Project Manager (Mining Sector) role at Sabenza IT Recruitment based in Johannesburg, focused on cyber and related responsibilities.","SME","Cyber, Infrastructure, PMO Toolset"
"1323","IT Project Manager","Talent Match Consulting","Banking, Finance, Insurance","Gauteng","Midrand","Full-Time","3.0","Bachelor's","Not specified","No","Permanent","IT Project Manager role at Talent Match Consulting based in Midrand, focused on agile software projects and related responsibilities.","SME","Agile Software Projects, Stakeholder Management"
"1324","IT Project Manager (East London)","Ability Recruitment","Engineering, Technical, Manufacturing","Eastern Cape","East London","Full-Time","4.0","Bachelor's","Not specified","No","Permanent","IT Project Manager (East London) role at Ability Recruitment based in East London, focused on systems implementation and related responsibilities.","SME","Systems Implementation, Software Deployment"
"1325","IT Project Manager - Centurion","Ability Recruitment","Engineering, Technical, Manufacturing","Gauteng","Centurion","Full-Time","4.0","Bachelor's","Not specified","No","Permanent","IT Project Manager - Centurion role at Ability Recruitment based in Centurion, focused on systems implementation and related responsibilities.","SME","Systems Implementation, Integration Projects"
"1326","Junior IT Project Manager","MDI Consulting","Banking, Finance, Insurance","Remote / Not Specified","Remote","Full-Time","1.0","Bachelor's","Not specified","Yes","Permanent","Junior IT Project Manager role at MDI Consulting based in Remote, focused on digital banking solutions and related responsibilities.","SME","Digital Banking Solutions, Agile Basics"
"1327","Senior IT Project Manager, Stellenbosch","ScoutIT","Banking, Finance, Insurance","Western Cape","Stellenbosch","Full-Time","7.0","Bachelor's","Not specified","Yes","Permanent","Senior IT Project Manager, Stellenbosch role at ScoutIT based in Stellenbosch, focused on safe and related responsibilities.","SME","SAFe, PMI-ACP, Financial Services Delivery"
"1328","IT Project Manager (Senior), Western Cape","ScoutIT","Banking, Finance, Insurance","Western Cape","Somerset West","Full-Time","7.0","Bachelor's","Not specified","Yes","Permanent","IT Project Manager (Senior), Western Cape role at ScoutIT based in Somerset West, focused on pmp/prince2 and related responsibilities.","SME","PMP/PRINCE2, Jira, Azure DevOps"
"1329","IT Delivery Manager/Senior IT Project Manager - Contract","Africonology Solutions","IT & Telecommunications","Gauteng","Johannesburg","Contract","10.0","Bachelor's","Not specified","No","Contract","IT Delivery Manager/Senior IT Project Manager - Contract role at Africonology Solutions based in Johannesburg, focused on delivery leadership and related responsibilities.","SME","Delivery Leadership, Programme Management"
"1330","IT Technical Project Manager","Network IT","IT & Telecommunications","Gauteng","Johannesburg North","Full-Time","8.0","Bachelor's","Not specified","No","Permanent","IT Technical Project Manager role at Network IT based in Johannesburg North, focused on pmp/prince2 and related responsibilities.","SME","PMP/PRINCE2, Agile & Traditional Delivery"
"1331","Senior IT Project Manager, Stellenbosch (2)","ScoutIT","Banking, Finance, Insurance","Western Cape","Stellenbosch","Full-Time","7.0","Bachelor's","Not specified","Yes","Permanent","Senior IT Project Manager, Stellenbosch (2) role at ScoutIT based in Stellenbosch, focused on banking and related responsibilities.","SME","Banking, Fintech Project Delivery"
"1332","ICT Project Manager","Samaha Consulting","IT & Telecommunications","Gauteng","Johannesburg","Full-Time","5.0","Bachelor's","Not specified","No","Permanent","ICT Project Manager role at Samaha Consulting based in Johannesburg, focused on broadband & connectivity programmes and related responsibilities.","SME","Broadband & Connectivity Programmes"
"1333","Project Manager - Software Implementations","Network IT","IT & Telecommunications","Gauteng","Midrand","Full-Time","4.0","Bachelor's","Not specified","No","Permanent","Project Manager - Software Implementations role at Network IT based in Midrand, focused on enterprise software implementation and related responsibilities.","SME","Enterprise Software Implementation"
"1334","Senior ICT Infrastructure Project Manager","Sabenza IT Recruitment","Health, Fitness, Medical","Gauteng","Johannesburg","Full-Time","8.0","Bachelor's","Not specified","No","Permanent","Senior ICT Infrastructure Project Manager role at Sabenza IT Recruitment based in Johannesburg, focused on cloud and related responsibilities.","SME","Cloud, Network Modernisation, Zero Trust"
"1335","Technical Delivery Project Manager: Cloud, Infrastructure and Platform","APMC","IT & Telecommunications","Gauteng","Johannesburg or Cape Town","Full-Time","5.0","Bachelor's","Not specified","No","Permanent","Technical Delivery Project Manager: Cloud, Infrastructure and Platform role at APMC based in Johannesburg or Cape Town, focused on platform engineering and related responsibilities.","SME","Platform Engineering, Cloud Delivery"
"1336","ICT Project Manager (2)","Network IT","IT & Telecommunications","Gauteng","Johannesburg North","Full-Time","6.0","Bachelor's","Not specified","No","Permanent","ICT Project Manager (2) role at Network IT based in Johannesburg North, focused on cross-functional ict delivery and related responsibilities.","SME","Cross-functional ICT Delivery, Governance"
"1337","Senior Project Manager (SAP)","Mediro ICT Recruitment","IT & Telecommunications","Gauteng","Johannesburg","Contract","8.0","Bachelor's","Not specified","No","Contract","Senior Project Manager (SAP) role at Mediro ICT Recruitment based in Johannesburg, focused on sap and related responsibilities.","SME","SAP, Integration Modernisation, E-invoicing"
"1338","IT Support L1 Level 1 Technician","Oasis Intelligent IT Solutions","IT & Telecommunications","Gauteng","Sandton","Full-Time","1.0","Diploma","Not specified","No","Permanent","IT Support L1 Level 1 Technician role at Oasis Intelligent IT Solutions based in Sandton, focused on office 365 support and related responsibilities.","SME","Office 365 Support, Administration"
"1339","IT Support Technician (Field)","Revozo IT","IT & Telecommunications","Gauteng","Edenvale","Full-Time","4.0","Diploma","Not specified","No","Permanent","IT Support Technician (Field) role at Revozo IT based in Edenvale, focused on windows/mac support and related responsibilities.","SME","Windows/Mac Support, LAN/WAN, Helpdesk Tickets"
"1340","IT Support Engineer","Network Alliance (Pty) Ltd","IT & Telecommunications","Gauteng","Gauteng","Full-Time","1.0","Diploma","Not specified","No","Permanent","IT Support Engineer role at Network Alliance (Pty) Ltd based in Gauteng, focused on desktop and related responsibilities.","SME","Desktop, Cloud, Network Infrastructure Support"
"1341","MSP Level 3 IT Support","Exclusively Remote Gibor Group","IT & Telecommunications","Remote / Not Specified","Remote","Full-Time","5.0","Bachelor's","Not specified","Yes","Permanent","MSP Level 3 IT Support role at Exclusively Remote Gibor Group based in Remote, focused on windows server and related responsibilities.","SME","Windows Server, Active Directory, Azure/Entra"
"1342","IT Support Engineer","Protea Global BPO (Pty) Ltd t/a Shorza","IT & Telecommunications","Western Cape","Claremont","Full-Time","2.0","Diploma","Not specified","No","Permanent","IT Support Engineer role at Protea Global BPO (Pty) Ltd t/a Shorza based in Claremont, focused on microsoft 365 and related responsibilities.","SME","Microsoft 365, Azure, Ticketing Systems"
"1343","IT Support Technician (IT Generalist)","APMC","IT & Telecommunications","Gauteng","Johannesburg","Full-Time","6.0","Diploma","Not specified","No","Permanent","IT Support Technician (IT Generalist) role at APMC based in Johannesburg, focused on sysadmin and related responsibilities.","SME","Sysadmin, Infosec, Backup & Disaster Recovery"
"1344","Helpdesk Technician","MDI Consulting","IT & Telecommunications","Remote / Not Specified","Remote","Full-Time","2.0","Diploma","Not specified","Yes","Permanent","Helpdesk Technician role at MDI Consulting based in Remote, focused on 1st/2nd line support and related responsibilities.","SME","1st/2nd Line Support, Ticketing System"
"1345","IT Specialist (End User Support)","Pillango Placements","Business Services","Gauteng","Pretoria: East","Full-Time","2.0","Diploma","Not specified","No","Permanent","IT Specialist (End User Support) role at Pillango Placements based in Pretoria: East, focused on first-line support and related responsibilities.","SME","First-line Support, Legal Industry IT"
"1346","IT Technician","MDI Consulting","IT & Telecommunications","Gauteng","West Rand","Full-Time","3.0","Diploma","Not specified","No","Permanent","IT Technician role at MDI Consulting based in West Rand, focused on microsoft 365 and related responsibilities.","SME","Microsoft 365, IT Security Policies, Acumatica"
"1347","IT Senior Technical Engineer","Dixie Recruitment","IT & Telecommunications","KwaZulu-Natal","Stanger","Full-Time","4.0","Diploma","Not specified","No","Permanent","IT Senior Technical Engineer role at Dixie Recruitment based in Stanger, focused on microsoft 365 admin and related responsibilities.","SME","Microsoft 365 Admin, Firewall, VPN"
"1348","Tier 1 & Tier 2 Remote Helpdesk Engineers","Remotedesk (Pty) Ltd","IT & Telecommunications","Remote / Not Specified","Remote","Full-Time","2.0","Diploma","Not specified","Yes","Permanent","Tier 1 & Tier 2 Remote Helpdesk Engineers role at Remotedesk (Pty) Ltd based in Remote, focused on msp helpdesk and related responsibilities.","SME","MSP Helpdesk, Ticketing, Remote Support"
"1349","PAM 18630 - IT Support Technician - Durbanville","Professional Career Services","IT & Telecommunications","Western Cape","Cape Town","Full-Time","3.0","Diploma","Not specified","No","Permanent","PAM 18630 - IT Support Technician - Durbanville role at Professional Career Services based in Cape Town, focused on office 365 and related responsibilities.","SME","Office 365, Network Infra, VOIP"
"1350","Supervisor: Support Analyst (Second Line)","Recru-IT","IT & Telecommunications","Not Specified","JHB - Northern Suburbs","Full-Time","5.0","Bachelor's","Not specified","No","Permanent","Supervisor: Support Analyst (Second Line) role at Recru-IT based in JHB - Northern Suburbs, focused on team coaching and related responsibilities.","SME","Team Coaching, Escalations, Support Processes"
"1351","ICT Technician","Sizwe Africa IT Group","IT & Telecommunications","Western Cape","Cape Town","Full-Time","2.0","Diploma","Not specified","No","Permanent","ICT Technician role at Sizwe Africa IT Group based in Cape Town, focused on on-site technical support and related responsibilities.","SME","On-site Technical Support, Maintenance"
"1352","ICT Technician","Sizwe Africa IT Group","IT & Telecommunications","Free State","Bloemfontein","Full-Time","2.0","Diploma","Not specified","No","Permanent","ICT Technician role at Sizwe Africa IT Group based in Bloemfontein, focused on on-site technical support and related responsibilities.","SME","On-site Technical Support, Maintenance"
"1353","IT Technician (Re-Advertisement)","North-West University","Education & Training","North West","Potchefstroom","Full-Time","3.0","Diploma","Not specified","No","Permanent","IT Technician (Re-Advertisement) role at North-West University based in Potchefstroom, focused on it infrastructure installation & support and related responsibilities.","SME","IT Infrastructure Installation & Support"
"1354","IT Support Technician","Helderberg Personnel","FMCG, Retail, Wholesale","Western Cape","Kraaifontein","Full-Time","3.0","Diploma","Not specified","No","Permanent","IT Support Technician role at Helderberg Personnel based in Kraaifontein, focused on erp support and related responsibilities.","SME","ERP Support, First-line Technical Support"
"1355","LIMS - 1st Line Support Assistant","Thasa Technologies Pty Ltd","IT & Telecommunications","KwaZulu-Natal","Mount Edgecombe, Durban","Full-Time","2.0","Diploma","Not specified","No","Permanent","LIMS - 1st Line Support Assistant role at Thasa Technologies Pty Ltd based in Mount Edgecombe, Durban, focused on lims support and related responsibilities.","SME","LIMS Support, Ticketing System"
"1356","L3 IT Engineers","Network IT","IT & Telecommunications","Gauteng","Johannesburg North","Full-Time","5.0","Bachelor's","Not specified","No","Permanent","L3 IT Engineers role at Network IT based in Johannesburg North, focused on vmware and related responsibilities.","SME","VMware, Hyper-V, Active Directory, Entra ID"
"1357","L2 IT Engineer","Network IT","IT & Telecommunications","Gauteng","Johannesburg North","Full-Time","4.0","Diploma","Not specified","No","Permanent","L2 IT Engineer role at Network IT based in Johannesburg North, focused on azure and related responsibilities.","SME","Azure, Microsoft 365, Exchange Online"
"1358","IT Support Engineer - Pretoria","Flink Recruit Pretoria","IT & Telecommunications","Gauteng","Pretoria","Full-Time","4.0","Diploma","Not specified","No","Permanent","IT Support Engineer - Pretoria role at Flink Recruit Pretoria based in Pretoria, focused on microsoft 365 and related responsibilities.","SME","Microsoft 365, Windows Server, WHM/cPanel"
"1359","IT Technical Support Agent","Fouche & Co Pty Ltd","IT & Telecommunications","KwaZulu-Natal","Hillcrest","Full-Time","2.0","Diploma","Not specified","No","Permanent","IT Technical Support Agent role at Fouche & Co Pty Ltd based in Hillcrest, focused on microsoft products and related responsibilities.","SME","Microsoft Products, Ticketing, Network Cabling"
"1360","IT Support Specialist","The Legends Agency","IT & Telecommunications","Remote / Not Specified","Remote (South Africa)","Full-Time","3.0","Diploma","Not specified","Yes","Permanent","IT Support Specialist role at The Legends Agency based in Remote (South Africa), focused on google workspace and related responsibilities.","SME","Google Workspace, Microsoft 365, MDM"
"1361","SAP Functional Consultant (MM/SD/LE) (Contract)","iSanqa","IT & Telecommunications","Gauteng","Sandton","Contract","5.0","Bachelor's","Not specified","Yes","Contract","SAP Functional Consultant (MM/SD/LE) (Contract) role at iSanqa based in Sandton, focused on sap mm and related responsibilities.","SME","SAP MM, SD/LE, Warehouse Management"
"1362","SAP S4HANA Functional Consultants x 5","Swan iT Recruitment Ltd","IT & Telecommunications","Remote / Not Specified","Netherlands","Full-Time","6.0","Bachelor's","Not specified","No","Permanent","SAP S4HANA Functional Consultants x 5 role at Swan iT Recruitment Ltd based in Netherlands, focused on sap ewm and related responsibilities.","SME","SAP EWM, PP, FICO, S/4HANA"
"1363","SAP Ariba Functional Lead Consultant","Swan iT Recruitment Ltd","Mining","Gauteng","Centurion","Full-Time","8.0","Bachelor's","Not specified","No","Permanent","SAP Ariba Functional Lead Consultant role at Swan iT Recruitment Ltd based in Centurion, focused on sap ariba and related responsibilities.","SME","SAP Ariba, Procurement, Supply Chain"
"1364","SAP Functional Consultant (Expert)","Imizizi","IT & Telecommunications","Gauteng","Menlyn","Full-Time","6.0","Bachelor's","Not specified","No","Permanent","SAP Functional Consultant (Expert) role at Imizizi based in Menlyn, focused on sap bw/4hana and related responsibilities.","SME","SAP BW/4HANA, Data Modelling, ABAP"
"1365","SAP Supply Chain Functional Consultant","Impact Human Resources (Pty) Ltd","Mining","Gauteng","Centurion","Full-Time","10.0","Bachelor's","Not specified","No","Permanent","SAP Supply Chain Functional Consultant role at Impact Human Resources (Pty) Ltd based in Centurion, focused on sap mm and related responsibilities.","SME","SAP MM, SD, Ariba/Coupa Integration"
"1366","SAP Ariba Functional Lead Consultant","Gijima Holdings","Mining","Gauteng","Centurion","Full-Time","7.0","Bachelor's","Not specified","No","Permanent","SAP Ariba Functional Lead Consultant role at Gijima Holdings based in Centurion, focused on sap ariba and related responsibilities.","SME","SAP Ariba, Functional Leadership"
"1367","SAP Supply Chain Functional Consultant","Gijima Holdings","Mining","Gauteng","Centurion","Full-Time","7.0","Bachelor's","Not specified","No","Permanent","SAP Supply Chain Functional Consultant role at Gijima Holdings based in Centurion, focused on sap mm and related responsibilities.","SME","SAP MM, SD, S/4HANA"
"1368","SAP Functional Consultant (Senior)","Imizizi","IT & Telecommunications","Gauteng","Menlyn","Full-Time","6.0","Bachelor's","Not specified","No","Permanent","SAP Functional Consultant (Senior) role at Imizizi based in Menlyn, focused on sap ewm/wm/mm/sd/pp and related responsibilities.","SME","SAP EWM/WM/MM/SD/PP, iDocs, XML"
"1369","SAP Functional Consultant (Advanced)","Imizizi","IT & Telecommunications","Gauteng","Menlyn","Full-Time","5.0","Bachelor's","Not specified","No","Permanent","SAP Functional Consultant (Advanced) role at Imizizi based in Menlyn, focused on sap sd and related responsibilities.","SME","SAP SD, ABAP Debugging, S/4HANA FS ICM"
"1370","SAP Ariba Functional Lead Consultant","Twiga Consulting","Mining","Gauteng","Pretoria","Contract","7.0","Bachelor's","Not specified","No","Contract","SAP Ariba Functional Lead Consultant role at Twiga Consulting based in Pretoria, focused on sap ariba and related responsibilities.","SME","SAP Ariba, Procurement, Supply Chain"
"1371","SAP Supply Chain Functional Consultant","Twiga Consulting","Mining","Gauteng","Pretoria","Contract","6.0","Bachelor's","Not specified","No","Contract","SAP Supply Chain Functional Consultant role at Twiga Consulting based in Pretoria, focused on sap mm and related responsibilities.","SME","SAP MM, SD, RICEF Development"
"1372","SAP Supply Chain Functional Consultant","Eqplus Technologies (Pty) Ltd","IT & Telecommunications","Gauteng","Centurion","Full-Time","5.0","Bachelor's","Not specified","No","Permanent","SAP Supply Chain Functional Consultant role at Eqplus Technologies (Pty) Ltd based in Centurion, focused on sap ariba/coupa and related responsibilities.","SME","SAP Ariba/Coupa, MM/SD Integration"
"1373","SAP Functional Consultant (Expert): SAP BW/4HANA","Abalobi Solutions","Engineering, Technical, Manufacturing","Gauteng","Midrand","Full-Time","6.0","Bachelor's","Not specified","Yes","Permanent","SAP Functional Consultant (Expert): SAP BW/4HANA role at Abalobi Solutions based in Midrand, focused on sap bw/4hana and related responsibilities.","SME","SAP BW/4HANA, ABAP, Analytics Cloud"
"1374","SAP Functional Consultant (Advanced)","Abalobi Solutions","Engineering, Technical, Manufacturing","Gauteng","Midrand","Full-Time","5.0","Bachelor's","Not specified","Yes","Permanent","SAP Functional Consultant (Advanced) role at Abalobi Solutions based in Midrand, focused on sap fico and related responsibilities.","SME","SAP FICO, CO-PA, Financial Reporting"
"1375","SAP Functional Consultant (Expert)","Abalobi Solutions","Engineering, Technical, Manufacturing","Gauteng","Midrand","Full-Time","6.0","Bachelor's","Not specified","Yes","Permanent","SAP Functional Consultant (Expert) role at Abalobi Solutions based in Midrand, focused on sap bw4/hana and related responsibilities.","SME","SAP BW4/HANA, SAC, Kafka Integration"
"1376","SAP Functional Consultant (Advanced)","Abalobi Solutions","Engineering, Technical, Manufacturing","Gauteng","Midrand","Full-Time","5.0","Bachelor's","Not specified","Yes","Permanent","SAP Functional Consultant (Advanced) role at Abalobi Solutions based in Midrand, focused on sap sd support and related responsibilities.","SME","SAP SD Support, Transport Management"
"1377","SAP Functional Consultant (Senior)","Imizizi","IT & Telecommunications","Gauteng","Menlyn","Full-Time","6.0","Bachelor's","Not specified","No","Permanent","SAP Functional Consultant (Senior) role at Imizizi based in Menlyn, focused on sap sd and related responsibilities.","SME","SAP SD, FI, MM, ABAP Debugging"
"1378","SAP SuccessFactors Functional Consultant (Contract)","iSanqa","IT & Telecommunications","Gauteng","Midrand","Contract","1.0","Bachelor's","Not specified","No","Contract","SAP SuccessFactors Functional Consultant (Contract) role at iSanqa based in Midrand, focused on sap successfactors and related responsibilities.","SME","SAP SuccessFactors, HR Talent Management"
"1379","SAP Functional Consultant_BW/4HANA (Contract)","iSanqa","IT & Telecommunications","Gauteng","Midrand","Contract","5.0","Bachelor's","Not specified","No","Contract","SAP Functional Consultant_BW/4HANA (Contract) role at iSanqa based in Midrand, focused on sap bw/4hana and related responsibilities.","SME","SAP BW/4HANA, ADSOs, ETL, ABAP"
"1380","SAP Tax Functional Consultant - BTP Solutions (Contract)","iSanqa","IT & Telecommunications","Gauteng","Midrand","Contract","8.0","Bachelor's","Not specified","No","Contract","SAP Tax Functional Consultant - BTP Solutions (Contract) role at iSanqa based in Midrand, focused on sap tax/fi/btp and related responsibilities.","SME","SAP Tax/FI/BTP, Reporting & Analytics"
"1381","SAP HCM Functional Consultant (Payroll Config Expert)","iSanqa","IT & Telecommunications","Gauteng","Midrand","Contract","8.0","Bachelor's","Not specified","Yes","Contract","SAP HCM Functional Consultant (Payroll Config Expert) role at iSanqa based in Midrand, focused on sap hcm payroll and related responsibilities.","SME","SAP HCM Payroll, Compensation, Benefits"
"1382","SAP SD Functional Consultant (Senior)","iSanqa","IT & Telecommunications","Gauteng","Midrand","Full-Time","6.0","Bachelor's","Not specified","No","Permanent","SAP SD Functional Consultant (Senior) role at iSanqa based in Midrand, focused on sap sd and related responsibilities.","SME","SAP SD, MDG, VMS, FIORI"
"1383","SAP S/4HANA Functional Consultant (Contract)","iSanqa","Banking, Finance, Insurance","Gauteng","Midrand","Contract","8.0","Bachelor's","Not specified","No","Contract","SAP S/4HANA Functional Consultant (Contract) role at iSanqa based in Midrand, focused on sap s/4hana and related responsibilities.","SME","SAP S/4HANA, Cash Management, Payments"
"1384","Web Developer - Centurion","Recruitment Legends","IT & Telecommunications","Gauteng","Centurion","Full-Time","3.0","Bachelor's","Computer Science","No","Permanent","Web Developer - Centurion role at Recruitment Legends based in Centurion, focused on react.js and related responsibilities.","SME","React.js, Redux, Webpack"
"1385","Web Developer","Webs Technology Solutions - WEBS31","IT & Telecommunications","Not Specified","Hybrid","Full-Time","8.0","Bachelor's","Computer Science","Yes","Permanent","Web Developer role at Webs Technology Solutions - WEBS31 based in Hybrid, focused on .net c# and related responsibilities.","SME",".NET C#, Angular, ASP.NET, OWASP"
"1386","Intermediate: Web Developer (C#)","Talent Match Consulting","Banking, Finance, Insurance","Gauteng","Midrand","Full-Time","3.0","Bachelor's","Not specified","No","Permanent","Intermediate: Web Developer (C#) role at Talent Match Consulting based in Midrand, focused on asp.net and related responsibilities.","SME","ASP.NET, MVC, Web API"
"1387","Full Stack .NET Web Developer (Web Forms React)","Network IT","IT & Telecommunications","Gauteng","Johannesburg North","Full-Time","4.0","Bachelor's","Not specified","No","Permanent","Full Stack .NET Web Developer (Web Forms React) role at Network IT based in Johannesburg North, focused on .net core and related responsibilities.","SME",".NET Core, React, WCF, SQL"
"1388","Senior Front-End Web Developer","Empire HR Solutions","IT & Telecommunications","KwaZulu-Natal","Westville","Full-Time","5.0","Bachelor's","Not specified","No","Permanent","Senior Front-End Web Developer role at Empire HR Solutions based in Westville, focused on web accessibility and related responsibilities.","SME","Web Accessibility, WCAG, SEO"
"1389","Full Stack Web & Mobile Developer","Hi-Tech Recruitment - IT","IT & Telecommunications","Gauteng","Gauteng","Full-Time","3.0","Bachelor's","Not specified","No","Permanent","Full Stack Web & Mobile Developer role at Hi-Tech Recruitment - IT based in Gauteng, focused on html and related responsibilities.","SME","HTML, CSS, JavaScript, PHP, Python"
"1390","CMS Web Developer","EnableSA T/A EnableSA Pty Ltd","IT & Telecommunications","Eastern Cape","Port Elizabeth","Full-Time","3.0","Diploma","Not specified","No","Permanent","CMS Web Developer role at EnableSA T/A EnableSA Pty Ltd based in Port Elizabeth, focused on cms and related responsibilities.","SME","CMS, Website Optimisation"
"1391","Remote Front End Developer","Coalition Technologies","IT & Telecommunications","Remote / Not Specified","Remote","Full-Time","3.0","Bachelor's","Not specified","Yes","Permanent","Remote Front End Developer role at Coalition Technologies based in Remote, focused on photoshop and related responsibilities.","SME","Photoshop, Web Image Optimization"
"1392","Intermediate Website Developer","Vouched","IT & Telecommunications","Western Cape","Stellenbosch","Full-Time","3.0","Diploma","Not specified","No","Permanent","Intermediate Website Developer role at Vouched based in Stellenbosch, focused on crm integrations and related responsibilities.","SME","CRM Integrations, Lead Validation Tools"
"1393","Front-End Developer","Jordan Human Resource","IT & Telecommunications","Gauteng","Tshwane (Pretoria)","Full-Time","5.0","Bachelor's","Not specified","No","Permanent","Front-End Developer role at Jordan Human Resource based in Tshwane (Pretoria), focused on angular and related responsibilities.","SME","Angular, Digital Sales Tech"
"1394","Front End Developer","Psybergate (Pty) Ltd","Banking, Finance, Insurance","Not Specified","JHB - Northern Suburbs","Contract","4.0","Bachelor's","Not specified","No","Contract","Front End Developer role at Psybergate (Pty) Ltd based in JHB - Northern Suburbs, focused on react.js and related responsibilities.","SME","React.js, Mentoring"
"1395",".NET Developer","Syntell (PTY) Ltd.","IT & Telecommunications","Western Cape","Claremont","Full-Time","4.0","Bachelor's","Not specified","No","Permanent",".NET Developer role at Syntell (PTY) Ltd. based in Claremont, focused on cloud-ready platform and related responsibilities.","SME","Cloud-ready Platform, .NET"
"1396","Senior Angular Frontend Developer","ScoutIT","IT & Telecommunications","Gauteng","Gauteng","Full-Time","6.0","Bachelor's","Not specified","Yes","Permanent","Senior Angular Frontend Developer role at ScoutIT based in Gauteng, focused on angular and related responsibilities.","SME","Angular, Mentoring"
"1397","Software Developer (Frontend Focused) (Remote)","Capital H Staffing","IT & Telecommunications","Not Specified","South Africa","Full-Time","4.0","Bachelor's","Not specified","Yes","Permanent","Software Developer (Frontend Focused) (Remote) role at Capital H Staffing based in South Africa, focused on front-end and related responsibilities.","SME","Front-end, .NET Legacy, SQL Server"
"1398","Senior Front-End Developer (Remote)","AO Connect Solutions","IT & Telecommunications","Remote / Not Specified","Remote","Full-Time","5.0","Bachelor's","Not specified","Yes","Permanent","Senior Front-End Developer (Remote) role at AO Connect Solutions based in Remote, focused on large-scale web applications and related responsibilities.","SME","Large-scale Web Applications"
"1399","Mid-Level Backend PHP Developer","Network IT","IT & Telecommunications","Gauteng","Johannesburg North","Full-Time","3.0","Bachelor's","Not specified","No","Permanent","Mid-Level Backend PHP Developer role at Network IT based in Johannesburg North, focused on php frameworks and related responsibilities.","SME","PHP Frameworks, Web Applications"
"1400","Frontend Developer","TooMuchWifi","IT & Telecommunications","Western Cape","Cape Town","Full-Time","3.0","Bachelor's","Not specified","No","Permanent","Frontend Developer role at TooMuchWifi based in Cape Town, focused on vue.js and related responsibilities.","SME","Vue.js, Web Interfaces"
"1401","Senior .Net and Blazor Developer","iOCO","IT & Telecommunications","Western Cape","Cape Town","Full-Time","6.0","Bachelor's","Not specified","No","Permanent","Senior .Net and Blazor Developer role at iOCO based in Cape Town, focused on c# and related responsibilities.","Large","C#, .NET Core, Blazor"
"1402","Senior Frontend C# Developer (UI Focus)","Goldman Tech Resourcing (Pty) Ltd","IT & Telecommunications","Gauteng","Johannesburg","Full-Time","5.0","Bachelor's","Not specified","No","Permanent","Senior Frontend C# Developer (UI Focus) role at Goldman Tech Resourcing (Pty) Ltd based in Johannesburg, focused on c# and related responsibilities.","SME","C#, UI/UX, Web Applications"
"1403","Front End Developer","Network Contracting Solutions","IT & Telecommunications","Gauteng","Johannesburg North","Contract","3.0","Bachelor's","Not specified","No","Contract","Front End Developer role at Network Contracting Solutions based in Johannesburg North, focused on responsive web applications and related responsibilities.","SME","Responsive Web Applications"
"1404","Intermediate C# Developer / DevOps","E-Merge IT Recruitment","IT & Telecommunications","Western Cape","Cape Town","Full-Time","3.0","Bachelor's","Not specified","No","Permanent","Intermediate C# Developer / DevOps role at E-Merge IT Recruitment based in Cape Town, focused on c#/.net and related responsibilities.","SME","C#/.NET, ASP.NET Core, TypeScript"
"1405","C# / .NET Developers","Network IT","IT & Telecommunications","Gauteng","Johannesburg North","Full-Time","4.0","Bachelor's","Not specified","No","Permanent","C# / .NET Developers role at Network IT based in Johannesburg North, focused on blazor and related responsibilities.","SME","Blazor, Razor, Full Stack"
"1406","Senior .NET Software Engineer","iOCO","IT & Telecommunications","Western Cape","Cape Town","Full-Time","6.0","Bachelor's","Not specified","No","Permanent","Senior .NET Software Engineer role at iOCO based in Cape Town, focused on .net core and related responsibilities.","Large",".NET Core, C#, RESTful Web APIs"
"1407","Senior .NET Software Developer (Platform Modernization)","ExcalSoft Development (Pty) Ltd t/a FutureSoft","IT & Telecommunications","Gauteng","Centurion","Full-Time","6.0","Bachelor's","Not specified","No","Permanent","Senior .NET Software Developer (Platform Modernization) role at ExcalSoft Development (Pty) Ltd t/a FutureSoft based in Centurion, focused on c# and related responsibilities.","SME","C#, MVC, ASP.NET, Mentoring"
"1408",".Net Mobile App Developer","Network IT","IT & Telecommunications","Gauteng","Johannesburg North","Full-Time","3.0","Bachelor's","Computer Science","No","Permanent",".Net Mobile App Developer role at Network IT based in Johannesburg North, focused on .net maui and related responsibilities.","SME",".NET MAUI, C#, API Integration"
"1409","Mobile App Developer (React Native)","IQbusiness","IT & Telecommunications","Gauteng","Sandton","Full-Time","4.0","Bachelor's","Not specified","No","Permanent","Mobile App Developer (React Native) role at IQbusiness based in Sandton, focused on react native and related responsibilities.","SME","React Native, iOS, Android"
"1410","Intermediate Mobile Developers - iOS","Network IT","IT & Telecommunications","Gauteng","Centurion","Full-Time","3.0","Bachelor's","Not specified","No","Permanent","Intermediate Mobile Developers - iOS role at Network IT based in Centurion, focused on ios development and related responsibilities.","SME","iOS Development, Mobile Applications"
"1411","Mobile Developer","Network Contracting Solutions","IT & Telecommunications","Gauteng","Centurion","Contract","3.0","Bachelor's","Not specified","No","Contract","Mobile Developer role at Network Contracting Solutions based in Centurion, focused on mobile app architecture and related responsibilities.","SME","Mobile App Architecture, App Store Publishing"
"1412","Mobile Developer (iOS Specialist)","Datafin IT Recruitment","IT & Telecommunications","Gauteng","Johannesburg","Full-Time","4.0","Bachelor's","Not specified","No","Permanent","Mobile Developer (iOS Specialist) role at Datafin IT Recruitment based in Johannesburg, focused on ios design principles and related responsibilities.","SME","iOS Design Principles, Security Solutions"
"1413","Senior Android Developer","Network IT","IT & Telecommunications","Gauteng","Centurion","Full-Time","5.0","Bachelor's","Not specified","No","Permanent","Senior Android Developer role at Network IT based in Centurion, focused on native android and related responsibilities.","SME","Native Android, Compose, Android SDK"
"1414","Mobile Developer (Kotlin/Swift)","MDI Consulting","IT & Telecommunications","Western Cape","Cape Town","Full-Time","3.0","Bachelor's","Not specified","No","Permanent","Mobile Developer (Kotlin/Swift) role at MDI Consulting based in Cape Town, focused on kotlin and related responsibilities.","SME","Kotlin, Swift, RESTful APIs"
"1415","Mobile Developer (React)","Network IT","IT & Telecommunications","Gauteng","Johannesburg East","Full-Time","5.0","Bachelor's","Not specified","No","Permanent","Mobile Developer (React) role at Network IT based in Johannesburg East, focused on react native and related responsibilities.","SME","React Native, App Store Deployment"
"1416","Mobile Developer (React Native)","Network IT","IT & Telecommunications","Gauteng","Johannesburg East","Full-Time","5.0","Bachelor's","Not specified","No","Permanent","Mobile Developer (React Native) role at Network IT based in Johannesburg East, focused on react native and related responsibilities.","SME","React Native, .NET Framework Backend"
"1417","Senior Mobile Engineer","IQbusiness","IT & Telecommunications","Western Cape","Cape Town","Full-Time","6.0","Bachelor's","Not specified","No","Permanent","Senior Mobile Engineer role at IQbusiness based in Cape Town, focused on kotlin multiplatform and related responsibilities.","SME","Kotlin Multiplatform, CI/CD"
"1418","Intermediate Mobile Developer (React Native)","Communicate IT","IT & Telecommunications","Western Cape","Cape Town: City Bowl","Full-Time","3.0","Bachelor's","Not specified","No","Permanent","Intermediate Mobile Developer (React Native) role at Communicate IT based in Cape Town: City Bowl, focused on react native and related responsibilities.","SME","React Native, Talent Pool"
"1419","Software Engineer (Mini App Full Stack Developer)","A1L Digital","IT & Telecommunications","Gauteng","Johannesburg - Southern Suburbs","Contract","4.0","Bachelor's","Not specified","No","Contract","Software Engineer (Mini App Full Stack Developer) role at A1L Digital based in Johannesburg - Southern Suburbs, focused on fintech crypto mini apps and related responsibilities.","SME","Fintech Crypto Mini Apps, Mobile Frameworks"
"1420","React Native Developer","Parvana","IT & Telecommunications","Not Specified","South Africa","Full-Time","4.0","Bachelor's","Not specified","No","Permanent","React Native Developer role at Parvana based in South Africa, focused on react native and related responsibilities.","SME","React Native, tvOS, Streaming Protocols"
"1421","Lead Software Developer","Goldenrule","IT & Telecommunications","Not Specified","South Africa","Full-Time","3.0","Bachelor's","Not specified","No","Permanent","Lead Software Developer role at Goldenrule based in South Africa, focused on flutter and related responsibilities.","SME","Flutter, iOS, Android, CI/CD"
"1422","Mobile Software Developer","Roodepoort Client","Engineering, Technical, Manufacturing","Gauteng","Roodepoort","Full-Time","3.0","Bachelor's","Not specified","No","Permanent","Mobile Software Developer role at Roodepoort Client based in Roodepoort, focused on flutter and related responsibilities.","SME","Flutter, Cross-platform Apps"
"1423","Machine Learning Engineer","Parvana","IT & Telecommunications","Western Cape","Cape Town","Full-Time","3.0","Bachelor's","Data Science","No","Permanent","Machine Learning Engineer role at Parvana based in Cape Town, focused on pytorch and related responsibilities.","SME","PyTorch, TensorFlow, MLOps, GenAI"
"1424","Machine Learning Engineer (Level 1-3)","Capitec Bank LTD","Banking, Finance, Insurance","Western Cape","Stellenbosch","Full-Time","3.0","Honours","Data Science","No","Permanent","Machine Learning Engineer (Level 1-3) role at Capitec Bank LTD based in Stellenbosch, focused on ml model lifecycle and related responsibilities.","Large","ML Model Lifecycle, Software Engineering"
"1425","AI Machine Learning Engineer","Nambiti Technologies (Pty) Ltd","IT & Telecommunications","Gauteng","Tshwane (Pretoria)","Full-Time","4.0","Bachelor's","Data Science","No","Permanent","AI Machine Learning Engineer role at Nambiti Technologies (Pty) Ltd based in Tshwane (Pretoria), focused on cloud certification and related responsibilities.","SME","Cloud Certification, AI/ML"
"1426","Machine Learning Engineer","GAP Consulting","Agriculture, Forestry, Environmental","Western Cape","Western Cape","Full-Time","5.0","Bachelor's","Data Science","No","Permanent","Machine Learning Engineer role at GAP Consulting based in Western Cape, focused on computer vision and related responsibilities.","SME","Computer Vision, Statistical Analysis, Python"
"1427","Machine Learning Engineer","Communicate IT","IT & Telecommunications","Western Cape","Cape Town: Northern Suburbs","Full-Time","4.0","Bachelor's","Data Science","No","Permanent","Machine Learning Engineer role at Communicate IT based in Cape Town: Northern Suburbs, focused on ai engineering and related responsibilities.","SME","AI Engineering, Production ML Models"
"1428","Machine Learning Engineer (Level 1-3)","Capitec Bank LTD","Banking, Finance, Insurance","Gauteng","Sandton","Full-Time","3.0","Honours","Data Science","No","Permanent","Machine Learning Engineer (Level 1-3) role at Capitec Bank LTD based in Sandton, focused on ml model lifecycle and related responsibilities.","Large","ML Model Lifecycle, Software Engineering"
"1429","Senior Specialist - AI & ML Developer (Hybrid)","MDI Consulting","IT & Telecommunications","Remote / Not Specified","Remote","Full-Time","6.0","Bachelor's","Data Science","Yes","Permanent","Senior Specialist - AI & ML Developer (Hybrid) role at MDI Consulting based in Remote, focused on end-to-end ml solutions and related responsibilities.","SME","End-to-end ML Solutions, Production"
"1430","MLOps Engineer","A1L Digital","IT & Telecommunications","Gauteng","Johannesburg - Southern Suburbs","Contract","6.0","Bachelor's","Not specified","No","Contract","MLOps Engineer role at A1L Digital based in Johannesburg - Southern Suburbs, focused on mlops and related responsibilities.","SME","MLOps, CI/CD Pipelines, Model Deployment"
"1431","Data Scientist (Machine Learning Engineer)","SALT","IT & Telecommunications","Western Cape","Cape Town","Full-Time","3.0","Bachelor's","Data Science","No","Permanent","Data Scientist (Machine Learning Engineer) role at SALT based in Cape Town, focused on python and related responsibilities.","SME","Python, SQL, ML Fundamentals"
"1432","Data Science Team Lead","Rensearch Placements cc","IT & Telecommunications","Western Cape","George","Full-Time","6.0","Bachelor's","Data Science","No","Permanent","Data Science Team Lead role at Rensearch Placements cc based in George, focused on ml leadership and related responsibilities.","SME","ML Leadership, Cloud Certifications"
"1433","Manager: Data AI Architecture","Samaha Consulting","IT & Telecommunications","Gauteng","Johannesburg","Full-Time","8.0","Master's","Data Science","No","Permanent","Manager: Data AI Architecture role at Samaha Consulting based in Johannesburg, focused on azure ml and related responsibilities.","SME","Azure ML, GenAI, LLMs, Enterprise AI"
"1434","Platform Engineer (Machine Learning)","Network IT","IT & Telecommunications","Western Cape","Cape Town: City Bowl","Full-Time","5.0","Bachelor's","Not specified","No","Permanent","Platform Engineer (Machine Learning) role at Network IT based in Cape Town: City Bowl, focused on gpu compute and related responsibilities.","SME","GPU Compute, ML Infrastructure"
"1435","Data Scientist (AI & Machine Learning) - Entry Level","Abalobi Solutions","IT & Telecommunications","Gauteng","Midrand","Full-Time","1.0","Bachelor's","Data Science","Yes","Permanent","Data Scientist (AI & Machine Learning) - Entry Level role at Abalobi Solutions based in Midrand, focused on ml pipelines and related responsibilities.","SME","ML Pipelines, Predictive Modelling"
"1436","Data Scientist - Machine Learning & AI","SALT","IT & Telecommunications","Western Cape","Cape Town","Full-Time","3.0","Bachelor's","Data Science","No","Permanent","Data Scientist - Machine Learning & AI role at SALT based in Cape Town, focused on classification and related responsibilities.","SME","Classification, Regression, Clustering"
"1437","Lead AI Engineer","Samaha Consulting","IT & Telecommunications","Gauteng","Johannesburg","Full-Time","5.0","Master's","Computer Science","No","Permanent","Lead AI Engineer role at Samaha Consulting based in Johannesburg, focused on enterprise ai architecture and related responsibilities.","SME","Enterprise AI Architecture, Automation"
"1438","IT Manager","Comsol Networks (Pty) Ltd","IT & Telecommunications","Gauteng","Centurion","Full-Time","5.0","Bachelor's","Not specified","No","Permanent","IT Manager role at Comsol Networks (Pty) Ltd based in Centurion, focused on it infrastructure and related responsibilities.","SME","IT Infrastructure, Service Delivery, SLAs"
"1439","IT Manager, School","Express Employment Professionals SA - PMB","Education & Training","KwaZulu-Natal","Pietermaritzburg","Full-Time","5.0","Bachelor's","Not specified","No","Permanent","IT Manager, School role at Express Employment Professionals SA - PMB based in Pietermaritzburg, focused on it infrastructure and related responsibilities.","SME","IT Infrastructure, Digital Transformation"
"1440","IT Manager","Sinakho Staffshop (Pty) Ltd","IT & Telecommunications","Gauteng","Pretoria","Full-Time","6.0","Bachelor's","Not specified","No","Permanent","IT Manager role at Sinakho Staffshop (Pty) Ltd based in Pretoria, focused on it leadership and related responsibilities.","SME","IT Leadership, Cybersecurity, Asset Management"
"1441","IT Manager","Edge Executive Search","IT & Telecommunications","Gauteng","Pretoria","Full-Time","5.0","Diploma","Not specified","No","Permanent","IT Manager role at Edge Executive Search based in Pretoria, focused on multi-site it and related responsibilities.","SME","Multi-site IT, Governance, Compliance"
"1442","IT Manager","Pronel Personnel","Education & Training","KwaZulu-Natal","Pietermaritzburg","Full-Time","5.0","Bachelor's","Not specified","No","Permanent","IT Manager role at Pronel Personnel based in Pietermaritzburg, focused on it infrastructure and related responsibilities.","SME","IT Infrastructure, Servers, Networks"
"1443","IT Manager - Pretoria","Pro Tem Capability","IT & Telecommunications","Gauteng","Pretoria","Full-Time","5.0","Bachelor's","Not specified","No","Permanent","IT Manager - Pretoria role at Pro Tem Capability based in Pretoria, focused on it leadership and related responsibilities.","SME","IT Leadership, Cybersecurity"
"1444","IT Manager","Buffalo International Logistics","Transport, Logistics & Freight","Gauteng","Kempton Park","Full-Time","6.0","Bachelor's","Not specified","No","Permanent","IT Manager role at Buffalo International Logistics based in Kempton Park, focused on it strategy and related responsibilities.","SME","IT Strategy, Budgeting, Helpdesk"
"1445","IT Manager","iStaff Recruitment","IT & Telecommunications","Gauteng","Tshwane (Pretoria)","Full-Time","5.0","Diploma","Not specified","No","Permanent","IT Manager role at iStaff Recruitment based in Tshwane (Pretoria), focused on infrastructure and related responsibilities.","SME","Infrastructure, Cybersecurity, Cloud Services"
"1446","EE IT Manager","Sharon Nurock Recruitment c.c.","IT & Telecommunications","KwaZulu-Natal","Durban","Full-Time","6.0","Bachelor's","Not specified","No","Permanent","EE IT Manager role at Sharon Nurock Recruitment c.c. based in Durban, focused on it governance and related responsibilities.","SME","IT Governance, Cloud Transformation"
"1447","IT Manager (Mining)","Attain People","Mining","Mpumalanga","Mpumalanga","Full-Time","6.0","Bachelor's","Not specified","No","Permanent","IT Manager (Mining) role at Attain People based in Mpumalanga, focused on mining it systems and related responsibilities.","SME","Mining IT Systems, Infrastructure"
"1448","IT Manager","Kontak Recruitment","Media, Advertising, PR","Gauteng","Johannesburg, Gauteng","Full-Time","5.0","Bachelor's","Not specified","No","Permanent","IT Manager role at Kontak Recruitment based in Johannesburg, Gauteng, focused on apple mac and related responsibilities.","SME","Apple Mac, Cybersecurity, POPIA"
"1449","IT Manager (Mac & PC experience essential)","Be Different Recruitment","Media, Advertising, PR","Gauteng","Bryanston","Full-Time","5.0","Bachelor's","Not specified","No","Permanent","IT Manager (Mac & PC experience essential) role at Be Different Recruitment based in Bryanston, focused on mac and windows environments and related responsibilities.","SME","Mac and Windows Environments"
"1450","IT Manager","Hire Resolve","Health, Fitness, Medical","KwaZulu-Natal","Amanzimtoti","Full-Time","5.0","Bachelor's","Not specified","No","Permanent","IT Manager role at Hire Resolve based in Amanzimtoti, focused on lims training and related responsibilities.","SME","LIMS Training, IT SOPs"
"1451","IT Asset Manager","Fusion Recruitment","IT & Telecommunications","Not Specified","JHB - Northern Suburbs","Full-Time","5.0","Diploma","Not specified","No","Permanent","IT Asset Manager role at Fusion Recruitment based in JHB - Northern Suburbs, focused on it asset management and related responsibilities.","SME","IT Asset Management, Intune, SCCM"
"1452","IT Manager","Network IT","IT & Telecommunications","Gauteng","Johannesburg North","Full-Time","5.0","Bachelor's","Not specified","No","Permanent","IT Manager role at Network IT based in Johannesburg North, focused on it strategy and related responsibilities.","SME","IT Strategy, Architecture, Governance"
"1453","Manager: IT Operations","Legal Expenses Insurance Southern Africa Limited T\A LEZA","Banking, Finance, Insurance","Gauteng","Roodepoort","Full-Time","5.0","Bachelor's","Not specified","No","Permanent","Manager: IT Operations role at Legal Expenses Insurance Southern Africa Limited T\A LEZA based in Roodepoort, focused on helpdesk and related responsibilities.","SME","Helpdesk, Endpoint Support, Asset Control"
"1454","IT Manager (Mac and Windows Experience)","Be Different Recruitment","Media, Advertising, PR","Gauteng","Johannesburg","Full-Time","5.0","Bachelor's","Not specified","No","Permanent","IT Manager (Mac and Windows Experience) role at Be Different Recruitment based in Johannesburg, focused on it budget and related responsibilities.","SME","IT Budget, Supplier Negotiations"
"1455","IT Manager & AI Systems Innovation Lead","Intellistaff","Hospitality, Hotel, Catering, Tourism","Not Specified","JHB - Western Suburbs","Full-Time","5.0","Bachelor's","Not specified","No","Permanent","IT Manager & AI Systems Innovation Lead role at Intellistaff based in JHB - Western Suburbs, focused on ai automation and related responsibilities.","SME","AI Automation, Hospitality Systems"
"1456","Network Administrator","Confidential Client","IT & Telecommunications","Western Cape","Cape Town","Full-Time","3.0","Diploma","Not specified","No","Permanent","Network Administrator role at Confidential Client based in Cape Town, focused on lan and related responsibilities.","SME","LAN, WAN, Cisco Networking Equipment"
"1457","Network Administrator","Confidential Client","IT & Telecommunications","Gauteng","Gauteng","Full-Time","3.0","Diploma","Not specified","No","Permanent","Network Administrator role at Confidential Client based in Gauteng, focused on network security and related responsibilities.","SME","Network Security, Firewalls, IDS"
"1458","Senior Network Administrator","Confidential Client","IT & Telecommunications","Gauteng","Gauteng","Full-Time","6.0","Bachelor's","Not specified","No","Permanent","Senior Network Administrator role at Confidential Client based in Gauteng, focused on network infrastructure and related responsibilities.","SME","Network Infrastructure, Group Configuration"
"1459","Network Administrator","Confidential Client","Government & NGO","Not Specified","Non-profit Sector","Full-Time","5.0","Diploma","Not specified","No","Permanent","Network Administrator role at Confidential Client based in Non-profit Sector, focused on technical security administration and related responsibilities.","SME","Technical Security Administration"
"1460","Senior Systems Administrator (Network Focus)","Confidential Client","Banking, Finance, Insurance","Western Cape","Western Cape","Full-Time","3.0","Bachelor's","Not specified","No","Permanent","Senior Systems Administrator (Network Focus) role at Confidential Client based in Western Cape, focused on tcp/ip and related responsibilities.","SME","TCP/IP, DNS, DHCP, VLANs, Azure"
"1461","ICT Support & Systems Administrator (Network Focus)","Confidential Client","IT & Telecommunications","Gauteng","Pretoria","Full-Time","7.0","Bachelor's","Not specified","No","Permanent","ICT Support & Systems Administrator (Network Focus) role at Confidential Client based in Pretoria, focused on network administration and related responsibilities.","SME","Network Administration, Security Frameworks"
"1462","Web Developer","Sabenza IT Recruitment","IT Recruitment","Gauteng","Pretoria","Full-Time","","Not Specified","Not Specified","No","Permanent","Builds enterprise-grade web platforms used daily by South African consumers.","SME","Not Specified"
"1463","Web Developer (.NET)","Webs Technology Solutions","IT","Not Specified","Hybrid","Full-Time","8.0","Not Specified","Not Specified","Partial","Permanent","Senior .NET web developer building multi-tiered enterprise web applications with Angular/React front ends.","SME",".NET, C#, JavaScript/TypeScript, Angular, ASP.NET, HTML5, React, OWASP"
"1464","Web Developer - React.js","Recruitment Legends","Not Specified","Gauteng","Centurion","Full-Time","3.0","Not Specified","Not Specified","No","Permanent","Implements interface components using React.js, Redux and Webpack for a web platform.","SME","React.js, Redux, Webpack"
"1465","Full Stack .NET Web Developer","Network IT","IT Recruitment","Gauteng","Johannesburg North","Full-Time","","Not Specified","Not Specified","No","Permanent","Builds and maintains web applications using Web Forms and React for an established organisation.","SME",".NET, Web Forms, React"
"1466","Junior Web Developer / AI Customer Service Specialist","Careerbox","BPO","Gauteng","Sunninghill","Full-Time","0.0","Diploma/Degree","Information Technology, Computer Science, Web Development","No","Permanent","Combines web development with AI-powered customer service tooling for a BPO team.","Large","HTML, CSS, JavaScript"
"1467","Front End Developer - Web & Digital Products (Contract)","iSanqa","Not Specified","Gauteng","Midrand","Contract","","Not Specified","Not Specified","Partial","Contract","Builds front-end web components for retail point-of-sale digital sales equipment.","SME","Web/Digital product development"
"1468","Frontend Developer","TooMuchWifi","Telecommunications","Western Cape","Cape Town","Full-Time","","Not Specified","Not Specified","No","Permanent","Builds clean, high-performing web interfaces using Vue.js for a telecoms provider.","SME","Vue.js"
"1469","Junior to Mid-Level Front-End Website Developer","The Wright Recruitment","Advertising/Marketing","KwaZulu-Natal","Westville","Full-Time","3.0","Diploma/Degree","Computer Science, Information Technology, Web Development","No","Permanent","Develops responsive, mobile-friendly websites for an award-winning digital marketing agency.","SME","HTML5, responsive design"
"1470","Frontend Developer | .NET | Blazor","Active Recruitment","Not Specified","Gauteng","Centurion","Full-Time","","Not Specified","Not Specified","No","Permanent","Designs and maintains frontend UI components for web-based business applications using Blazor.","SME",".NET, Blazor, REST APIs"
"1471","PHP Developer (Laravel) - Remote","Network IT","IT Recruitment","Not Specified","Remote","Full-Time","","Not Specified","Not Specified","Yes","Permanent","Develops and enhances scalable web applications remotely using PHP and Laravel.","SME","PHP, Laravel"
"1472","Shopify Developer","Dante Group","E-commerce","Western Cape","Paarden Eiland","Full-Time","","Diploma/Degree","Web Development, Computer Science, Graphic Design","No","Permanent","Builds Shopify e-commerce sites combining technical development with design sensibility.","SME","Shopify, E-commerce development"
"1473","Senior .NET Developer (Remote)","iOCO","IT Services","Not Specified","Remote (Johannesburg)","Full-Time","","Not Specified","Not Specified","Yes","Permanent","Builds enterprise-scale web applications as a consultant on the Microsoft stack.","Large",".NET, web services"
"1474","Robotic Process Automation Engineer - 12mth FTC","Affirmative Portfolios","Financial Services","Gauteng","Johannesburg","Contract","","Not Specified","Not Specified","No","Contract","Delivers workplace productivity automation using UiPath and Microsoft Power Automate for a financial services firm.","Large","UiPath, Microsoft Power Platform"
"1475","Automation & Robotics Engineer","Communicate Engineering","Manufacturing","Western Cape","Cape Town: Northern Suburbs","Full-Time","3.0","Not Specified","Not Specified","No","Permanent","Drives manufacturing excellence through automation, robotics and process optimisation.","SME","CAD/CAM, PLCs, robotics systems"
"1476","Control System Engineer","Network Engineering","Not Specified","Gauteng","Johannesburg North","Full-Time","","Not Specified","Not Specified","No","Permanent","Works with PLCs, safety devices and robotics (ABB, Mitsubishi, Epson) alongside SCADA systems.","SME","PLCs, SCADA, robotics"
"1477","PLC Engineer","Network Engineering","Engineering","Gauteng","Centurion","Full-Time","","Not Specified","Not Specified","No","Permanent","Designs, commissions and supports automation and control systems including industrial robotics integration.","SME","PLC programming, industrial robotics"
"1478","Robotic Drill Rig Engineer","Pillango Placements","Mining","Gauteng","Pretoria East","Full-Time","","Not Specified","Not Specified","No","Permanent","Leads development of a robotic drill rig aiming to reshape mineral exploration technology.","SME","Robotics, hydraulics, structural design"
"1479","Quantitative Credit Risk Specialist","Network Finance","Banking","Gauteng","Midrand","Full-Time","","Honours","Mathematics, Statistics, Applied Maths, Actuarial Sciences, Engineering","Partial","Permanent","Develops, refines and validates credit risk models across high-impact banking projects.","SME","Credit risk modelling"
"1480","Quantitative Analyst","Network Finance","Banking","Not Specified","Not Specified","Full-Time","1.0","Honours/Master's","Quantitative Finance, Mathematics, Statistics, Actuarial Science","No","Permanent","Works within a multidisciplinary quantitative team on market, credit and quantitative risk.","SME","Quantitative risk analysis"
"1481","Senior Quantitative Business Analyst","Hire Resolve","Not Specified","Not Specified","Not Specified","Full-Time","","Not Specified","Not Specified","No","Permanent","Leads quantitative analysis of business performance, customer behaviour and market trends.","SME","Quantitative analytics"
"1482","Quantitative Analyst","Not Specified","Financial Markets","Gauteng","Not Specified","Full-Time","3.0","Degree","Statistics, Mathematics, Financial Engineering, Actuarial Science, Economics, Econometrics","Partial","Permanent","Builds quantitative and financial-analytics models shaping multi-asset investment strategies.","SME","Quantitative/mathematical modelling"
"1483","Quantitative Credit Analyst","Not Specified","Banking","Not Specified","Not Specified","Full-Time","","Degree","Mathematics, Finance, Financial Engineering, Actuarial Science","No","Permanent","Develops and maintains tools aggregating group-wide credit exposure and economic capital models.","Large","Credit exposure modelling, economic capital"
"1484","Senior IT Auditor (Technical)","Not Specified","Insurance","Not Specified","Not Specified","Full-Time","","Not Specified","Not Specified","No","Permanent","Conducts in-depth technical audits of IT systems, networks and applications for an insurer.","SME","Technical IT auditing"
"1485","IT Auditor","Not Specified","Retail/Manufacturing","Not Specified","Not Specified","Full-Time","","Not Specified","Not Specified","No","Permanent","Supports the internal audit team using data analytics and AI to assess IT control effectiveness.","Large","Data analytics, IT audit methodology"
"1486","IT Internal Auditor","Not Specified","Not Specified","Gauteng","Not Specified","Full-Time","2.0","Certification","CISA (Certified Information Systems Auditor)","No","Permanent","Executes IT audit projects reporting to the Group IT Audit Manager, covering IT general controls.","Large","CISA, IT General Controls, Cyber Security Reviews"
"1487","IT Auditor","Salix Recruitment","Recruitment/Commercial","Gauteng","Not Specified","Full-Time","","Not Specified","Not Specified","No","Permanent","Connects IT audit professionals with commercial-industry organisations for career growth roles.","SME","IT audit talent pool"
"1488","IT Auditor","Not Specified","IT/Digital Services","Western Cape","Cape Town","Full-Time","","Not Specified","Not Specified","No","Permanent","Evaluates risks and strengthens controls to keep a global digital-solutions organisation secure and compliant.","Large","Risk evaluation, IT governance"
"1489","Enterprise Solution Architect","Not Specified","Mining","Not Specified","Not Specified","Full-Time","","Not Specified","Not Specified","No","Permanent","Leads solution design and architecture across modern data platforms for a mining initiative.","Large","Enterprise architecture, cloud/data platforms"
"1490","Lead Enterprise Architect","Not Specified","Not Specified","Not Specified","Not Specified","Full-Time","8.0","Not Specified","Not Specified","No","Permanent","Leads AS-IS and TO-BE enterprise architecture design, ensuring alignment to recognised frameworks.","Large","TOGAF, enterprise architecture modelling"
"1491","Senior Manager: Enterprise Architect","Not Specified","Not Specified","Gauteng","Isando","Full-Time","8.0","NQF Level qualification","Not Specified","No","Permanent","Directs enterprise architecture strategy and standards for a business based in Isando.","Large","Enterprise architecture leadership"
"1492","Enterprise Data Architect","CyberPro Consulting","IT Consulting","Gauteng","Johannesburg","Full-Time","3.0","Certification","Information Technology Architect Certification (ITAC)","No","Permanent","Designs and develops the company data infrastructure and enterprise-level information/data capability.","SME","Microsoft, Oracle, SAP, Data Architecture"
"1493","Domain Architect (Payments)","Not Specified","Fintech/Payments","Gauteng","Randburg","Contract","","Not Specified","Not Specified","No","Contract","Builds a domain architecture aligning payments systems with business strategy and roadmap.","SME","TOGAF, Payments architecture, API design"
"1494","Information Security Officer","Not Specified","Not Specified","Not Specified","Not Specified","Full-Time","","Not Specified","Not Specified","No","Permanent","Develops and executes enterprise-wide information and cyber security strategy for a business group.","Large","Cyber risk strategy, incident response, vulnerability management"
"1495","Information Security & Compliance Officer","Not Specified","Not Specified","Not Specified","Not Specified","Full-Time","","Not Specified","Not Specified","No","Permanent","Leads operational delivery of an information-security programme covering compliance and governance.","SME","Security governance, compliance frameworks"
"1496","Information Security Officer","Not Specified","Not Specified","Gauteng","Johannesburg","Full-Time","7.0","Certification","CISSP","Partial","Permanent","Strengthens security governance, risk management and compliance capability in a hybrid role.","SME","CISSP, security governance"
"1497","Chief Information Security Officer (CISO)","Not Specified","Not Specified","Not Specified","Not Specified","Full-Time","","Not Specified","Not Specified","No","Permanent","Leads enterprise-wide cyber security efforts as strategic security leadership for the organisation.","Large","Enterprise cyber security leadership"
"1498","Technical Consultant","Not Specified","Managed IT Services","Gauteng","Sandton","Full-Time","","Not Specified","Not Specified","No","Permanent","Provides end-to-end IT infrastructure solutions and support for South African SMEs.","SME","IT infrastructure, IT security"
"1499","IT Consultant (Cloud/Hybrid)","Not Specified","Not Specified","Not Specified","Not Specified","Full-Time","8.0","Degree","IT, Computer Science","Partial","Permanent","Manages large cloud/hybrid environments for a hybrid team spanning South Africa and Europe.","Large","Azure certifications, cloud/hybrid infrastructure"
"1500","SAP Operations Consultant & Test Manager","Sabenza IT Recruitment","Automotive","Gauteng","Not Specified","Full-Time","","Not Specified","Not Specified","No","Permanent","Delivers SAP operations consulting and test management for a global automotive client.","Large","SAP, test management"
"1501","Senior Mobile Developer (React Native)","Not Specified","Not Specified","Not Specified","Not Specified","Full-Time","","Not Specified","Not Specified","No","Permanent","Builds world-class cross-platform mobile applications using React Native for a fast-paced tech environment.","SME","React Native"
"1502",".NET Mobile Developer","Not Specified","Not Specified","Not Specified","Not Specified","Full-Time","","Not Specified","Not Specified","No","Permanent","Designs, develops and maintains mobile applications using .NET MAUI with API integrations for seamless data flow.","SME",".NET MAUI, API integration"
"1503","Senior Android Developer","Not Specified","Not Specified","Not Specified","Not Specified","Full-Time","5.0","Not Specified","Not Specified","No","Permanent","Leads Android application development with strong understanding of mobile architecture (MVP, MVVM, Clean Architecture).","SME","Android, MVVM, MVP, Clean Architecture"
"1504","iOS Mobile Engineer","Not Specified","Technology","Not Specified","Not Specified","Full-Time","","Not Specified","Not Specified","Partial","Permanent","Develops high-quality iOS mobile applications collaborating closely with a product-focused engineering team.","SME","iOS development, Swift"
"1505","Mobile App Developer - Android (Payments)","Not Specified","Fintech/Payments","Not Specified","Not Specified","Full-Time","","Not Specified","Not Specified","No","Permanent","Builds Android mobile applications for a client operating in the digital payments space.","SME","Android, Payments integration"
"1506","Data & ML Engineer","Not Specified","Renewable Energy","Not Specified","Not Specified","Full-Time","","Not Specified","Not Specified","No","Permanent","Builds scalable data pipelines and AI/ML-ready datasets supporting advanced analytics for a renewable energy operator.","Large","Data pipelines, ML-ready datasets"
"1507","Machine Learning Engineer","Not Specified","Health & Performance Tech","Not Specified","Not Specified","Full-Time","5.0","Not Specified","Not Specified","No","Permanent","Designs, builds and deploys ML models for physiological and performance-related predictions.","SME","ML model deployment, applied AI, data science"
"1508","Machine Learning Engineer (MLOps focus)","Not Specified","FinTech","Not Specified","Not Specified","Full-Time","","Not Specified","Not Specified","No","Permanent","Powers automated instant lending decisions through MLOps practices in a fast-paced fintech company.","SME","MLOps, automated decisioning"
"1509","AI/Machine Learning Engineer","Not Specified","Healthcare Technology","Not Specified","Not Specified","Full-Time","","Not Specified","Not Specified","No","Permanent","Designs, builds and deploys intelligent AI/ML systems in production for a healthcare technology provider.","SME","AI/ML production systems, multimodal models"
"1510","Senior Machine Learning Engineer (Telecommunications)","Not Specified","Telecommunications","Not Specified","Not Specified","Full-Time","","Not Specified","Not Specified","No","Permanent","Designs advanced predictive models driving strategic decision-making within the telecommunications domain.","Large","Predictive modelling, telecom analytics"
"1511","SQL Server Database Administrator (Fixed Term)","Not Specified","Public Sector","Gauteng","Pretoria","Contract","5.0","Not Specified","Not Specified","No","Contract","Plans, manages, administers and secures system databases while troubleshooting database performance issues for a public sector body.","Large","SQL Server administration, performance tuning"
"1512","Database Engineer","Not Specified","Not Specified","Not Specified","Not Specified","Full-Time","","Not Specified","Not Specified","No","Permanent","Designs, implements and troubleshoots mission-critical database environments spanning Oracle, PostgreSQL, MySQL, MongoDB and MS SQL Server.","Large","Oracle, PostgreSQL, MySQL, MongoDB, MS SQL Server, cloud RDS"
"1513","Database Administrator","Not Specified","Not Specified","Not Specified","Not Specified","Full-Time","5.0","Not Specified","Not Specified","No","Permanent","Owns the organisation's database and data infrastructure, enforcing data integrity, access controls and audit logging.","SME","SQL Server, data governance, access control"
"1514","Senior Oracle/PostgreSQL DBA / Database Engineer","Not Specified","IT Services","Gauteng","Johannesburg","Full-Time","10.0","Not Specified","Not Specified","No","Permanent","Builds, optimises and secures enterprise-grade Oracle and PostgreSQL database environments including high-availability architectures.","SME","Oracle, PostgreSQL, MySQL, MongoDB, MS SQL Server"
"1515","Junior Database Administrator / Report SQL Writer","Not Specified","IT Services","Not Specified","Not Specified","Full-Time","0.0","Not Specified","Not Specified","No","Permanent","Develops data extracts, dashboards and reports while ensuring data integrity for a small IT services company.","Small","SQL reporting, data integrity"
"1516","Senior Cloud DevOps Engineer","Not Specified","AgTech","Not Specified","Not Specified","Full-Time","","Degree preferred","Computer Science, Engineering or related","No","Permanent","Manages AWS cloud infrastructure powering a SaaS platform, handling deployments, cost optimisation and disaster recovery.","SME","AWS (ECS, EC2, RDS, S3, Lambda)"
"1517","Cloud Engineer (Level II) - AWS Networking","Not Specified","Not Specified","Not Specified","Not Specified","Full-Time","","Not Specified","Not Specified","No","Permanent","Designs, builds and protects the core AWS connectivity layer underpinning digital services on a specialist cloud team.","Large","AWS networking"
"1518","Cloud Engineer","Not Specified","Not Specified","Not Specified","Not Specified","Full-Time","","Not Specified","Not Specified","No","Permanent","Provisions and manages Azure cloud resources, monitoring and maintaining foundational infrastructure.","SME","Azure resource provisioning"
"1519","AWS Cloud Engineer (Data Platform)","Not Specified","Not Specified","Not Specified","Not Specified","Full-Time","","Not Specified","Not Specified","No","Permanent","Focused on large-scale data workloads spanning high-throughput networking and compute-optimised environments for Spark/SQL processing.","SME","AWS, Spark, SQL, high-volume storage"
"1520","DevOps Engineer (DevSecOps, Crypto Mini App)","Not Specified","Telecommunications","Not Specified","Not Specified","Contract","5.0","Not Specified","Not Specified","No","Contract","Establishes and manages the DevSecOps pipeline, automation framework and security controls for a telecoms crypto initiative.","Large","DevSecOps, Azure DevOps, CI/CD"
"1521","Lead DevOps Engineer (Cloud & Infrastructure Automation)","Not Specified","Financial Services","Not Specified","Not Specified","Full-Time","8.0","Not Specified","Not Specified","No","Permanent","Leads the high-performing technology team driving DevOps and infrastructure automation for a financial services client.","Large","DevOps, Systems Engineering, cloud automation"
"1522","Senior DevOps Engineer (Fintech)","Not Specified","FinTech","Not Specified","Not Specified","Full-Time","8.0","Not Specified","Not Specified","No","Permanent","Owns the full infrastructure lifecycle for a digital payments platform shaping the future of payments in Africa.","SME","DevOps, Systems Engineering, Agile"
"1523","DevOps Engineer (GitHub Migration)","Not Specified","Not Specified","Not Specified","Not Specified","Full-Time","5.0","Not Specified","Not Specified","No","Permanent","Leads migration from Azure DevOps to GitHub Enterprise as part of a platform modernisation initiative.","SME","GitHub Actions, Azure DevOps, cloud certifications"
"1524","Cybersecurity Engineer","Not Specified","Not Specified","Not Specified","Not Specified","Full-Time","","Not Specified","Not Specified","No","Permanent","Anticipates and outsmarts attackers for a blue-chip company expanding its cyber defence capability.","Large","Threat anticipation, security tooling"
"1525","Endpoint Security Engineer","Not Specified","Healthcare/Medical Schemes","Not Specified","Not Specified","Full-Time","","Not Specified","Not Specified","No","Permanent","Designs, implements and manages endpoint security solutions defending a medical scheme's digital environment.","SME","EDR, antivirus, encryption software"
"1526","Security Platform Engineer (SOC)","Not Specified","Not Specified","Gauteng","Sunninghill","Full-Time","","Not Specified","Not Specified","No","Permanent","Manages the tools used daily by a Security Operations Centre (SOC) team.","SME","SOC tooling, SIEM"
"1527","Junior Cybersecurity Analyst","Not Specified","Not Specified","Not Specified","Not Specified","Full-Time","0.0","Not Specified","Not Specified","No","Permanent","Gains exposure to security operations, threat monitoring, vulnerability management and incident response.","SME","SIEM basics, vulnerability assessments"
"1528","Cybersecurity Analyst - Microsoft Sentinel Engineer","Not Specified","Not Specified","Not Specified","Not Specified","Full-Time","3.0","Not Specified","Not Specified","No","Permanent","Safeguards businesses using Microsoft Sentinel and SIEM platforms as part of a cybersecurity team.","SME","Microsoft Sentinel, SIEM"
"1529","Security Analyst: Penetration Testing & Red Teaming","Not Specified","Cybersecurity","Not Specified","Not Specified","Full-Time","2.0","Not Specified","Not Specified","No","Permanent","Performs vulnerability assessments and manual penetration testing across networks, web apps and mobile for a niche cybersecurity firm.","SME","Penetration testing, red teaming"
"1530","Level 2 Cybersecurity/SOC Analyst","Not Specified","Not Specified","Not Specified","Not Specified","Full-Time","4.0","Not Specified","Not Specified","No","Permanent","Handles complex incidents and advanced persistent threats, monitoring SIEM, EDR, firewall logs and VPNs.","SME","SIEM, EDR, IAM, MITRE ATT&CK"
"1531","Senior Network Engineer","Not Specified","Not Specified","Not Specified","Not Specified","Full-Time","","Not Specified","Not Specified","No","Permanent","Serves as the final escalation tier for network engineers, monitoring and securing local and national core networks.","Large","Core network monitoring, escalation support"
"1532","Network Automation Engineer","Not Specified","Not Specified","Not Specified","Not Specified","Full-Time","","Not Specified","Not Specified","No","Permanent","Monitors, diagnoses and optimises network infrastructure while driving automation to improve SLA compliance and reduce MTTR.","SME","Zabbix, SolarWinds, network automation"
"1533","Senior Network Security Engineer","Not Specified","Not Specified","Not Specified","Not Specified","Full-Time","","Certification","Not Specified","No","Permanent","Provides day-to-day firewall engineering and operational support, certified in Palo Alto or Fortinet platforms.","SME","Palo Alto PCNSE, Fortinet NSE7"
"1534","Senior Network & Systems Administrator","Not Specified","Not Specified","Not Specified","Not Specified","Full-Time","5.0","Not Specified","Not Specified","No","Permanent","Balances strategic infrastructure upgrades with hands-on routing, switching and server maintenance across a multi-site network.","Large","LAN/WAN/VPN/VLAN management, network security"
"1535","Network Administrator","Not Specified","Not Specified","Western Cape","Not Specified","Full-Time","5.0","Certification","Not Specified","No","Permanent","Solves complex infrastructure challenges managing enterprise networks including routing, switching and VPNs.","SME","CompTIA A+/N+, network security, backups"
"1536","IT Infrastructure & Systems Administrator","Not Specified","Not Specified","Not Specified","Not Specified","Full-Time","","Not Specified","Not Specified","No","Permanent","Manages and maintains the IT infrastructure and systems for a high-demand control room office environment on-site.","SME","Windows Server, Linux, Active Directory"
"1537","System Administrator (Networking)","Not Specified","Not Specified","Not Specified","Not Specified","Full-Time","5.0","Not Specified","Not Specified","No","Permanent","Ensures security and privacy of computers and network systems, resolving hardware, software and network problems.","SME","Systems administration, networking"
"1538","Systems Administrator (Cloud & Security)","Not Specified","JSE-listed","Gauteng","Johannesburg North","Full-Time","","Not Specified","Not Specified","No","Permanent","Supports security and cloud infrastructure for a JSE-listed private-sector organisation.","Large","Cisco networking, ICT security"
"1539","Tier 2 IT Technical Support Engineer","Not Specified","Not Specified","Not Specified","Not Specified","Full-Time","","Not Specified","Not Specified","No","Permanent","Serves as escalation point for complex technical issues across hardware, software and network systems.","SME","Tier 2 troubleshooting, technical documentation"
"1540","IT Support Technician","Not Specified","Not Specified","Not Specified","Not Specified","Full-Time","3.0","Not Specified","Not Specified","No","Permanent","Provides first- and second-line IT support resolving hardware, software, network and system-related issues.","SME","Hardware/software troubleshooting, IT asset records"
"1541","IT Desktop Support Engineer","Not Specified","Not Specified","Gauteng","Johannesburg","Full-Time","","Not Specified","Not Specified","No","Permanent","Delivers fast, professional desktop support and IT helpdesk / field technician services across multiple sites.","SME","Desktop support, IT asset management, POPIA compliance"
"1542","IT Technician","Not Specified","Not Specified","Not Specified","Not Specified","Full-Time","","Not Specified","Not Specified","No","Permanent","Provides technical support, maintenance and troubleshooting for hardware, software, network systems and CCTV.","SME","Hardware/software maintenance, network troubleshooting"
"1543","Project Manager Level 1 - Technology","Not Specified","Not Specified","Not Specified","Not Specified","Full-Time","","B-Degree","IT, Applied Mathematics, Statistics, Actuarial Science, Data Science, Engineering","No","Permanent","Plans and oversees delivery of IT projects, ensuring completion within budget and timeline.","Large","IT project planning and budgeting"
"1544","Senior Project Manager: SAP, Infrastructure & Software Development","Not Specified","FMCG","Western Cape","Cape Town","Full-Time","8.0","Not Specified","Not Specified","No","Permanent","Leads SAP, infrastructure and software development projects across an IT Shared Services division.","Large","SAP, IT infrastructure project management"
"1545","Technical Project Manager (ERP Implementation)","Not Specified","Not Specified","Not Specified","Not Specified","Contract","5.0","Not Specified","Not Specified","No","Contract","Drives ERP implementation success working alongside developers, business analysts and architects.","SME","ERP implementation, IT project management"
"1546","IT Manager (PLC/SCADA Systems)","Not Specified","Manufacturing","Not Specified","Not Specified","Full-Time","","Not Specified","Not Specified","No","Permanent","Oversees the Group's information technology and systems, including PLC, SCADA, access control and CCTV systems.","Large","IT systems management, PLC, SCADA"
"1547","IT Manager (Multi-site)","Not Specified","Not Specified","Not Specified","Not Specified","Full-Time","5.0","Not Specified","Not Specified","No","Permanent","Leads the IT infrastructure, systems and support operations across multiple business locations.","Large","IT infrastructure leadership, team management"
"5001","Data Engineer Test Lead","PBT Group","IT Consulting","Western Cape","Cape Town","Contract","","Not Specified","Not Specified","No","Contract","Leads testing efforts for data engineering pipelines and platforms for a data consultancy client.","SME","Data engineering, test leadership"
"5002","Head of Software Engineering","DataTech Recruitment","IT Recruitment","Gauteng","Johannesburg","Full-Time","","Not Specified","Not Specified","No","Permanent","Leads a software engineering function, salary range R125,000-R150,000 per month.","SME","Engineering leadership"
"5003","IT Infrastructure Consultant","Talent Evolution","IT Consulting","Gauteng","Johannesburg","Full-Time","","Not Specified","Not Specified","No","Permanent","Advises clients on IT infrastructure strategy and implementation, salary R65,000 per month.","SME","IT infrastructure consulting"
"5004","Help Desk Manager","Exceed HR and Recruitment","IT Support","Western Cape","Somerset West","Full-Time","","Not Specified","Not Specified","No","Permanent","Manages the help desk function, overseeing support staff and ticket resolution.","SME","Help desk management, ITSM"
"5005","Senior Full Stack Developer","Performit Personnel","IT Recruitment","Eastern Cape","Port Elizabeth","Full-Time","","Not Specified","Not Specified","No","Permanent","Builds full stack web applications spanning front-end and back-end development.","SME","Full stack development"
"5006","IT Support Engineer","Kontak Recruitment","IT Support","Gauteng","Springs","Full-Time","","Not Specified","Not Specified","No","Permanent","Provides IT support, salary R20,000 per month.","SME","IT support, troubleshooting"
"5007","IT Security Manager","Performit Personnel","IT Recruitment","Eastern Cape","Port Elizabeth","Full-Time","","Not Specified","Not Specified","No","Permanent","Oversees IT security strategy and operations for the organisation.","SME","IT security management"
"5008","Data Operations Manager","Time Personnel","IT Recruitment","Western Cape","Cape Town","Full-Time","","Not Specified","Not Specified","No","Permanent","Manages data operations processes and teams ensuring data quality and reliability.","SME","Data operations management"
"5009","Senior QA Engineer","PBT Group","IT Consulting","Gauteng","Johannesburg","Contract","","Not Specified","Not Specified","No","Contract","Leads quality assurance testing for software systems on a contract basis.","SME","QA, test automation"
"5010","Chief Technology Officer","Initiate International","IT Recruitment","Not Specified","Remote","Full-Time","","Not Specified","Not Specified","Yes","Permanent","Leads technology strategy and engineering direction for the organisation, fully remote.","SME","Technology leadership"
"5011","Technical Customer Success and Engineering Lead","Career Minded","IT Recruitment","Gauteng","Johannesburg","Full-Time","","Not Specified","Not Specified","No","Permanent","Bridges customer success and engineering, salary R165,000 per month.","SME","Customer success engineering"
"5012","CRM Platform Lead","DataTech Recruitment","IT Recruitment","Western Cape","Cape Town","Full-Time","","Not Specified","Not Specified","No","Permanent","Leads CRM platform strategy, configuration and integration.","SME","CRM platforms"
"5013","Java Developer","PBT Group","IT Consulting","Gauteng","Johannesburg","Contract","","Not Specified","Not Specified","No","Contract","Develops Java-based enterprise applications for a data/IT consultancy.","SME","Java development"
"5014","IT Administrator","Vine Recruitment","IT Recruitment","Western Cape","Cape Town","Full-Time","","Not Specified","Not Specified","No","Permanent","Administers IT systems and infrastructure for the organisation.","SME","IT administration"
"5015","Senior Front-End React Engineer","HR Talent Partner SA","IT Recruitment","Not Specified","Remote","Full-Time","","Not Specified","Not Specified","Yes","Permanent","Builds front-end applications using React in a fully remote role.","SME","React, front-end development"
"5016","Systems Analyst","PBT Group","IT Consulting","Gauteng","Johannesburg","Contract","","Not Specified","Not Specified","No","Contract","Analyses business systems requirements and designs technology solutions for a data consultancy.","SME","Systems analysis"
"5017","Senior IT Infrastructure Engineer","DataTech Recruitment","IT Recruitment","Western Cape","Cape Town","Full-Time","","Not Specified","Not Specified","No","Permanent","Designs and manages IT infrastructure, salary R75,000 per month.","SME","IT infrastructure engineering"
"5018","AWS Python Developer","PBT Group","IT Consulting","Gauteng","Johannesburg","Contract","","Not Specified","Not Specified","No","Contract","Develops Python-based solutions on AWS cloud infrastructure for a data consultancy.","SME","Python, AWS"
"6001","ICT Systems Administrator","Department of Agriculture","Government/Public Sector","Gauteng","Pretoria","Full-Time","3.0","National Diploma","Information Technology, Computer Science","No","Permanent","Maintains ICT infrastructure, provisions systems, manages user accounts and researches emerging technology trends for a national government department.","Large","Server operating systems, hardware/software troubleshooting, ICT governance"
"6002","Information Technology Intern","Department of Correctional Services","Government/Public Sector","Gauteng","Gauteng Region","Internship","0.0","National Diploma/Degree","Information Technology","No","Internship","Government-funded IT internship placement offering a monthly stipend within the Gauteng region.","Large","IT fundamentals"
"6003","Director: ICT Governance and Project Management","Department of Health (KZN)","Government/Public Sector","KwaZulu-Natal","Pietermaritzburg","Full-Time","","Not Specified","Not Specified","No","Permanent","Senior management post overseeing ICT governance and project management within a provincial health department (post subsequently withdrawn per circular amendment).","Large","ICT governance, project management"
"6004","ICT Service Desk Support Technician","Department of Employment and Labour","Government/Public Sector","Not Specified","Not Specified","Full-Time","2.0","Not Specified","Not Specified","No","Permanent","Provides desktop, printer and Local Area Network support, managing ITSM call logging for a government labour department.","Large","ITSM, Active Directory, desktop support"
"7001","Software Developer","Upspire Talent","IT Recruitment","Gauteng","Johannesburg","Full-Time","","Not Specified","Not Specified","No","Permanent","Software development role, salary R35,000 per month.","SME","Software development"
"7002","Modern Systems Engineer","Profile Personnel","IT Recruitment","Eastern Cape","Port Elizabeth","Full-Time","","Not Specified","Not Specified","No","Permanent","Designs and maintains modern systems infrastructure for a recruitment client.","SME","Systems engineering"
"7003","Junior Software Developer","Profile Personnel","IT Recruitment","Eastern Cape","Port Elizabeth","Full-Time","0.0","Not Specified","Not Specified","No","Permanent","Entry-level software development role supporting client projects.","SME","Software development fundamentals"
"7004","Software Developer","Staff Unlimited Recruitment","IT Recruitment","Mpumalanga","Nelspruit","Full-Time","","Not Specified","Not Specified","No","Permanent","Software development role, salary R15,000-R23,000 per month.","SME","Software development"
"7005","PHP Developer","Ditto Hire","IT Recruitment","Not Specified","South Africa","Full-Time","","Not Specified","Not Specified","No","Permanent","Develops and maintains PHP-based web applications.","SME","PHP development"
"7006","Junior-Mid PHP Developer","Ditto Hire","IT Recruitment","Not Specified","South Africa","Full-Time","1.0","Not Specified","Not Specified","No","Permanent","Junior to mid-level PHP development role building web applications.","SME","PHP development"
"7007","Software Maintenance & Support Consultant","PBT Group","IT Consulting","Western Cape","Cape Town","Full-Time","","Not Specified","Not Specified","No","Permanent","Provides maintenance and support for existing software systems for a data/IT consultancy.","SME","Software maintenance, support"
"7008","Technical Customer Success Manager","Pronel Consultants","IT Recruitment","Western Cape","Cape Town","Full-Time","","Not Specified","Not Specified","No","Permanent","Manages technical customer relationships ensuring successful product adoption.","SME","Technical customer success"
"7009","AI Engineer","LabourLinq Recruitment","IT Recruitment","Gauteng","Johannesburg","Full-Time","","Not Specified","Not Specified","No","Permanent","Builds and deploys AI solutions, salary negotiable.","SME","AI engineering"
"7010","Intermediate .NET Developer (C# / SQL)","Being IT Solutions","IT Services","Western Cape","Durbanville","Full-Time","3.0","Not Specified","Not Specified","No","Permanent","Develops applications using C# and SQL at an intermediate level, salary negotiable.","SME",".NET, C#, SQL"
"2001","Graduate Data Scientist","Teraco","Data Centres/Infrastructure","Gauteng","Not Specified","Full-Time","0.0","Bachelor's","Data Science, Statistics, Computer Science","No","Permanent","Graduate Data Scientist role at Teraco based in Gauteng, focused on data pipelines and MLOps.","Large","Python, R, SQL, MLOps, Data Visualisation"
"2002","Data Scientist Entry Level (Contract)","The Focus Group","Recruitment","Gauteng","Johannesburg","Contract","1.0","Bachelor's","Data Science","No","Contract","Entry-level Data Scientist role at The Focus Group in Johannesburg, building predictive models.","SME","Python, Statistics, Machine Learning"
"2003","Data Scientist","Nambiti","IT Consulting","Gauteng","Centurion","Full-Time","6.0","Not Specified","Not Specified","No","Permanent","Data Scientist role at Nambiti in Centurion, developing models to generate business insights.","SME","Model Development, Business Insights"
"2004","Data Scientist","Prorek Solutions","IT","Gauteng","Johannesburg","Full-Time","","Not Specified","Not Specified","No","Permanent","Data Scientist role at Prorek Solutions in Johannesburg, supporting graph data engineering for an AI agent.","SME","Graph Data Engineering, Data Integrity Controls"
"2005","Applied AI Engineer","Revolut","Fintech","Not Specified","Remote","Full-Time","","Not Specified","Not Specified","Yes","Permanent","Applied AI Engineer role at Revolut, fully remote, shaping product experiences with data science and ML.","Large","Machine Learning, Product Development"
"2006","(1731) Data Scientist and AI Engineer - BSTD","South African Reserve Bank","Banking","Gauteng","Pretoria","Full-Time","","Not Specified","Not Specified","No","Permanent","Data Scientist and AI Engineer role at the South African Reserve Bank in Pretoria, validating data sources.","Large","Data Validation, AI Engineering"
"2007","Data Scientist","PBT Group","IT Consulting","Western Cape","Cape Town","Full-Time","","Not Specified","Not Specified","No","Permanent","Data Scientist role at PBT Group in Cape Town, covering data extraction, feature engineering and EDA.","SME","Feature Engineering, EDA, Data Science Solutions"
"2008","Data Scientist","Minopex","Mining","Gauteng","Johannesburg","Full-Time","","Not Specified","Not Specified","No","Permanent","Data Scientist role at Minopex in Johannesburg, building data pipelines with engineers and analysts.","SME","Data Pipelines, Collaboration with Engineers/Analysts"
"2009","Data Scientist Level 1","Games Global","Gaming","Western Cape","Cape Town","Full-Time","","Not Specified","Not Specified","No","Permanent","Entry-level Data Scientist role at Games Global in Cape Town, applying data science fundamentals to the business.","Large","Python, R, Data Governance"
"2010","Data Scientist | On-site | George, Western Cape","Badger Holdings","Not Specified","Western Cape","George","Full-Time","3.0","Not Specified","Not Specified","No","Permanent","On-site Data Scientist role at Badger Holdings in George, turning data into decisions.","SME","Machine Learning, Data Science"
"2011","Data Scientist","Agile Bridge","IT Consulting","Gauteng","Pretoria","Full-Time","","Not Specified","Not Specified","No","Permanent","Data Scientist role at Agile Bridge in Pretoria, working with cloud-based data platforms and governance.","SME","Cloud Data Platforms, Data Governance"
"2012","Data Scientist","PEP","Retail","Not Specified","South Africa","Full-Time","","Not Specified","Not Specified","No","Permanent","Data Scientist role at PEP, designing scalable data science and ML solutions for the retailer.","Large","Machine Learning, Enterprise Data Solutions"
"2013","Data Scientist","GVW Group","Not Specified","Western Cape","Durbanville","Full-Time","5.0","Not Specified","Not Specified","No","Permanent","Data Scientist role at GVW Group in Durbanville, delivering successful data science projects.","SME","Data Science, Project Delivery"
"2014","Junior Data Scientist","Discovery (South Africa)","Insurance","Gauteng","Sandton","Full-Time","2.0","Not Specified","Not Specified","No","Permanent","Junior Data Scientist role at Discovery in Sandton, collaborating with engineers and actuaries.","Large","Machine Learning, Quantitative Analysis"
"2015","Senior Data Scientist","CyberPro Consulting","IT Consulting","Gauteng","Johannesburg","Full-Time","","Not Specified","Not Specified","No","Permanent","Senior Data Scientist role at CyberPro Consulting in Johannesburg, building TigerGraph data ingestion pipelines.","SME","TigerGraph, Data Ingestion, Databricks"
"2016","Data Scientist | Contract","IQbusiness","Consulting","Western Cape","Cape Town","Contract","","Not Specified","Not Specified","No","Contract","Contract Data Scientist role at IQbusiness in Cape Town, performing statistical analysis and data cleaning.","SME","Statistical Analysis, Exploratory Data Analysis"
"2017","Senior Data Scientist","Expleo Group","IT Consulting","Gauteng","Johannesburg","Full-Time","","Not Specified","Not Specified","No","Permanent","Senior Data Scientist role at Expleo Group in Johannesburg, owning end-to-end model lifecycle management.","Large","Model Lifecycle Management, Deployment"
"2018","Senior Data Scientist","Incubeta","Marketing Technology","Western Cape","Cape Town","Full-Time","","Not Specified","Not Specified","No","Permanent","Senior Data Scientist role at Incubeta in Cape Town, leading advanced data projects for the team.","SME","Advanced Analytics, Team Leadership"
"2019","Senior Data Scientist","Amaris Consulting","IT Consulting","Gauteng","Johannesburg","Full-Time","5.0","Not Specified","Not Specified","No","Permanent","Senior Data Scientist role at Amaris Consulting in Johannesburg, focused on advanced analytics and ML.","Large","Advanced Analytics, Machine Learning"
"2020","Data Scientist - Manager","Deloitte","Professional Services","Gauteng","Midrand","Full-Time","","Not Specified","Not Specified","No","Permanent","Manager-level Data Scientist role at Deloitte in Midrand, applying BI and data science tools to client solutions.","Large","Business Intelligence, Data Analytics Solutions"
"2021","Data Scientist","Lesaka Technologies","Fintech","Western Cape","Cape Town","Full-Time","","Not Specified","Not Specified","No","Permanent","Data Scientist role at Lesaka Technologies in Cape Town, turning complex data into actionable recommendations.","SME","Data Science Frameworks, Recommendations"
"2022","Data Scientist","FirstRand","Banking","Gauteng","Johannesburg","Full-Time","","Not Specified","Not Specified","No","Permanent","Data Scientist role at FirstRand in Johannesburg, improving customer experience through data insight.","Large","Customer Analytics, Data Insight"
"2023","Data Scientist","Technoserve Group (South Africa)","NGO/Development","Not Specified","Not Specified","Full-Time","2.0","Not Specified","Not Specified","No","Permanent","Data Scientist role at Technoserve applying data science fundamentals to real business problems.","SME","Python, R, Data Governance"
"3001","Data Scientist","Minopex","Mining","Gauteng","Johannesburg","Permanent","","Not Specified","Not Specified","No","Permanent","Data Scientist role at Minopex in Johannesburg.","SME","Not Specified"
"3002","Data Engineer/Data Scientist","MSP Staffing (PTY) LTD","IT Recruitment","Gauteng","Johannesburg","Permanent","","Not Specified","Not Specified","No","Permanent","Combined Data Engineer/Data Scientist role sourced by MSP Staffing in Johannesburg.","SME","Not Specified"
"3003","Data Engineer/Scientist - 3407","Jordan Human Resources","Recruitment","Gauteng","Pretoria","Permanent","","Not Specified","Not Specified","No","Permanent","Combined Data Engineer/Scientist role sourced by Jordan Human Resources in Pretoria.","SME","Not Specified"
"3004","Data & Analytics Consultant","Eastern Personnel Consultants / Oostelike Personeel Konsultante","Recruitment","Not Specified","South Africa","Permanent","","Not Specified","Not Specified","No","Permanent","Data and analytics consulting role sourced by Eastern Personnel Consultants.","SME","Not Specified"
"3005","Senior Manager Data Science","Ovations Talent Sourcing","Recruitment","Gauteng","Johannesburg","Contract","","Not Specified","Not Specified","No","Contract","Senior Manager Data Science contract role sourced by Ovations Talent Sourcing in Johannesburg.","SME","Not Specified"
"3006","Business and Data Analyst (Retail Apparel)","Not Specified","Retail","KwaZulu-Natal","Durban North","Permanent","","Not Specified","Not Specified","No","Permanent","Business and Data Analyst role in the retail apparel sector, based in Durban North.","SME","Not Specified"
"3007","Data Engineer","Not Specified","Not Specified","Gauteng","Johannesburg","Permanent","","Not Specified","Not Specified","No","Permanent","Data Engineer role posted on Careers24, based in Johannesburg.","SME","Not Specified"
"3008","Data Engineer","Not Specified","Not Specified","Gauteng","Not Specified","Contract","","Not Specified","Not Specified","No","Contract","Contract Data Engineer role posted on Careers24.","SME","Not Specified"
"4001","Data Scientist","Mediro Application Consulting","IT Consulting","Gauteng","Johannesburg","Contract","3.0","Not Specified","Not Specified","No","Contract","Intermediate-level Data Scientist contract role at Mediro Application Consulting in Johannesburg.","SME","Not Specified"
"4002","Senior Data Scientist","Sabenza IT & Recruitment","IT Recruitment","Gauteng","Pretoria","Contract","6.0","Not Specified","Not Specified","No","Contract","Senior-level Data Scientist contract role sourced by Sabenza IT & Recruitment, based in Pretoria.","SME","Not Specified"
"4003","AI Data Scientist - Voice","Tipp Focus Holdings","Not Specified","Gauteng","Johannesburg","Permanent","5.0","Not Specified","Not Specified","No","Permanent","Senior AI Data Scientist role at Tipp Focus Holdings in Johannesburg, focused on voice AI applications.","SME","Not Specified"
"4004","AI Data Scientist","Tipp Focus Holdings","Not Specified","Gauteng","Johannesburg","Permanent","5.0","Not Specified","Not Specified","No","Permanent","Senior AI Data Scientist role at Tipp Focus Holdings in Johannesburg.","SME","Not Specified"
"4005","Data Engineer","QE Services","IT Services","Western Cape","Bellville","Contract","4.0","Not Specified","Not Specified","No","Contract","Intermediate Data Engineer contract role at QE Services in Bellville.","SME","Not Specified"
"4006","Data Engineer - Lead","Paracon","IT Consulting","Gauteng","Braamfontein","Contract","","Not Specified","Not Specified","No","Contract","Lead-level Data Engineer contract role at Paracon in Braamfontein.","Large","Not Specified"
"4007","BI Analyst [ Power BI + SAS + SQL Must ]","Watershed Consulting","IT Consulting","Gauteng","Johannesburg","Contract","","Not Specified","Not Specified","No","Contract","Intermediate BI Analyst contract role at Watershed Consulting in Johannesburg.","SME","Power BI, SAS, SQL"
"4008","Machine Learning Engineer (Python) (Remote)","Datafin","IT Recruitment","Western Cape","Cape Town","Permanent","","Not Specified","Not Specified","Yes","Permanent","Executive-level Machine Learning Engineer role at Datafin, remote-based out of Cape Town.","SME","Python"
"4009","Pricing Analyst/Data Analyst","Recru-it","Recruitment","Not Specified","South Africa","Permanent","","Not Specified","Not Specified","No","Permanent","Junior Pricing/Data Analyst role sourced by Recru-it, location flexible within South Africa.","SME","Not Specified"
"4010","Senior Data Engineers (Azure) at GEMS","Government Employees Medical Scheme","Healthcare/Medical Scheme","Gauteng","Pretoria","Permanent","","Not Specified","Not Specified","No","Permanent","Management-level Senior Data Engineer role at GEMS in Pretoria, focused on Azure data platforms.","Large","Azure"
"4011","Senior Data Engineer (AI-Driven Engineer) (CPT - Hybrid)","Datafin","IT Recruitment","Western Cape","Cape Town","Permanent","","Not Specified","Not Specified","Partial","Permanent","Senior Data Engineer role sourced by Datafin, hybrid in Cape Town, focused on AI-driven engineering.","SME","Not Specified"
"4012","Data Analyst - Paarl","Recru-it","Recruitment","Western Cape","Stellenbosch","Permanent","","Not Specified","Not Specified","No","Permanent","Intermediate Data Analyst role sourced by Recru-it, based in Stellenbosch.","SME","Not Specified"
"4013","Data Analyst","Network IT Bruma","IT Recruitment","KwaZulu-Natal","Durban","Permanent","","Not Specified","Not Specified","No","Permanent","Intermediate Data Analyst role sourced by Network IT Bruma, based in Durban.","SME","Not Specified"
"4014","BI Data Analyst","Mediro Application Consulting","IT Consulting","Gauteng","Not Specified","Permanent","5.0","Not Specified","Not Specified","No","Permanent","Senior BI Data Analyst role at Mediro Application Consulting, based in Gauteng.","SME","Business Intelligence"
"4015","IT Data Analysts at Sabenza IT & Recruitment","Sabenza IT & Recruitment","IT Recruitment","Western Cape","Cape Town","Permanent","","Not Specified","Not Specified","No","Permanent","Management-level IT Data Analyst role sourced by Sabenza IT & Recruitment in Cape Town.","SME","Not Specified"
"4016","System Analyst (Data)","Tipp Focus Holdings","Not Specified","Gauteng","Pretoria","Contract","","Not Specified","Not Specified","No","Contract","Senior System Analyst (Data) contract role at Tipp Focus Holdings in Pretoria.","SME","Not Specified"
"4017","Data Scientist","Mediro Application Consulting","IT Consulting","Gauteng","Johannesburg","Contract","3.0","Not Specified","Not Specified","No","Contract","Intermediate Data Scientist contract role at Mediro Application Consulting in Johannesburg.","SME","Not Specified"
"4018","Senior BI Analyst","Network IT Bruma","IT Recruitment","Gauteng","Johannesburg","Permanent","","Not Specified","Not Specified","No","Permanent","Senior BI Analyst role sourced by Network IT Bruma in Johannesburg.","SME","Not Specified"
"4019","Data Scientist (Entry) 2066","Mediro Application Consulting","IT Consulting","Gauteng","Pretoria","Contract","0.0","Not Specified","Not Specified","No","Contract","Entry-level Data Scientist contract role at Mediro Application Consulting in Pretoria.","SME","Not Specified"
"4020","Data Scientist at Datonomy Solutions","Datonomy Solutions (Cape Town)","IT Consulting","Western Cape","Cape Town","Contract","5.0","Not Specified","Not Specified","No","Contract","Senior Data Scientist contract role at Datonomy Solutions in Cape Town.","SME","Not Specified"
"4021","Business Intelligence Analyst","Network IT Bruma","IT Recruitment","Western Cape","Cape Town","Permanent","","Not Specified","Not Specified","No","Permanent","Intermediate Business Intelligence Analyst role sourced by Network IT Bruma in Cape Town.","SME","Not Specified"
"4022","BI_BA Developer (Databricks, Spark SQL, PySpark) (JHB)","Datafin","IT Recruitment","Gauteng","Johannesburg","Permanent","","Not Specified","Not Specified","No","Permanent","Intermediate BI/BA Developer role sourced by Datafin in Johannesburg, working with Databricks and PySpark.","SME","Databricks, Spark SQL, PySpark"
"4023","Data Scientist (Credit Risk Modeller) (CPT)","Datafin","IT Recruitment","Western Cape","Cape Town","Permanent","","Not Specified","Not Specified","No","Permanent","Intermediate Data Scientist (Credit Risk Modeller) role sourced by Datafin in Cape Town.","SME","Credit Risk Modelling"
"4024","BI Lead at Sabenza IT & Recruitment","Sabenza IT & Recruitment","IT Recruitment","Western Cape","Stellenbosch","Learnership","","Not Specified","Not Specified","No","Not Specified","BI Lead learnership-track role sourced by Sabenza IT & Recruitment in Stellenbosch.","SME","Not Specified"
"4025","Data Engineer/ BI Developer","MSP Staffing","IT Recruitment","Gauteng","Johannesburg","Permanent","","Not Specified","Not Specified","No","Permanent","Intermediate Data Engineer/BI Developer role sourced by MSP Staffing in Johannesburg.","SME","Not Specified"
"4026","Senior BI Developer (CT)","GoldenRule","IT Consulting","Western Cape","Cape Town","Permanent","","Not Specified","Not Specified","No","Permanent","Senior BI Developer role at GoldenRule in Cape Town.","SME","Not Specified"
"4027","Lead BI Developer","Sinakho Staffshop (Pty) Ltd","IT Recruitment","Gauteng","Centurion","Permanent","","Not Specified","Not Specified","No","Permanent","Senior/Lead BI Developer role sourced by Sinakho Staffshop, based in Centurion.","SME","Not Specified"
"4028","Senior Data Scientist (LW)","Mediro Application Consulting","IT Consulting","Gauteng","Pretoria","Contract","5.0","Not Specified","Not Specified","No","Contract","Senior Data Scientist contract role at Mediro Application Consulting in Pretoria.","SME","Not Specified"
"4029","Senior Data Scientist (LW)","Mediro Application Consulting","IT Consulting","Gauteng","Johannesburg","Contract","5.0","Not Specified","Not Specified","No","Contract","Senior Data Scientist contract role at Mediro Application Consulting in Johannesburg.","SME","Not Specified"
"4030","Business Analyst - Data","Vital Element (Pty) Ltd","Not Specified","KwaZulu-Natal","Isipingo Beach","Permanent","","Not Specified","Not Specified","No","Permanent","Intermediate Business Analyst - Data role at Vital Element in Isipingo Beach.","SME","Not Specified"
"4031","Senior BI and Data Engineer","Carlysle Human Capital","IT Recruitment","KwaZulu-Natal","Durban","Permanent","","Not Specified","Not Specified","No","Permanent","Senior BI and Data Engineer role sourced by Carlysle Human Capital in Durban.","SME","Not Specified"
"4032","Frontend Developer","Network IT Bruma","IT Recruitment","Not Specified","South Africa","Permanent","","Not Specified","Not Specified","No","Permanent","Intermediate Frontend Developer role sourced by Network IT Bruma.","SME","Not Specified"
"4033","Business Analyst","Network IT Bruma","IT Recruitment","Eastern Cape","Gqeberha","Permanent","","Not Specified","Not Specified","No","Permanent","Intermediate Business Analyst role sourced by Network IT Bruma in Gqeberha.","SME","Not Specified"
"4034","Machine Learning Engineer","QE Services","IT Services","Western Cape","Bellville","Contract","","Not Specified","Not Specified","No","Contract","Senior Machine Learning Engineer contract role at QE Services in Bellville.","SME","Not Specified"
"4035","Reporting Analyst","Hire Resolve","Recruitment","Not Specified","Remote/International","Permanent","","Not Specified","Not Specified","Yes","Permanent","Specialist Reporting Analyst role sourced by Hire Resolve, remote/international placement.","SME","Not Specified"
"7011","Software Project Manager","Daisy Business Solutions","IT Recruitment","Gauteng","Johannesburg","Full-Time","","Not Specified","Not Specified","No","Permanent","Manages software delivery projects, coordinating developers and stakeholders (advertised via a recruiter).","SME","Software project management"
"7012","IT Operational Support Engineer - Graduate","Be Different Recruitment","IT Recruitment","Gauteng","Johannesburg","Full-Time","0.0","Not Specified","Not Specified","No","Permanent","Graduate-level operational IT support role handling day-to-day technical support tasks.","SME","IT operations support"
"7013","Senior Cloud Engineer | Senior Network Specialist","Be Different Recruitment","IT Recruitment","Gauteng","Johannesburg","Full-Time","","Not Specified","Not Specified","No","Permanent","Senior role combining cloud engineering and network specialisation, advertised through a recruiter.","SME","Cloud engineering, networking"
"7014","Network & Infrastructure Manager (Windows & Linux)","Be Different Recruitment","IT Recruitment","Gauteng","Johannesburg","Full-Time","","Not Specified","Not Specified","No","Permanent","Manages network and server infrastructure across Windows and Linux environments.","SME","Windows Server, Linux, network management"
"7015","MongoDB Developer","Hire Resolve","IT Recruitment","Gauteng","Johannesburg","Full-Time","","Not Specified","Not Specified","No","Permanent","Develops scalable NoSQL solutions with schema design expertise, integrating MongoDB with several languages.","SME","MongoDB, Node.js/Mongoose, Python/PyMongo, C#/.NET, JSON/BSON"
"7016","Java Spring Developer","Not Specified","IT Recruitment","Gauteng","Johannesburg","Full-Time","","Not Specified","Not Specified","No","Permanent","Joins a DevOps team maintaining central ordering applications and building API-based microservices.","SME","Java, Spring, microservices, APIs"
"7017","Software Developer (Contract)","Not Specified","IT Recruitment","Gauteng","Johannesburg North","Contract","","Not Specified","Not Specified","No","Contract","Contract software development role advertised in Johannesburg North.","SME","Software development"
"5019","IT Network Administrator","Yazoo Recruitment","IT Recruitment","Gauteng","Boksburg","Full-Time","","Not Specified","Not Specified","No","Permanent","Network administration role listed via a recruiter in Boksburg.","SME","Network administration"
"5020","Technical Support Engineer","Exceed HR and Recruitment","IT Recruitment","Western Cape","Stellenbosch","Full-Time","","Not Specified","Not Specified","No","Permanent","Technical support engineering role listed via a recruiter in Stellenbosch.","SME","Technical support"
"5021","PKI & Cryptographic Services Engineer","DataTech Recruitment","IT Recruitment","Gauteng","Johannesburg","Full-Time","","Not Specified","Not Specified","No","Permanent","Engineer for PKI and cryptographic services, advertised at R60,000 per month.","SME","PKI, cryptography"
"5022","E-Commerce IT Operations Assistant","Time Personnel","IT Recruitment","Western Cape","Cape Town","Full-Time","","Not Specified","Not Specified","No","Permanent","Supports IT operations for an e-commerce business.","SME","IT operations support"
"5023","Junior Technical Support & Field Technician","GetWiza","IT Recruitment","Western Cape","Durbanville","Full-Time","0.0","Not Specified","Not Specified","No","Permanent","Entry-level technical support and field technician role, salary R15,000-R18,000 per month.","SME","Technical support, field support"
"5024","Software / Solution Architect","Avatar International","IT Recruitment","KwaZulu-Natal","Durban","Full-Time","","Not Specified","Not Specified","No","Permanent","Designs software solutions and architecture, salary R205,000 per month.","SME","Solution architecture"
"5025","ServiceNow Specialist / Administrator","PBT Group","IT Recruitment","Gauteng","Johannesburg","Contract","","Not Specified","Not Specified","No","Contract","Contract role administering and configuring ServiceNow.","SME","ServiceNow, ITSM"
"5026","IT Enterprise Architect","PBT Group","IT Recruitment","Gauteng","Johannesburg","Contract","","Not Specified","Not Specified","No","Contract","Contract enterprise architecture role for a data/IT consultancy.","SME","Enterprise architecture"
"5027","IT Infrastructure Support Engineer","Stepco Recruitment","IT Recruitment","Gauteng","Centurion","Full-Time","","Not Specified","Not Specified","No","Permanent","Supports and maintains IT infrastructure.","SME","IT infrastructure support"
"5028","Data Engineer","PBT Group","IT Recruitment","Western Cape","Cape Town","Contract","","Not Specified","Not Specified","No","Contract","Contract data engineering role for a data consultancy.","SME","Data engineering"
"5029","Implementations Business Analyst","Talent Evolution","IT Recruitment","Gauteng","Roodepoort","Full-Time","","Not Specified","Not Specified","No","Permanent","Business analysis for software implementations, salary R28,000 per month.","SME","Business analysis"
"5030","Junior Web Developer","Kontak Recruitment","IT Recruitment","Eastern Cape","Port Elizabeth","Full-Time","0.0","Not Specified","Not Specified","No","Permanent","Entry-level web development role, salary R15,000 per month.","SME","Web development"
"5031","Full Stack .Net Web Developer (Remote)","Kontak Recruitment","IT Recruitment","Not Specified","Remote","Full-Time","","Not Specified","Not Specified","Yes","Permanent","Remote full stack .NET web development, salary R35,000-R45,000 per month.","SME",".NET, full stack"
"5032","Lead Software Engineer","Performit Personnel","IT Recruitment","Eastern Cape","Port Elizabeth","Full-Time","","Not Specified","Not Specified","No","Permanent","Leads software engineering work for a client.","SME","Software engineering leadership"
"5033","IT Network & Server Administrator","Cardilogix Talent Specialists","IT Recruitment","Gauteng","Johannesburg","Full-Time","","Not Specified","Not Specified","No","Permanent","Administers networks and servers for the organisation.","SME","Network and server administration"
"5034","Director of Engineering (Software)","Career Minded","IT Recruitment","Gauteng","Johannesburg","Full-Time","","Not Specified","Not Specified","No","Permanent","Senior engineering leadership role, salary R150,000-R185,000 per month.","SME","Engineering leadership"
"5035","Mid-level Developer","Exceed HR and Recruitment","IT Recruitment","Western Cape","Stellenbosch","Full-Time","","Not Specified","Not Specified","No","Permanent","Mid-level software development role listed via a recruiter.","SME","Software development"
"2001","Data Analyst","Absa","IT & Telecommunications","Gauteng","Johannesburg","Full-Time","0.4","Bachelor's","Not specified","No","Contract","Data Analyst role at Absa based in Johannesburg, focused on dashboards and related responsibilities.","SME","Fraud Detection, Reporting, Azure Data Fundamentals"
"2002","Wireless Engineer","Staff Unlimited","Education & Training","Gauteng","Melrose Arch","Full-Time","7.2","Not Specified","Engineering","No","Permanent","Wireless Engineer role at Staff Unlimited based in Melrose Arch, focused on network security and related responsibilities.","SME","CCNP, WAN, VoIP, Network Design, Wireshark, Fibre Optics"
"2003","IT Sales Executive","Gold Fields","IT Recruitment","Gauteng","Johannesburg","Full-Time","0.3","Not Specified","Not specified","No","Permanent","IT Sales Executive role at Gold Fields based in Johannesburg, focused on training and related responsibilities.","SME","Documentation, Time Management, Communication, Data Entry"
"2004","ICT Officer","Interdot","Mining","Not Specified","Not Specified","Full-Time","4.7","Bachelor's","Not specified","No","Contract","ICT Officer role at Interdot based in Not Specified, focused on software installation and related responsibilities.","SME","Compliance, Windows, Microsoft 365, Documentation, Linux, Troubleshooting, Project Management, Budgeting"
"2005","Data Engineer","Gold Fields","Engineering, Technical, Manufacturing","Gauteng","Pretoria","Full-Time","3.0","Bachelor's","Not specified","No","Permanent","Data Engineer role at Gold Fields based in Pretoria, focused on data warehousing and related responsibilities.","Large","Data Modelling, SSIS, ELT"
"2006","NLP Engineer","iOCO","IT Recruitment","Remote / Not Specified","Remote","Full-Time","7.7","Bachelor's","Not specified","No","Permanent","NLP Engineer role at iOCO based in Remote, focused on deep learning and related responsibilities.","SME","AI, Computer Vision, Transformers, Neural Networks"
"2007","Python Developer","Transnet","Banking, Finance, Insurance","Not Specified","Not Specified","Full-Time","4.8","Degree","Information Technology","No","Permanent","Python Developer role at Transnet based in Not Specified, focused on code review and related responsibilities.","SME","Spring Boot, PHP, Xamarin, Git, Microservices, REST APIs, .NET Core"
"2008","Data Scientist (Pipeline)","Network IT","Banking, Finance, Insurance","Western Cape","Cape Town","Full-Time","0.9","Not Specified","Data Science","No","Permanent","Data Scientist (Pipeline) role at Network IT based in Cape Town, focused on statistical analysis and related responsibilities.","SME","Feature Stores, NLP, Data Governance, Cloud Data Platforms"
"2009","iOS Developer","Credico Financial Services (Pty) Ltd","IT & Telecommunications","Gauteng","Johannesburg North","Contract","4.6","Bachelor's","Not specified","No","Contract","iOS Developer role at Credico Financial Services (Pty) Ltd based in Johannesburg North, focused on API development and related responsibilities.","SME","REST APIs, React Native, Docker, Vue.js"
"2010","ICT Support Specialist","Nambiti Technologies (Pty) Ltd","IT & Telecommunications","Gauteng","Ekurhuleni (East Rand)","Contract","7.7","Bachelor's","Not specified","Yes","Contract","ICT Support Specialist role at Nambiti Technologies (Pty) Ltd based in Ekurhuleni (East Rand), focused on network management and related responsibilities.","SME","Networking, Windows, Hardware, IT Support, Budgeting, Microsoft 365"
"2011","Data Scientist","Data Monkey (PTY) LTD","IT & Telecommunications","Western Cape","Cape Town","Full-Time","7.1","Bachelor's","Statistics","No","Permanent","Data Scientist role at Data Monkey (PTY) LTD based in Cape Town, focused on EDA and related responsibilities.","SME","LLMs, MLOps, scikit-learn"
"2012","Intermediate Software Developer","Karebo Group","Business Services","Western Cape","Stellenbosch","Full-Time","2.3","Bachelor's","Engineering","No","Permanent","Intermediate Software Developer role at Karebo Group based in Stellenbosch, focused on code review and related responsibilities.","SME","Java, Kubernetes, Swift"
"2013","Data Engineer - Lead","Titanium Talent","Banking, Finance, Insurance","Not Specified","Not Specified","Full-Time","8.5","Bachelor's","Not specified","No","Permanent","Data Engineer - Lead role at Titanium Talent based in Not Specified, focused on data warehousing and related responsibilities.","Large","Data Modelling, CI/CD, AWS"
"2014","Senior Software Developer","Nedbank","Engineering, Technical, Manufacturing","Western Cape","Cape Town","Full-Time","8.2","Bachelor's","Information Technology","No","Permanent","Senior Software Developer role at Nedbank based in Cape Town, focused on testing and related responsibilities.","Large","Git, Laravel, C#"
"2015","Data Entry Clerk","Absa","IT & Telecommunications","Gauteng","Centurion","Full-Time","1.4","Bachelor's","Not specified","No","Contract","Data Entry Clerk role at Absa based in Centurion, focused on technical support and related responsibilities.","SME","Problem Solving, Project Management, Communication, Microsoft Office, Documentation, Teamwork, Customer Service"
"2016","Infrastructure Automation Engineer","Sibanye-Stillwater","Not Specified","Gauteng","Pretoria","Full-Time","7.6","Not Specified","Not specified","Yes","Contract","Infrastructure Automation Engineer role at Sibanye-Stillwater based in Pretoria, focused on containerisation and related responsibilities.","SME","Containerisation, Bash, Infrastructure as Code, DevOps, Jenkins"
"2017","Delivery Manager","Mediro ICT Recruitment","IT & Telecommunications","Gauteng","Bryanston","Full-Time","6.1","Not Specified","Not specified","No","Contract","Delivery Manager role at Mediro ICT Recruitment based in Bryanston, focused on risk management and related responsibilities.","SME","SDLC, SAFe, Change Management"
"2018","Data Scientist (Entry)","Sabenza IT Recruitment","Banking, Finance, Insurance","Gauteng","Johannesburg North","Full-Time","1.0","Bachelor's","Computer Science","No","Permanent","Data Scientist (Entry) role at Sabenza IT Recruitment based in Johannesburg North, focused on model training and related responsibilities.","SME","Data Pipelines, Cloud Data Platforms, Credit Risk Modelling"
"2019","UX/UI Designer","Microsoft","Banking, Finance, Insurance","Not Specified","Not Specified","Full-Time","2.3","Bachelor's","Graphic Design","No","Permanent","UX/UI Designer role at Microsoft based in Not Specified, focused on design systems and related responsibilities.","Large","HTML, Design Systems, Usability Testing, Figma"
"2020","Data Governance Analyst","Network Contracting Solutions","IT & Telecommunications","Gauteng","Johannesburg","Full-Time","0.1","Bachelor's","Not specified","Yes","Permanent","Data Governance Analyst role at Network Contracting Solutions based in Johannesburg, focused on BI development and related responsibilities.","SME","Process Improvement, Data Warehousing, Dashboards, Reporting"
"2021","Data Analyst (with Geospatial Experience)","Communicate Finance","Engineering, Technical, Manufacturing","Gauteng","Gauteng","Full-Time","2.1","Not Specified","Not specified","No","Permanent","Data Analyst (with Geospatial Experience) role at Communicate Finance based in Gauteng, focused on dashboards and related responsibilities.","SME","Data Cleansing, Dashboards, Data Analysis"
"2022","Business Analyst (Banking)","Newsclip Media Monitoring (Pty) Ltd.","FMCG, Retail, Wholesale","Eastern Cape","Port Elizabeth","Contract","4.7","Bachelor's","Not specified","Yes","Contract","Business Analyst (Banking) role at Newsclip Media Monitoring (Pty) Ltd. based in Port Elizabeth, focused on stakeholder engagement and related responsibilities.","SME","Power BI, SQL, SOPs, SDLC, UAT, ERP Implementation, Architecture Alignment, BRDs"
"2023","Data Scientist (Pipeline)","RedM Professional Services","IT Consulting","Not Specified","Not Specified","Full-Time","0.4","Bachelor's","Statistics","No","Permanent","Data Scientist (Pipeline) role at RedM Professional Services based in Not Specified, focused on data governance and related responsibilities.","SME","Data Modelling, Advanced Analytics, Model Training, RAG, Python, Cloud Data Platforms"
"2024","ETL Developer","Professional Recruitment Partners","IT & Telecommunications","Western Cape","Stellenbosch","Full-Time","2.0","Bachelor's","Information Systems","No","Permanent","ETL Developer role at Professional Recruitment Partners based in Stellenbosch, focused on performance tuning and related responsibilities.","SME","PostgreSQL, Data Modelling, SQL, Backup & Recovery, SSIS, Replication"
"2025","Technical Project Manager","iSanqa","IT Consulting","Gauteng","Johannesburg North","Full-Time","6.4","Diploma","Not specified","No","Contract","Technical Project Manager role at iSanqa based in Johannesburg North, focused on project planning and related responsibilities.","SME","Agile, Vendor Management, Scrum, SAFe, Jira, PRINCE2"
"2026","Information Security Officer","AO Connect Solutions","Agriculture, Forestry, Environmental","Not Specified","Not Specified","Full-Time","6.9","Bachelor's","Cyber Security","No","Permanent","Information Security Officer role at AO Connect Solutions based in Not Specified, focused on threat detection and related responsibilities.","SME","Firewalls, IT Audit, Penetration Testing, CISSP, Compliance, SOC, SIEM, Network Security"
"2027","NOC Engineer","BHP","IT & Telecommunications","Western Cape","Cape Town: City Bowl","Full-Time","4.7","Bachelor's","Engineering","No","Permanent","NOC Engineer role at BHP based in Cape Town: City Bowl, focused on telecom systems and related responsibilities.","SME","Routing & Switching, Wi-Fi 6, Fibre Optics, Network Design, Network Security, Firewalls"
"2028","AI Software Developer","Quest Staffing Solutions","IT & Telecommunications","Gauteng","Johannesburg East","Full-Time","0.5","Master's","Not specified","No","Contract","AI Software Developer role at Quest Staffing Solutions based in Johannesburg East, focused on model development and related responsibilities.","SME","Computer Vision, Feature Engineering, Deep Learning, AI, RAG"
"2029","Data Engineer (Microsoft Fabric)","Communicate IT","IT & Telecommunications","Gauteng","Johannesburg North","Full-Time","4.4","Bachelor's","Not specified","No","Permanent","Data Engineer (Microsoft Fabric) role at Communicate IT based in Johannesburg North, focused on data warehousing and related responsibilities.","SME","Data Warehousing, Data Modelling, Azure, Data Lakes"
"2030","Build/Release Engineer","The Foschini Group","IT & Telecommunications","Gauteng","Johannesburg","Full-Time","7.4","Bachelor's","Not specified","No","Permanent","Build/Release Engineer role at The Foschini Group based in Johannesburg, focused on CI/CD and related responsibilities.","SME","Site Reliability, Prometheus, Serverless, GitHub Actions, Docker, Ansible, DevOps"
"2031","Network Administrator","Staff Unlimited","IT & Telecommunications","Gauteng","Johannesburg","Full-Time","4.1","Bachelor's","Networking","Yes","Permanent","Network Administrator role at Staff Unlimited based in Johannesburg, focused on network design and related responsibilities.","SME","MPLS, VPN, Routing & Switching"
"2032","Technical Consultant","iSanqa","Banking, Finance, Insurance","Gauteng","Sandton","Contract","0.6","Bachelor's","Not specified","No","Contract","Technical Consultant role at iSanqa based in Sandton, focused on stakeholder engagement and related responsibilities.","SME","Scrum, Digital Transformation, Process Flows, Solution Design, IT Strategy, BRDs, Change Management"
"2033","BI Analyst","Microsoft","IT & Telecommunications","Gauteng","Johannesburg","Full-Time","4.5","Bachelor's","Not specified","No","Permanent","BI Analyst role at Microsoft based in Johannesburg, focused on dashboards and related responsibilities.","SME","Tableau, Process Improvement, Dashboards, BI, Anomaly Detection, Reporting"
"2034","Software Developer II","Pick n Pay","IT & Telecommunications","Gauteng","Centurion","Full-Time","4.7","Diploma","Information Technology","No","Permanent","Software Developer II role at Pick n Pay based in Centurion, focused on testing and related responsibilities.","SME","Git, C++, PHP"
"2035","ICT Officer","Sanlam","Banking, Finance, Insurance","Western Cape","Cape Town","Full-Time","4.9","Bachelor's","Not specified","No","Permanent","ICT Officer role at Sanlam based in Cape Town, focused on hardware maintenance and related responsibilities.","SME","Windows, Software Installation, Active Directory, Hardware, Budgeting, Vendor Management"
"2036","NOC Engineer","Microsoft","Banking, Finance, Insurance","KwaZulu-Natal","Pietermaritzburg","Full-Time","3.0","Bachelor's","Information Technology","No","Permanent","NOC Engineer role at Microsoft based in Pietermaritzburg, focused on network security and related responsibilities.","Large","Network Security, Wi-Fi 6, CCNA, TCP/IP, LAN, Fibre Optics, VPN"
"2037","AI Software Developer","QE Services","Health, Fitness, Medical","Gauteng","Kempton Park","Full-Time","4.6","Bachelor's","Not specified","No","Permanent","AI Software Developer role at QE Services based in Kempton Park, focused on deep learning and related responsibilities.","Large","scikit-learn, Azure AI, NLP, Feature Engineering, MLOps, Neural Networks"
"2038","SAP Supply Chain Functional Consultant","MECS","IT & Telecommunications","KwaZulu-Natal","Durban Central","Contract","2.8","Bachelor's","Not specified","No","Contract","SAP Supply Chain Functional Consultant role at MECS based in Durban Central, focused on requirements gathering and related responsibilities.","Large","Solution Design, SDLC Governance, Functional Specs"
"2039","Salesforce Consultant","The Individual Touch","Banking, Finance, Insurance","Gauteng","Johannesburg","Full-Time","0.8","Bachelor's","Not specified","No","Permanent","Salesforce Consultant role at The Individual Touch based in Johannesburg, focused on digital transformation and related responsibilities.","SME","Scrum, ServiceNow, Change Management, SAP Ariba, Process Flows, Project Management"
"2040","UX Designer","Standard Bank","IT & Telecommunications","Gauteng","Gauteng","Permanent","4.3","Not Specified","Interaction Design","No","Permanent","UX Designer role at Standard Bank based in Gauteng, focused on user research and related responsibilities.","SME","Visual Design, Prototyping, CSS, Interaction Design, Information Architecture, Usability Testing, Figma, Sketch"
"2041","Senior AI Engineer","Sanlam","IT & Telecommunications","Western Cape","CPT - Northern Suburbs","Full-Time","5.2","Diploma","Not specified","No","Contract","Senior AI Engineer role at Sanlam based in CPT - Northern Suburbs, focused on MLOps and related responsibilities.","SME","LLMs, Neural Networks, Statistics, LangChain"
"2042","Project Coordinator","Deloitte","Banking, Finance, Insurance","Gauteng","Bryanston","Full-Time","0.0","Not Specified","Not specified","No","Permanent","Project Coordinator role at Deloitte based in Bryanston, focused on budgeting and related responsibilities.","Large","Waterfall, Resource Management, SAFe, PMP"
"2043","Senior IT Project Manager","Exceed Human Resource Consultants","Engineering, Technical, Manufacturing","Gauteng","Johannesburg North","Full-Time","9.2","Bachelor's","Not specified","No","Permanent","Senior IT Project Manager role at Exceed Human Resource Consultants based in Johannesburg North, focused on agile delivery and related responsibilities.","SME","Scrum, Reporting, PMP, Budgeting, Change Management, MS Project, Stakeholder Management, Jira"
"2044","Android Developer","BCX","Mining","Gauteng","Menlyn","Full-Time","6.7","Bachelor's","Computer Science","No","Permanent","Android Developer role at BCX based in Menlyn, focused on code review and related responsibilities.","SME","Xamarin, Blazor, Laravel, Spring Boot, PHP"
"2045","Information Security Officer","Gold Fields","Not Specified","Western Cape","Cape Town: Northern Suburbs","Full-Time","0.4","Bachelor's","Cyber Security","No","Permanent","Information Security Officer role at Gold Fields based in Cape Town: Northern Suburbs, focused on incident response and related responsibilities.","SME","SOC, EDR, Forensics, CompTIA Security+, Firewalls"
"2046","Helpdesk Analyst","Mediro ICT Recruitment","IT & Telecommunications","Western Cape","Stellenbosch","Full-Time","0.0","Bachelor's","Not specified","No","Permanent","Helpdesk Analyst role at Mediro ICT Recruitment based in Stellenbosch, focused on user support and related responsibilities.","Large","Firewalls, Hardware Troubleshooting, Backup & Recovery, DHCP"
"2047","SOC Analyst","Karebo Group","Banking","Western Cape","Cape Town: Southern Suburbs","Full-Time","4.2","Bachelor's","Cyber Security","Yes","Permanent","SOC Analyst role at Karebo Group based in Cape Town: Southern Suburbs, focused on penetration testing and related responsibilities.","SME","Security Architecture, Forensics, CompTIA Security+, Splunk, EDR"
"2048","Data Specialist (Engineer/Scientist)","Network IT","IT & Telecommunications","Gauteng","Johannesburg North","Permanent","0.8","Master's","Computer Science","No","Permanent","Data Specialist (Engineer/Scientist) role at Network IT based in Johannesburg North, focused on data governance and related responsibilities.","SME","Credit Risk Modelling, Data Modelling, EDA, Python"
"2049","iOS Developer","Gold Fields","IT & Telecommunications","Gauteng","Johannesburg","Full-Time","0.1","Not Specified","Information Technology","No","Permanent","iOS Developer role at Gold Fields based in Johannesburg, focused on API development and related responsibilities.","SME","Blazor, Kotlin, React, Docker, HTML"
"2050","Data Analyst","Capitec Bank LTD","IT & Telecommunications","Free State","Bloemfontein","Full-Time","2.9","Bachelor's","Not specified","No","Permanent","Data Analyst role at Capitec Bank LTD based in Bloemfontein, focused on BI development and related responsibilities.","SME","Business Strategy, Anomaly Detection, Fraud Detection, ETL, Statistical Analysis, Financial Data Analysis, Data Warehousing"
"2051","AI Engineer (Entry)","TooMuchWifi","Health, Fitness, Medical","Gauteng","Midrand","Full-Time","1.3","Bachelor's","Not specified","No","Permanent","AI Engineer (Entry) role at TooMuchWifi based in Midrand, focused on MLOps and related responsibilities.","SME","PyTorch, Statistics, scikit-learn"
"2052","SEO Specialist","Cartrack Pty Ltd","IT & Telecommunications","Western Cape","Cape Town","Contract","2.9","Bachelor's","Not specified","Yes","Contract","SEO Specialist role at Cartrack Pty Ltd based in Cape Town, focused on project coordination and related responsibilities.","SME","Documentation, Time Management, Communication"
"2053","Platform Engineer","Network Finance.","Banking, Finance, Insurance","Gauteng","Johannesburg North","Full-Time","4.6","Bachelor's","Not specified","No","Permanent","Platform Engineer role at Network Finance. based in Johannesburg North, focused on infrastructure automation and related responsibilities.","SME","Terraform, GitLab CI, Cloud Architecture"
"2054","Project Coordinator","Microsoft","Not Specified","Gauteng","Johannesburg","Full-Time","0.4","Bachelor's","Not specified","No","Permanent","Project Coordinator role at Microsoft based in Johannesburg, focused on agile delivery and related responsibilities.","SME","Waterfall, Scrum, Confluence, Stakeholder Management, MS Project, PMP, Agile"
"2055","AI Research Scientist","Network Contracting Solutions","IT & Telecommunications","Gauteng","Johannesburg","Full-Time","4.6","Honours","Not specified","No","Permanent","AI Research Scientist role at Network Contracting Solutions based in Johannesburg, focused on AI integration and related responsibilities.","SME","TensorFlow, Python, Deep Learning, MLOps, AWS SageMaker, NLP, RAG"
"2056","AI Engineer (Expert)","The Individual Touch","IT & Telecommunications","Gauteng","Johannesburg","Full-Time","2.7","Honours","Not specified","No","Permanent","AI Engineer (Expert) role at The Individual Touch based in Johannesburg, focused on NLP and related responsibilities.","SME","LangChain, Statistics, Data Science, Speech Recognition, Azure AI"
"2057","Business Analyst & Product Owner","iLaunch (Pty) Ltd","IT & Telecommunications","Not Specified","Not Specified","Full-Time","4.5","Bachelor's","Business Administration","No","Permanent","Business Analyst & Product Owner role at iLaunch (Pty) Ltd based in Not Specified, focused on process analysis and related responsibilities.","SME","Stakeholder Engagement, ERP Implementation, Requirements Elicitation, Business Process Improvement"
"2058","Junior Data Scientist","The Recruitment Pig","IT & Telecommunications","Gauteng","Pretoria","Full-Time","1.5","Honours","Computer Science","No","Permanent","Junior Data Scientist role at The Recruitment Pig based in Pretoria, focused on data governance and related responsibilities.","SME","AI, Cloud Data Platforms, EDA, Statistical Analysis, Data Modelling, Graph Modelling, NLP"
"2059","IT Support Engineer","Ability Recruitment","IT & Telecommunications","Gauteng","Johannesburg","Full-Time","0.9","Not Specified","Not specified","No","Permanent","IT Support Engineer role at Ability Recruitment based in Johannesburg, focused on user support and related responsibilities.","SME","Printers, Firewalls, SharePoint, Active Directory, DHCP, SCCM"
"2060","Software Engineer","Capita South Africa","IT & Telecommunications","Gauteng","Roodepoort","Full-Time","0.2","Bachelor's","Information Technology","No","Permanent","Software Engineer role at Capita South Africa based in Roodepoort, focused on system architecture and related responsibilities.","SME","ASP.NET, SDLC, CI/CD, OOP, .NET"
"2061","Data Specialist (Engineer/Scientist)","Sibanye-Stillwater","IT Recruitment","Gauteng","Johannesburg","Full-Time","4.7","Bachelor's","Computer Science","Yes","Permanent","Data Specialist (Engineer/Scientist) role at Sibanye-Stillwater based in Johannesburg, focused on machine learning and related responsibilities.","SME","Credit Risk Modelling, Statistical Analysis, Graph Modelling, NLP, LLMs, RAG, Data Governance, Cloud Data Platforms"
"2062","Java Developer","Paracon - Western Cape","Not Specified","Remote / Not Specified","Remote","Full-Time","0.3","Not Specified","Information Technology","No","Contract","Java Developer role at Paracon - Western Cape based in Remote, focused on system architecture and related responsibilities.","SME","C#, OOP, Vue.js, SDLC, Node.js, Spring Boot, SQL"
"2063","Telecommunications Engineer","Network Contracting Solutions","IT Recruitment","Western Cape","Cape Winelands: Stellenbosch","Full-Time","7.6","Diploma","Networking","No","Permanent","Telecommunications Engineer role at Network Contracting Solutions based in Cape Winelands: Stellenbosch, focused on network design and related responsibilities.","SME","Network Security, VoIP, Wireless, LAN, Network Design, Wi-Fi 6"
"2064","Data Solutions Analyst","Hicell V- Shops Pty Ltd","IT & Telecommunications","KwaZulu-Natal","Pietermaritzburg","Full-Time","0.4","Bachelor's","Not specified","No","Permanent","Data Solutions Analyst role at Hicell V- Shops Pty Ltd based in Pietermaritzburg, focused on data analysis and related responsibilities.","SME","Data Governance, Data Visualisation, SQL, Data Cleansing"
"2065","Senior Data Scientist","E-Merge IT Recruitment","IT Consulting","Gauteng","Johannesburg","Full-Time","5.7","Bachelor's","Not specified","No","Permanent","Senior Data Scientist role at E-Merge IT Recruitment based in Johannesburg, focused on machine learning and related responsibilities.","SME","ETL, Spark, EDA, Python, Machine Learning, Graph Modelling, Pandas, PyTorch"
"2066","Senior Data Scientist","iSanqa","Not Specified","Gauteng","Pretoria","Full-Time","7.5","Honours","Computer Science","No","Permanent","Senior Data Scientist role at iSanqa based in Pretoria, focused on machine learning and related responsibilities.","SME","R, Python, EDA, Predictive Modelling, scikit-learn"
"2067","Angular Developer","Computer Experts Personnel","IT & Telecommunications","Gauteng","Tshwane (Pretoria)","Full-Time","5.0","Bachelor's","Computer Science","No","Permanent","Angular Developer role at Computer Experts Personnel based in Tshwane (Pretoria), focused on software design and related responsibilities.","SME","React, OOP, Vue.js, C#, Software Design, Swift, SQL, CI/CD"
"2068","IT Support Engineer","Pick n Pay","IT & Telecommunications","Gauteng","Johannesburg","Contract","7.1","Bachelor's","Not specified","No","Contract","IT Support Engineer role at Pick n Pay based in Johannesburg, focused on server management and related responsibilities.","SME","Intune, Active Directory, Server Maintenance, VMware, Ticketing Systems"
"2069","SSIS Developer","Attain People","IT & Telecommunications","Gauteng","Johannesburg","Full-Time","2.1","Bachelor's","Information Technology","No","Permanent","SSIS Developer role at Attain People based in Johannesburg, focused on data modelling and related responsibilities.","Large","Data Warehousing, MySQL, Oracle, Indexing, MongoDB"
"2070","Web Developer","Titanium Talent","IT & Telecommunications","Gauteng","Centurion","Contract","2.6","Not Specified","Computer Science","No","Contract","Web Developer role at Titanium Talent based in Centurion, focused on agile development and related responsibilities.","SME","Spring Boot, Python, Node.js, Docker, C#, Vue.js, JavaScript"
"2071","Junior Software Developer","IBM","IT & Telecommunications","Gauteng","Johannesburg North","Full-Time","0.7","Bachelor's","Computer Science","No","Permanent","Junior Software Developer role at IBM based in Johannesburg North, focused on testing and related responsibilities.","Large","Entity Framework, Xamarin, SDLC, Flutter"
"2072","AI Research Scientist","Salix Recruitment","Education & Training","Western Cape","Paarl","Full-Time","0.7","Not Specified","Not specified","No","Permanent","AI Research Scientist role at Salix Recruitment based in Paarl, focused on computer vision and related responsibilities.","SME","AWS SageMaker, AI, Speech Recognition, PyTorch, Transformers"
"2073","Senior Data Engineer","AO Connect Solutions","Mining","Not Specified","Not Specified","Full-Time","7.3","Diploma/Degree","Not specified","No","Permanent","Senior Data Engineer role at AO Connect Solutions based in Not Specified, focused on data pipelines and related responsibilities.","SME","Data Warehousing, Azure Data Factory, Data Architecture"
"2074",".NET Developer","BCX","Mining","Gauteng","Midrand","Full-Time","4.6","Not Specified","Computer Science","No","Permanent",".NET Developer role at BCX based in Midrand, focused on system architecture and related responsibilities.","SME","Xamarin, Node.js, .NET Core"
"2075","SEO Specialist","Salix Recruitment","Recruitment","Not Specified","Not Specified","Full-Time","2.5","Bachelor's","Not specified","No","Permanent","SEO Specialist role at Salix Recruitment based in Not Specified, focused on technical support and related responsibilities.","SME","Problem Solving, Customer Service, Project Management, Teamwork"
"2076","Content Manager","Career Lab Pty Ltd","IT & Telecommunications","Western Cape","Cape Winelands: Stellenbosch","Full-Time","8.1","Bachelor's","Not specified","No","Permanent","Content Manager role at Career Lab Pty Ltd based in Cape Winelands: Stellenbosch, focused on project coordination and related responsibilities.","Large","Project Management, Teamwork, Time Management, Microsoft Office, Customer Service, Communication, Documentation, Problem Solving"
"2077","Mobile Developer","RedM Professional Services","IT & Telecommunications","Western Cape","Cape Town: Southern Suburbs","Permanent","2.6","Bachelor's","Information Technology","No","Permanent","Mobile Developer role at RedM Professional Services based in Cape Town: Southern Suburbs, focused on deployment and related responsibilities.","SME",".NET, ASP.NET, SDLC"
"2078","Angular Developer","Excellent Staffing","Mining","Gauteng","Johannesburg","Full-Time","6.4","Bachelor's","Computer Science","Yes","Permanent","Angular Developer role at Excellent Staffing based in Johannesburg, focused on API development and related responsibilities.","SME","MVC, ASP.NET, React Native, Java, React, Git, Vue.js, Docker"
"2079","Vue.js Developer","MECS","IT & Telecommunications","Gauteng","Johannesburg","Full-Time","4.6","Bachelor's","Computer Science","No","Permanent","Vue.js Developer role at MECS based in Johannesburg, focused on testing and related responsibilities.","SME","Flutter, Code Review, Node.js, REST APIs, Blazor"
"2080","Desktop Support Technician","Zeal HR","IT & Telecommunications","Gauteng","Pretoria","Full-Time","1.0","Certification","Not specified","No","Permanent","Desktop Support Technician role at Zeal HR based in Pretoria, focused on user support and related responsibilities.","SME","Firewalls, TCP/IP, Exchange, Printers, Linux, Intune, Windows Server"
"2081","IT Administrator","Sibanye-Stillwater","IT & Telecommunications","Western Cape","Cape Town","Full-Time","4.6","Certification","Not specified","Yes","Permanent","IT Administrator role at Sibanye-Stillwater based in Cape Town, focused on server management and related responsibilities.","SME","SharePoint, Desktop Support, Backup & Recovery, Hardware Troubleshooting, Patch Management, ServiceNow, Active Directory, Printers"
"2082","IT Technician","TooMuchWifi","IT & Telecommunications","Western Cape","Cape Town","Full-Time","4.1","Bachelor's","Not specified","Yes","Contract","IT Technician role at TooMuchWifi based in Cape Town, focused on user support and related responsibilities.","SME","TCP/IP, VPN, Backup & Recovery, VMware, Networking, DHCP, Firewalls, Exchange"
"2083","Data Engineer (Microsoft Fabric)","Staff Unlimited","IT & Telecommunications","Western Cape","Cape Town","Permanent","2.2","Not Specified","Not specified","No","Permanent","Data Engineer (Microsoft Fabric) role at Staff Unlimited based in Cape Town, focused on data pipelines and related responsibilities.","SME","Databricks, Data Warehousing, ELT, Azure, Data Modelling, AWS, Azure Data Factory, Power BI"
"2084","IT Administrator","Communicate IT","IT Recruitment","Gauteng","Midrand","Full-Time","4.9","Certification","Not specified","No","Permanent","IT Administrator role at Communicate IT based in Midrand, focused on network administration and related responsibilities.","SME","ServiceNow, SCCM, Active Directory, Patch Management, VPN, Intune, Server Maintenance"
"2085","Security Engineer","Deloitte","IT & Telecommunications","Not Specified","Not Specified","Full-Time","7.8","Bachelor's","Cyber Security","Yes","Permanent","Security Engineer role at Deloitte based in Not Specified, focused on compliance and related responsibilities.","Large","Splunk, IT Audit, QRadar, Forensics, SOC, ISO 27001, Security Architecture, Compliance"
"2086","Junior Business Analyst","Nedbank","Transport, Logistics & Freight","Remote / Not Specified","Remote","Contract","1.1","Bachelor's","Not specified","No","Contract","Junior Business Analyst role at Nedbank based in Remote, focused on business process improvement and related responsibilities.","SME","ERP Implementation, Power BI, Agile/Scrum, Architecture Alignment, SQL, SOPs, Confluence"
"2087","Risk & Investigation Data Analyst","Paracon - Western Cape","IT & Telecommunications","Gauteng","Johannesburg North","Full-Time","4.6","Bachelor's","Not specified","No","Permanent","Risk & Investigation Data Analyst role at Paracon - Western Cape based in Johannesburg North, focused on dashboards and related responsibilities.","SME","Process Improvement, QlikSense, Data Analysis, Excel, Compliance Data, ETL"
"2088","Machine Learning Engineer","Cartrack Pty Ltd","IT & Telecommunications","Gauteng","Centurion","Full-Time","0.1","Bachelor's","Not specified","No","Permanent","Machine Learning Engineer role at Cartrack Pty Ltd based in Centurion, focused on AI integration and related responsibilities.","SME","MLOps, Speech Recognition, scikit-learn, Azure AI, Reinforcement Learning, AI, LLMs, Transformers"
"2089","Post-Sales Engineer","Karebo Group","IT Recruitment","Western Cape","Bellville","Full-Time","4.7","Diploma","Not specified","No","Permanent","Post-Sales Engineer role at Karebo Group based in Bellville, focused on technical support and related responsibilities.","SME","Customer Service, Communication, Teamwork, Microsoft Office, Documentation, Data Entry, Problem Solving"
"2090","RF Engineer","Data Monkey (PTY) LTD","IT & Telecommunications","Gauteng","Roodepoort","Full-Time","2.6","Bachelor's","Engineering","No","Permanent","RF Engineer role at Data Monkey (PTY) LTD based in Roodepoort, focused on wireless and related responsibilities.","SME","Cisco, Network Infrastructure, TCP/IP, Network Monitoring, CCNP"
"2091","Software Engineer","Datonomy Solutions","IT & Telecommunications","Eastern Cape","Port Elizabeth","Full-Time","4.7","Honours","Information Technology","No","Permanent","Software Engineer role at Datonomy Solutions based in Port Elizabeth, focused on code review and related responsibilities.","SME","SDLC, TypeScript, React Native, Vue.js, Software Design, Angular"
"2092","Information Security Officer","Transnet","Recruitment","Gauteng","Johannesburg","Full-Time","4.8","Bachelor's","Cyber Security","No","Permanent","Information Security Officer role at Transnet based in Johannesburg, focused on threat detection and related responsibilities.","SME","IT Audit, Firewalls, Splunk, Cloud Security, Threat Intelligence, Incident Response, SIEM, ISO 27001"
"2093","MLOps Engineer","KPMG","IT & Telecommunications","Not Specified","Not Specified","Full-Time","4.8","Bachelor's","Not specified","No","Permanent","MLOps Engineer role at KPMG based in Not Specified, focused on model development and related responsibilities.","Large","LangChain, Machine Learning, Reinforcement Learning, OpenAI API, Speech Recognition, LLMs, MLOps, NLP"
"2094","ServiceNow Consultant","Absa","IT & Telecommunications","KwaZulu-Natal","Durban South","Full-Time","7.3","Not Specified","Not specified","No","Contract","ServiceNow Consultant role at Absa based in Durban South, focused on process mapping and related responsibilities.","SME","Solution Design, Scrum, ERP, BRDs"
"2095","UX Consultant","TooMuchWifi","IT & Telecommunications","Remote / Not Specified","Remote","Full-Time","4.9","Not Specified","Interaction Design","No","Permanent","UX Consultant role at TooMuchWifi based in Remote, focused on design systems and related responsibilities.","SME","Visual Design, CSS, HTML, Accessibility, Figma"
"2096","Security Consultant","DevologyX","IT & Telecommunications","Gauteng","Johannesburg East","Full-Time","7.9","Bachelor's","Not specified","Yes","Permanent","Security Consultant role at DevologyX based in Johannesburg East, focused on risk assessment and related responsibilities.","SME","Network Security, Risk Assessment, EDR, ISO 27001, Security Architecture, CEH, CISSP"
"2097","Build/Release Engineer","Excellent Staffing","IT & Telecommunications","Gauteng","Alberton","Full-Time","2.4","Bachelor's","Not specified","No","Contract","Build/Release Engineer role at Excellent Staffing based in Alberton, focused on containerisation and related responsibilities.","SME","Grafana, ELK Stack, DevOps, Bash, GitHub Actions"
"2098","SAP Senior Functional Consultant","E and D Recruiters","Not Specified","Western Cape","Cape Town: Helderberg","Full-Time","8.6","Not Specified","Not specified","No","Permanent","SAP Senior Functional Consultant role at E and D Recruiters based in Cape Town: Helderberg, focused on solution design and related responsibilities.","SME","ERP, ServiceNow, BRDs, Change Management, SDLC Governance"
"2099","IT Recruiter","iSanqa","Banking, Finance, Insurance","Western Cape","Cape Town","Contract","4.0","Bachelor's","Not specified","No","Contract","IT Recruiter role at iSanqa based in Cape Town, focused on project coordination and related responsibilities.","SME","Data Entry, Documentation, Microsoft Office, Project Management, Teamwork, Time Management, Customer Service, Problem Solving"
"2100","IT Specialist","Massmart","Not Specified","KwaZulu-Natal","Durban","Contract","0.6","Bachelor's","Not specified","No","Contract","IT Specialist role at Massmart based in Durban, focused on IT support and related responsibilities.","SME","Vendor Management, Hardware, Software Installation"
"2101","Finance Data Analyst","Sanlam","IT & Telecommunications","Gauteng","Johannesburg North","Full-Time","4.1","Not Specified","Not specified","No","Permanent","Finance Data Analyst role at Sanlam based in Johannesburg North, focused on reporting and related responsibilities.","SME","Financial Data Analysis, Power BI, Dashboards"
"2102","NOC Engineer","Computer Experts Personnel","IT & Telecommunications","Western Cape","Cape Town","Contract","7.2","Not Specified","Engineering","No","Contract","NOC Engineer role at Computer Experts Personnel based in Cape Town, focused on wireless and related responsibilities.","SME","Network Monitoring, BGP, Wireless, Transmission"
"2103","Technical Writer","Nambiti Technologies (Pty) Ltd","Transport, Logistics & Freight","Gauteng","Sandton","Full-Time","2.8","Bachelor's","Not specified","No","Contract","Technical Writer role at Nambiti Technologies (Pty) Ltd based in Sandton, focused on technical support and related responsibilities.","SME","Time Management, Customer Service, Teamwork, Documentation, Data Entry, Communication"
"2104","Junior Software Developer","The Individual Touch","IT & Telecommunications","Western Cape","Stellenbosch","Full-Time","0.0","Bachelor's","Information Technology","No","Permanent","Junior Software Developer role at The Individual Touch based in Stellenbosch, focused on agile development and related responsibilities.","SME","Git, Docker, Flutter, Blazor"
"2105","SAP Ariba Functional Lead Consultant","Gold Fields","IT & Telecommunications","Gauteng","Johannesburg","Full-Time","9.5","Degree","Not specified","No","Contract","SAP Ariba Functional Lead Consultant role at Gold Fields based in Johannesburg, focused on requirements gathering and related responsibilities.","SME","ERP, ServiceNow, Requirements Gathering, Solution Design, Functional Specs, Change Management"
"2106","NLP Engineer","Shoprite","IT & Telecommunications","Gauteng","Johannesburg","Full-Time","0.1","Bachelor's","Not specified","No","Permanent","NLP Engineer role at Shoprite based in Johannesburg, focused on computer vision and related responsibilities.","Large","Data Science, Machine Learning, Model Deployment, Speech Recognition, Statistics, NLP, MLOps"
"2107","Quantitative Analyst","RedM Professional Services","IT Recruitment","Gauteng","Centurion","Full-Time","2.8","Bachelor's","Data Science","No","Permanent","Quantitative Analyst role at RedM Professional Services based in Centurion, focused on data governance and related responsibilities.","SME","TensorFlow, LLMs, Advanced Analytics, Feature Stores, Python, Data Governance, Spark"
"2108","Transmission Engineer","Pick n Pay","IT & Telecommunications","Gauteng","Midrand","Full-Time","4.8","Bachelor's","Not specified","No","Permanent","Transmission Engineer role at Pick n Pay based in Midrand, focused on routing & switching and related responsibilities.","SME","RF, Wi-Fi 6, WAN, CCNA, Fibre Optics, Transmission, CCNP"
"2109","Data Analyst","wePlace (Pty) Ltd","IT Recruitment","Eastern Cape","East London","Full-Time","2.0","Bachelor's","Not specified","No","Contract","Data Analyst role at wePlace (Pty) Ltd based in East London, focused on reporting and related responsibilities.","SME","Azure Data Fundamentals, Anomaly Detection, Dashboards, Data Governance, Data Visualisation, Statistical Analysis, Data Mapping"
"2110","IT Support Technician","SALT","IT & Telecommunications","Not Specified","Not Specified","Full-Time","4.3","Bachelor's","Not specified","No","Permanent","IT Support Technician role at SALT based in Not Specified, focused on security patches and related responsibilities.","SME","Linux, Active Directory, SCCM"
"2111","Software Developer II","Absa","IT & Telecommunications","Gauteng","Johannesburg","Full-Time","0.4","Bachelor's","Engineering","No","Contract","Software Developer II role at Absa based in Johannesburg, focused on system architecture and related responsibilities.","SME","REST APIs, Docker, Git, SDLC, Java, Microservices, Blazor"
"2112","Desktop Support Technician","SALT","IT Recruitment","Gauteng","Johannesburg East","Full-Time","4.6","Bachelor's","Not specified","No","Permanent","Desktop Support Technician role at SALT based in Johannesburg East, focused on network administration and related responsibilities.","SME","Exchange, Linux, Desktop Support, Printers, Microsoft 365, Hardware Troubleshooting, VMware, Office 365"
"2113","5G Systems Engineer","Attain People","IT & Telecommunications","Gauteng","Johannesburg","Full-Time","4.6","Degree preferred","Engineering","No","Permanent","5G Systems Engineer role at Attain People based in Johannesburg, focused on wireless and related responsibilities.","SME","Network Security, Wireshark, CCNA, Fibre Optics, Cisco"
"2114","Data Engineer_Data Analytics Platform","Karebo Group","Not Specified","Western Cape","Cape Town","Full-Time","0.0","Bachelor's","Not specified","No","Permanent","Data Engineer_Data Analytics Platform role at Karebo Group based in Cape Town, focused on data integration and related responsibilities.","SME","SSIS, Data Integration, Cloud Data Solutions, Dataflow, AWS, GCP, ELT"
"2115","IT Coordinator","Computer Experts Personnel","Media, Advertising, PR","Not Specified","Not Specified","Full-Time","0.8","Not Specified","Not specified","No","Contract","IT Coordinator role at Computer Experts Personnel based in Not Specified, focused on software installation and related responsibilities.","SME","Troubleshooting, Active Directory, Budgeting, Networking, Software Installation, IT Strategy"
"2116","Junior Data Analyst","Vodacom","Banking, Finance, Insurance","Gauteng","Johannesburg","Full-Time","0.6","Bachelor's","Not specified","No","Permanent","Junior Data Analyst role at Vodacom based in Johannesburg, focused on statistical analysis and related responsibilities.","SME","Anomaly Detection, BI, Financial Data Analysis, Process Improvement, QlikSense"
"2117","Junior Software Developer","Tumaini Consulting","IT & Telecommunications","Gauteng","Johannesburg","Full-Time","0.3","Not Specified","Engineering","No","Permanent","Junior Software Developer role at Tumaini Consulting based in Johannesburg, focused on deployment and related responsibilities.","SME","TDD, Blazor, Laravel"
"2118","Business Analyst (Managed Print Services)","Abalobi Solutions","IT Consulting","Western Cape","Cape Town","Full-Time","4.2","Bachelor's","Business Administration","No","Permanent","Business Analyst (Managed Print Services) role at Abalobi Solutions based in Cape Town, focused on business process improvement and related responsibilities.","SME","Digital Transformation, Change Management, Agile/Scrum, Power BI, BRDs"
"2119","Software Developer II","Network Contracting Solutions","IT & Telecommunications","Gauteng","JHB - Northern Suburbs","Full-Time","6.6","Not Specified","Not specified","Partial","Contract","Software Developer II role at Network Contracting Solutions based in JHB - Northern Suburbs, focused on software design and related responsibilities.","SME","Code Review, Spring Boot, .NET"
"2120","Senior Data Scientist","bbe Recruitment","IT & Telecommunications","Western Cape","Stellenbosch","Full-Time","5.6","Not Specified","Computer Science","No","Permanent","Senior Data Scientist role at bbe Recruitment based in Stellenbosch, focused on machine learning and related responsibilities.","SME","Data Governance, Credit Risk Modelling, Deep Learning"
"2121","Embedded Software Developer","Sasol","Banking, Finance, Insurance","Western Cape","Cape Town","Permanent","4.0","Not Specified","Information Technology","No","Permanent","Embedded Software Developer role at Sasol based in Cape Town, focused on agile development and related responsibilities.","SME","CI/CD, Docker, Microservices, TypeScript"
"2122","Security Architect","Super Save t/a Super Save","Engineering, Technical, Manufacturing","Gauteng","Johannesburg","Full-Time","8.0","Bachelor's","Computer Science","No","Permanent","Security Architect role at Super Save t/a Super Save based in Johannesburg, focused on compliance and related responsibilities.","SME","CISSP, Risk Assessment, IAM, Incident Response, CISA, IT Audit, EDR, Compliance"
"2123","Cloud Architect","E and D Recruiters","Engineering, Technical, Manufacturing","Western Cape","Cape Town","Contract","6.8","Bachelor's","Not specified","No","Contract","Cloud Architect role at E and D Recruiters based in Cape Town, focused on CI/CD and related responsibilities.","SME","Linux, Grafana, Infrastructure as Code, Terraform, Monitoring, GCP"
"2124","Data Scientist","Capitec Bank LTD","IT & Telecommunications","Remote / Not Specified","Remote","Full-Time","2.4","Master's","Statistics","No","Permanent","Data Scientist role at Capitec Bank LTD based in Remote, focused on model training and related responsibilities.","SME","Data Pipelines, Cloud Data Platforms, PyTorch"
"2125","Cybersecurity Specialist","Deloitte","Banking, Finance, Insurance","Western Cape","Cape Town","Full-Time","0.9","Bachelor's","Information Technology","Yes","Permanent","Cybersecurity Specialist role at Deloitte based in Cape Town, focused on risk assessment and related responsibilities.","SME","CISA, Penetration Testing, Firewalls, SIEM, IDS/IPS, Network Security, IT Audit, GRC"
"2126","Embedded Software Developer","Sibanye-Stillwater","IT & Telecommunications","Gauteng","Gauteng","Full-Time","2.1","Not Specified","Engineering","No","Permanent","Embedded Software Developer role at Sibanye-Stillwater based in Gauteng, focused on code review and related responsibilities.","SME",".NET, Entity Framework, Swift, Spring Boot, Code Review"
"2127","Cybersecurity Analyst","Imizizi","Banking, Finance, Insurance","Not Specified","Not Specified","Full-Time","1.0","Bachelor's","Computer Science","No","Contract","Cybersecurity Analyst role at Imizizi based in Not Specified, focused on threat detection and related responsibilities.","SME","CEH, ISO 27001, Threat Intelligence, CISA"
"2128","Data Engineer","cloudandthings.io","IT & Telecommunications","Gauteng","Midrand","Full-Time","7.5","Bachelor's","Not specified","No","Contract","Data Engineer role at cloudandthings.io based in Midrand, focused on data architecture and related responsibilities.","SME","Kafka, Data Warehousing, Azure, Cloud Data Solutions, SSIS"
"2129","IT Sales Executive","First National Bank","IT Services","Not Specified","Not Specified","Full-Time","0.3","Not Specified","Not specified","No","Permanent","IT Sales Executive role at First National Bank based in Not Specified, focused on vendor management and related responsibilities.","SME","Project Management, Teamwork, Microsoft Office"
"2130","Data Entry Clerk","Accenture","IT Recruitment","Gauteng","Johannesburg","Full-Time","1.8","Diploma","Not specified","No","Permanent","Data Entry Clerk role at Accenture based in Johannesburg, focused on training and related responsibilities.","SME","Problem Solving, Project Management, Microsoft Office, Teamwork, Customer Service, Data Entry, Communication"
"2131","SDET","EY","IT & Telecommunications","Not Specified","Not Specified","Full-Time","0.8","Bachelor's","Not specified","No","Contract","SDET role at EY based in Not Specified, focused on regression testing and related responsibilities.","SME","Agile Testing, JUnit, UAT, Performance Testing, Java"
"2132","Business Analyst (Product Office)","Eskom","IT Consulting","Western Cape","Stellenbosch","Full-Time","5.0","Bachelor's","Business Administration","No","Permanent","Business Analyst (Product Office) role at Eskom based in Stellenbosch, focused on process analysis and related responsibilities.","SME","Requirements Gathering, Process Flows, SQL, Digital Transformation"
"2133","Software Engineer","Transnet","SHEQ & Security Work","Not Specified","Not Specified","Full-Time","6.2","Bachelor's","Software Engineering","No","Permanent","Software Engineer role at Transnet based in Not Specified, focused on software design and related responsibilities.","SME","Docker, Vue.js, TypeScript, OOP"
"2134","Node.js Developer","Credico Financial Services (Pty) Ltd","Banking, Finance, Insurance","Not Specified","Not Specified","Full-Time","0.2","Bachelor's","Not specified","No","Permanent","Node.js Developer role at Credico Financial Services (Pty) Ltd based in Not Specified, focused on API development and related responsibilities.","SME","ASP.NET, Entity Framework, CI/CD, Flutter"
"2135","TigerGraph Data Scientist","Tumaini Consulting","IT & Telecommunications","Western Cape","Cape Town: City Bowl","Full-Time","2.5","Honours","Not specified","Partial","Permanent","TigerGraph Data Scientist role at Tumaini Consulting based in Cape Town: City Bowl, focused on data governance and related responsibilities.","SME","Python, Statistical Analysis, EDA, scikit-learn"
"2136","SEO Specialist","Ability Recruitment","IT & Telecommunications","Western Cape","Paarl","Permanent","4.3","Not Specified","Not specified","No","Permanent","SEO Specialist role at Ability Recruitment based in Paarl, focused on training and related responsibilities.","Large","Project Management, Customer Service, Documentation, Communication"
"2137","Business Analyst (Managed Print Services)","Ability Recruitment","IT & Telecommunications","KwaZulu-Natal","Durban","Full-Time","4.2","Master's","Not specified","Yes","Permanent","Business Analyst (Managed Print Services) role at Ability Recruitment based in Durban, focused on stakeholder engagement and related responsibilities.","SME","Process Mapping, Stakeholder Engagement, Architecture Alignment, SDLC, Change Management, Requirements Gathering"
"2138","Security Operations Analyst","BHP","Banking, Finance, Insurance","Not Specified","Not Specified","Full-Time","0.5","Bachelor's","Cyber Security","No","Permanent","Security Operations Analyst role at BHP based in Not Specified, focused on security monitoring and related responsibilities.","SME","Firewalls, CEH, CISSP, IT Audit, IDS/IPS, Penetration Testing, Threat Intelligence"
"2139","Network Administrator","The Individual Touch","IT Recruitment","Gauteng","Centurion","Full-Time","6.8","National Diploma/Degree","Not specified","No","Contract","Network Administrator role at The Individual Touch based in Centurion, focused on network security and related responsibilities.","SME","BGP, Network Design, Network Monitoring, Routing & Switching, VPN, Firewalls, 5G"
"2140","Intermediate Software Developer","Eskom","IT & Telecommunications","Western Cape","Stellenbosch","Contract","2.2","Bachelor's","Computer Science","No","Contract","Intermediate Software Developer role at Eskom based in Stellenbosch, focused on deployment and related responsibilities.","SME","Docker, CI/CD, Spring Boot, Swift, Entity Framework, SDLC"
"2141","Scrum Master","Goldman Tech Resourcing (Pty) Ltd","IT & Telecommunications","Gauteng","Menlyn","Full-Time","0.3","Not Specified","Not specified","No","Permanent","Scrum Master role at Goldman Tech Resourcing (Pty) Ltd based in Menlyn, focused on project planning and related responsibilities.","SME","PRINCE2, Reporting, Agile"
"2142","Full Stack Developer","MECS","IT & Telecommunications","Gauteng","Midrand","Contract","4.3","Bachelor's","Information Technology","No","Contract","Full Stack Developer role at MECS based in Midrand, focused on code review and related responsibilities.","SME","Code Review, Java, Git"
"2143","Full Stack Developer","JMR Software (Pty) Ltd","IT & Telecommunications","Western Cape","Durbanville","Full-Time","4.9","Bachelor's","Engineering","No","Permanent","Full Stack Developer role at JMR Software (Pty) Ltd based in Durbanville, focused on deployment and related responsibilities.","SME","Code Review, SQL, Docker, C#, PHP, Flutter"
"2144","Senior Network Engineer","Communicate IT","Banking, Finance, Insurance","Western Cape","Cape Town: City Bowl","Full-Time","5.3","Bachelor's","Information Technology","No","Permanent","Senior Network Engineer role at Communicate IT based in Cape Town: City Bowl, focused on fibre optics and related responsibilities.","Large","Network Monitoring, BGP, VPN, VoIP, CCNP, Wireless"
"2145","Network Technician","Nigel Frank International","SHEQ & Security Work","Gauteng","Centurion","Full-Time","4.1","Bachelor's","Not specified","Yes","Contract","Network Technician role at Nigel Frank International based in Centurion, focused on network design and related responsibilities.","SME","Firewalls, Wireshark, MPLS, 5G, CCNP, RF, Wireless, WAN"
"2146","Business Analyst & Product Owner","Quest Staffing Solutions","IT & Telecommunications","Gauteng","Johannesburg North","Full-Time","4.9","Diploma","Information Systems","No","Permanent","Business Analyst & Product Owner role at Quest Staffing Solutions based in Johannesburg North, focused on UAT and related responsibilities.","SME","Functional Specs, Data Mapping, SOPs, Process Flows, Power BI, Digital Transformation, Process Mapping"
"2147","Solutions Consultant","Unique Personnel","IT & Telecommunications","Gauteng","Gauteng","Full-Time","7.8","Bachelor's","Not specified","No","Permanent","Solutions Consultant role at Unique Personnel based in Gauteng, focused on stakeholder engagement and related responsibilities.","SME","Change Management, Salesforce, Stakeholder Management, ServiceNow, Solution Design"
"2148","ML Engineer","Absa","IT Recruitment","Gauteng","Midrand","Full-Time","0.7","Honours","Not specified","No","Permanent","ML Engineer role at Absa based in Midrand, focused on deep learning and related responsibilities.","SME","Python, Computer Vision, Deep Learning, AWS SageMaker, TensorFlow, LLMs, OpenAI API"
"2149","Senior Data Engineer","Deloitte","FMCG, Retail, Wholesale","Gauteng","Johannesburg North","Full-Time","7.9","Bachelor's","Not specified","No","Contract","Senior Data Engineer role at Deloitte based in Johannesburg North, focused on ETL and related responsibilities.","SME","CI/CD, Data Architecture, ETL, Data Warehousing, SQL, Azure Data Factory, Python, Hadoop"
"2150","NOC Engineer","Amazon Web Services","IT Consulting","Gauteng","Johannesburg","Full-Time","7.3","Bachelor's","Networking","No","Permanent","NOC Engineer role at Amazon Web Services based in Johannesburg, focused on network security and related responsibilities.","SME","RF, Network Design, MPLS, Wi-Fi 6, Wireless"
"2151","Network Technician","Ad-Hoc","IT & Telecommunications","Western Cape","Cape Town","Internship","4.6","Bachelor's","Networking","Yes","Internship","Network Technician role at Ad-Hoc based in Cape Town, focused on network design and related responsibilities.","SME","MPLS, Network Design, 5G, RF, VoIP"
"2152","Business Analyst & Product Owner","Unique Personnel","IT Recruitment","Western Cape","Cape Town: Northern Suburbs","Full-Time","0.4","Bachelor's","Business Administration","No","Contract","Business Analyst & Product Owner role at Unique Personnel based in Cape Town: Northern Suburbs, focused on stakeholder engagement and related responsibilities.","SME","BRDs, SDLC, Architecture Alignment, Digital Transformation"
"2153","Junior Software Developer","Absa","IT & Telecommunications","Gauteng","Sandton","Full-Time","0.7","Bachelor's","Information Technology","No","Permanent","Junior Software Developer role at Absa based in Sandton, focused on deployment and related responsibilities.","SME","Code Review, PHP, Kotlin, ASP.NET, Kubernetes"
"2154","Collections Data Analyst","Telkom","IT & Telecommunications","Gauteng","Gauteng","Full-Time","2.1","Not Specified","Not specified","No","Permanent","Collections Data Analyst role at Telkom based in Gauteng, focused on reporting and related responsibilities.","SME","Anomaly Detection, Data Governance, Excel, ETL, Data Analysis, Tableau"
"2155","AI Engineer (Entry)","Sanlam","IT & Telecommunications","Not Specified","Not Specified","Full-Time","0.3","Honours","Not specified","No","Permanent","AI Engineer (Entry) role at Sanlam based in Not Specified, focused on NLP and related responsibilities.","SME","Data Science, Python, TensorFlow, Transformers, Deep Learning, AI"
"2156","Software Developer","MTN","IT Services","Western Cape","Cape Town","Contract","0.5","Bachelor's","Computer Science","No","Contract","Software Developer role at MTN based in Cape Town, focused on code review and related responsibilities.","SME","Xamarin, Kotlin, OOP, Git, Vue.js, Flutter"
"2157","Junior Data Scientist","DevologyX","IT & Telecommunications","Western Cape","Stellenbosch","Full-Time","0.1","Not Specified","Data Science","No","Permanent","Junior Data Scientist role at DevologyX based in Stellenbosch, focused on predictive modelling and related responsibilities.","SME","LLMs, Deep Learning, AI"
"2158","ML Engineer","The Talent Room","IT Recruitment","Gauteng","Midrand","Full-Time","2.7","Master's","Not specified","No","Permanent","ML Engineer role at The Talent Room based in Midrand, focused on model development and related responsibilities.","SME","Statistics, scikit-learn, Neural Networks, Reinforcement Learning"
"2159","Senior ETL Developer & Database Administrator","AO Connect Solutions","Health, Fitness, Medical","Not Specified","Not Specified","Permanent","7.0","Bachelor's","Not specified","No","Permanent","Senior ETL Developer & Database Administrator role at AO Connect Solutions based in Not Specified, focused on cloud data platforms and related responsibilities.","SME","Dataflow, Data Pipelines, Airflow, SQL, SSIS, Data Modelling, ETL, ELT"
"2160","Cybersecurity Engineer","BCX","Not Specified","Gauteng","Tshwane (Pretoria)","Full-Time","0.0","Bachelor's","Computer Science","No","Permanent","Cybersecurity Engineer role at BCX based in Tshwane (Pretoria), focused on risk assessment and related responsibilities.","SME","IT Audit, Splunk, SIEM"
"2161","Build/Release Engineer","Telkom","IT & Telecommunications","Gauteng","Centurion","Full-Time","2.5","Not Specified","Not specified","No","Permanent","Build/Release Engineer role at Telkom based in Centurion, focused on containerisation and related responsibilities.","SME","Microservices, Containerisation, Terraform, Docker, Kubernetes, Azure"
"2162","Business Analyst (Banking)","Network Contracting Solutions","IT & Telecommunications","Gauteng","Johannesburg North","Full-Time","5.0","Bachelor's","Not specified","No","Permanent","Business Analyst (Banking) role at Network Contracting Solutions based in Johannesburg North, focused on UAT and related responsibilities.","SME","Stakeholder Engagement, SOPs, Requirements Elicitation"
"2163","Information Security Officer","Google","IT Consulting","Not Specified","Not Specified","Full-Time","4.5","Not Specified","Information Technology","No","Permanent","Information Security Officer role at Google based in Not Specified, focused on security monitoring and related responsibilities.","SME","Splunk, SIEM, Forensics, Penetration Testing, IAM, GRC, CISA"
"2164","IT Systems Administrator","iSanqa","IT & Telecommunications","Gauteng","Midrand","Full-Time","2.6","Bachelor's","Not specified","No","Permanent","IT Systems Administrator role at iSanqa based in Midrand, focused on system maintenance and related responsibilities.","SME","SharePoint, Server Maintenance, Windows Server, Office 365, Backup & Recovery, DNS"
"2165","IT Generalist","Reworks Solution LLC","IT Recruitment","Western Cape","Cape Town: Northern Suburbs","Full-Time","4.8","Bachelor's","Not specified","No","Permanent","IT Generalist role at Reworks Solution LLC based in Cape Town: Northern Suburbs, focused on IT support and related responsibilities.","SME","Vendor Management, Documentation, Software Installation, Networking, IT Strategy, Project Management, Linux, IT Support"
"2166","Software Developer II","E and D Recruiters","Not Specified","Gauteng","Centurion","Full-Time","0.9","Bachelor's","Information Technology","No","Permanent","Software Developer II role at E and D Recruiters based in Centurion, focused on testing and related responsibilities.","SME","CI/CD, C#, Kotlin"
"2167","Salesforce Consultant","Datafin IT Recruitment","Banking, Finance, Insurance","Remote / Not Specified","Remote","Full-Time","4.9","Not Specified","Not specified","No","Permanent","Salesforce Consultant role at Datafin IT Recruitment based in Remote, focused on process mapping and related responsibilities.","Large","ServiceNow, Salesforce, Scrum, Project Management"
"2168","Pre-Sales Engineer","Capita South Africa","IT Recruitment","Not Specified","Not Specified","Full-Time","4.5","Bachelor's","Not specified","No","Permanent","Pre-Sales Engineer role at Capita South Africa based in Not Specified, focused on documentation and related responsibilities.","SME","Time Management, Documentation, Teamwork, Customer Service"
"2169","Data Engineer / SQL Developer","KPMG","Engineering, Technical, Manufacturing","Gauteng","Johannesburg North","Full-Time","2.7","Not Specified","Not specified","No","Permanent","Data Engineer / SQL Developer role at KPMG based in Johannesburg North, focused on data warehousing and related responsibilities.","SME","GCP, ELT, SQL"
"2170","SOC Analyst","Salix Recruitment","IT Recruitment","Western Cape","Cape Town","Full-Time","4.4","Bachelor's","Information Technology","No","Permanent","SOC Analyst role at Salix Recruitment based in Cape Town, focused on penetration testing and related responsibilities.","SME","CISA, Forensics, Security Architecture, EDR"
"2171","Fibre Optic Engineer","Attain People","IT & Telecommunications","Gauteng","Menlyn","Full-Time","4.2","Not Specified","Telecommunications","Yes","Permanent","Fibre Optic Engineer role at Attain People based in Menlyn, focused on routing & switching and related responsibilities.","SME","RF, Network Infrastructure, Network Design, Fibre Optics, Network Monitoring, WAN, TCP/IP, Wireshark"
"2172","Security Engineer","The Individual Touch","IT Recruitment","Gauteng","Johannesburg","Full-Time","0.5","Diploma","Cyber Security","No","Permanent","Security Engineer role at The Individual Touch based in Johannesburg, focused on threat detection and related responsibilities.","Large","Incident Response, Cloud Security, CISSP, GRC, SOC, Security Architecture, CompTIA Security+, QRadar"
"2173","Junior Business Analyst","Karebo Group","IT & Telecommunications","Gauteng","Johannesburg North","Full-Time","0.7","Bachelor's","Not specified","No","Permanent","Junior Business Analyst role at Karebo Group based in Johannesburg North, focused on requirements documentation and related responsibilities.","SME","Requirements Elicitation, Requirements Gathering, Business Process Improvement, Functional Specs, SQL, SDLC, ERP Implementation"
"2174","Infrastructure Automation Engineer","Standard Bank","IT & Telecommunications","Gauteng","Roodepoort","Full-Time","2.0","Not Specified","Not specified","No","Permanent","Infrastructure Automation Engineer role at Standard Bank based in Roodepoort, focused on infrastructure automation and related responsibilities.","SME","Terraform, Site Reliability, Grafana"
"2175","Transmission Engineer","DevologyX","IT & Telecommunications","Not Specified","Not Specified","Full-Time","7.6","Not Specified","Not specified","No","Permanent","Transmission Engineer role at DevologyX based in Not Specified, focused on fibre optics and related responsibilities.","SME","RF, 5G, CCNA, CCNP, Network Design, Transmission"
"2176","IT Generalist","TooMuchWifi","IT Recruitment","Gauteng","Pretoria","Full-Time","4.6","Certification","Not specified","No","Permanent","IT Generalist role at TooMuchWifi based in Pretoria, focused on IT support and related responsibilities.","SME","Windows, Active Directory, Troubleshooting, Networking, Microsoft 365, Project Management, Vendor Management, IT Strategy"
"2177","Computer Vision Engineer","Mediro ICT Recruitment","Not Specified","Gauteng","Johannesburg North","Full-Time","0.7","Not Specified","Not specified","No","Contract","Computer Vision Engineer role at Mediro ICT Recruitment based in Johannesburg North, focused on deep learning and related responsibilities.","SME","Python, Transformers, NLP, scikit-learn, TensorFlow"
"2178","Senior Data Engineer","Colibri Recruitment","IT Recruitment","Gauteng","Centurion","Full-Time","9.3","Bachelor's","Not specified","No","Contract","Senior Data Engineer role at Colibri Recruitment based in Centurion, focused on data integration and related responsibilities.","SME","Kafka, ELT, Hadoop, Data Modelling, Cloud Data Solutions"
"2179","Computer Vision Engineer","Communicate Finance","Banking, Finance, Insurance","Gauteng","Johannesburg","Full-Time","2.1","Master's","Not specified","No","Permanent","Computer Vision Engineer role at Communicate Finance based in Johannesburg, focused on MLOps and related responsibilities.","SME","Machine Learning, Feature Engineering, Model Deployment, OpenAI API"
"2180","Site Reliability Engineer","Super Save t/a Super Save","IT & Telecommunications","Gauteng","Johannesburg","Full-Time","2.4","Not Specified","Not specified","No","Permanent","Site Reliability Engineer role at Super Save t/a Super Save based in Johannesburg, focused on cloud architecture and related responsibilities.","SME","Linux, Site Reliability, GitHub Actions, Monitoring, Grafana, Docker"
"2181","Technical Project Manager","Professional Recruitment Partners","IT Recruitment","Gauteng","Centurion","Full-Time","9.2","Not Specified","Not specified","No","Contract","Technical Project Manager role at Professional Recruitment Partners based in Centurion, focused on stakeholder management and related responsibilities.","SME","Risk Management, Scrum, SDLC, Reporting, PRINCE2, MS Project, Waterfall"
"2182","Computer Vision Engineer","Abalobi Solutions","IT & Telecommunications","Gauteng","Midrand","Full-Time","4.2","Honours","Not specified","No","Permanent","Computer Vision Engineer role at Abalobi Solutions based in Midrand, focused on NLP and related responsibilities.","SME","AWS SageMaker, NLP, Feature Engineering, AI, TensorFlow, LLMs, Reinforcement Learning"
"2183","Full Stack Developer","Zeal HR","IT Consulting","KwaZulu-Natal","Durban","Full-Time","6.6","Not Specified","Information Technology","No","Permanent","Full Stack Developer role at Zeal HR based in Durban, focused on API development and related responsibilities.","SME","Kotlin, React Native, Swift, SQL, SDLC"
"2184","IT Sales Executive","Zeal HR","IT & Telecommunications","Gauteng","Sandton","Full-Time","0.9","Diploma","Not specified","No","Contract","IT Sales Executive role at Zeal HR based in Sandton, focused on training and related responsibilities.","SME","Time Management, Problem Solving, Communication, Project Management, Data Entry"
"2185","GRC Analyst","IBM","IT Recruitment","Gauteng","Johannesburg","Full-Time","0.6","Bachelor's","Information Technology","No","Permanent","GRC Analyst role at IBM based in Johannesburg, focused on threat detection and related responsibilities.","SME","Penetration Testing, POPIA, IAM"
"2186","Data Specialist (Engineer/Scientist)","Future Careers","IT & Telecommunications","Not Specified","Not Specified","Full-Time","4.2","Master's","Data Science","No","Permanent","Data Specialist (Engineer/Scientist) role at Future Careers based in Not Specified, focused on EDA and related responsibilities.","SME","EDA, Model Training, Machine Learning, scikit-learn, Data Visualisation, Credit Risk Modelling"
"2187","Agile Coach","Deloitte","IT & Telecommunications","Gauteng","Johannesburg","Full-Time","0.8","Bachelor's","Not specified","No","Permanent","Agile Coach role at Deloitte based in Johannesburg, focused on stakeholder management and related responsibilities.","SME","Vendor Management, Agile, Project Planning, Change Management"
"2188","Test Automation Engineer","Pick n Pay","Health, Fitness, Medical","Not Specified","Not Specified","Full-Time","4.4","Bachelor's","Not specified","Yes","Permanent","Test Automation Engineer role at Pick n Pay based in Not Specified, focused on test automation and related responsibilities.","SME","Postman, UAT, Agile Testing"
"2189","IT Consultant","Zeal HR","IT & Telecommunications","Gauteng","Pretoria","Full-Time","0.7","Bachelor's","Not specified","No","Permanent","IT Consultant role at Zeal HR based in Pretoria, focused on requirements gathering and related responsibilities.","SME","Process Flows, Requirements Gathering, Scrum, Business Process Mapping, IT Strategy"
"2190","Content Manager","Titanium Talent","IT & Telecommunications","Not Specified","Not Specified","Full-Time","6.1","Not Specified","Not specified","No","Permanent","Content Manager role at Titanium Talent based in Not Specified, focused on vendor management and related responsibilities.","Large","Project Management, Customer Service, Documentation, Teamwork, Data Entry, Microsoft Office, Time Management"
"2191","SDET","Abalobi Solutions","IT Recruitment","Gauteng","Johannesburg","Full-Time","7.2","Bachelor's","Not specified","No","Permanent","SDET role at Abalobi Solutions based in Johannesburg, focused on bug tracking and related responsibilities.","SME","Manual Testing, Test Automation, Selenium, Java"
"2192","Data Engineer (Microsoft Fabric)","Vodacom","IT Recruitment","Gauteng","Johannesburg","Full-Time","11.3","Bachelor's","Not specified","No","Permanent","Data Engineer (Microsoft Fabric) role at Vodacom based in Johannesburg, focused on data integration and related responsibilities.","SME","SQL, SSIS, Data Architecture, ETL, Cloud Data Solutions, AWS, Data Warehousing"
"2193","Digital Marketing Specialist","Unique Personnel","Mining","Western Cape","Cape Town","Full-Time","2.9","Not Specified","Not specified","No","Permanent","Digital Marketing Specialist role at Unique Personnel based in Cape Town, focused on vendor management and related responsibilities.","Large","Teamwork, Data Entry, Time Management, Documentation, Project Management, Communication, Customer Service"
"2194","Intermediate Software Developer","The Individual Touch","IT & Telecommunications","Western Cape","Paarl","Full-Time","7.0","Bachelor's","Not specified","No","Permanent","Intermediate Software Developer role at The Individual Touch based in Paarl, focused on code review and related responsibilities.","SME","OOP, JavaScript, Flutter, SQL, MVC, C++, Software Design, React"
"2195","Cybersecurity Engineer","Parvana","IT & Telecommunications","Gauteng","Sandton","Contract","4.1","Bachelor's","Not specified","No","Contract","Cybersecurity Engineer role at Parvana based in Sandton, focused on compliance and related responsibilities.","SME","Splunk, GRC, CompTIA Security+, Incident Response, CEH, IT Audit, SOC"
"2196","Data Specialist (Engineer/Scientist)","bbe Recruitment","IT & Telecommunications","Gauteng","Menlyn","Full-Time","2.7","Bachelor's","Not specified","No","Permanent","Data Specialist (Engineer/Scientist) role at bbe Recruitment based in Menlyn, focused on statistical analysis and related responsibilities.","SME","Python, Cloud Data Platforms, LLMs, PyTorch, Data Visualisation, Model Training, Deep Learning, Statistical Analysis"
"2197","Helpdesk Analyst","Falcorp Resourcing","IT Recruitment","Gauteng","Midrand","Full-Time","6.6","Bachelor's","Not specified","No","Permanent","Helpdesk Analyst role at Falcorp Resourcing based in Midrand, focused on troubleshooting and related responsibilities.","SME","Office 365, SharePoint, Ticketing Systems, SCCM"
"2198","Protocol Software Developer","Top Recruitment","Engineering, Technical, Manufacturing","Gauteng","Johannesburg","Full-Time","4.5","Bachelor's","Information Technology","No","Contract","Protocol Software Developer role at Top Recruitment based in Johannesburg, focused on API development and related responsibilities.","SME","TDD, React, Spring Boot"
"2199","ICT Manager","Capita South Africa","Banking, Finance, Insurance","Western Cape","Cape Town","Full-Time","6.7","Diploma","Not specified","No","Permanent","ICT Manager role at Capita South Africa based in Cape Town, focused on hardware maintenance and related responsibilities.","SME","Hardware, ITIL, Compliance, Project Management, IT Strategy, Troubleshooting, Windows"
"2200","ETL Developer","Vodacom","IT & Telecommunications","Gauteng","Pretoria","Full-Time","2.6","Bachelor's","Not specified","No","Permanent","ETL Developer role at Vodacom based in Pretoria, focused on ETL and related responsibilities.","SME","Data Warehousing, Indexing, SSIS, ETL"
"2201","IT Business Development Manager","JMR Software (Pty) Ltd","IT & Telecommunications","Gauteng","Johannesburg","Full-Time","8.5","Bachelor's","Not specified","No","Contract","IT Business Development Manager role at JMR Software (Pty) Ltd based in Johannesburg, focused on project coordination and related responsibilities.","SME","Data Entry, Microsoft Office, Documentation"
"2202","Android Developer","Attain People","IT & Telecommunications","Gauteng","Johannesburg","Full-Time","4.0","Not Specified","Not specified","No","Permanent","Android Developer role at Attain People based in Johannesburg, focused on deployment and related responsibilities.","SME","Laravel, Flutter, Docker, Vue.js, SQL, Kubernetes, Git"
"2203","Java Developer","PM Connection","Not Specified","Gauteng","Johannesburg","Full-Time","0.3","Bachelor's","Engineering","No","Permanent","Java Developer role at PM Connection based in Johannesburg, focused on API development and related responsibilities.","SME","Java, Git, ASP.NET, HTML, Flutter"
"2204","Quantitative Analyst","Transnet","IT Consulting","Gauteng","Johannesburg","Full-Time","7.6","Master's","Data Science","No","Permanent","Quantitative Analyst role at Transnet based in Johannesburg, focused on data pipelines and related responsibilities.","SME","PyTorch, MLOps, Machine Learning, TensorFlow, NLP, NumPy"
"2205","Helpdesk Analyst","QE Services","IT & Telecommunications","Gauteng","Johannesburg","Full-Time","0.3","Certification","Not specified","No","Permanent","Helpdesk Analyst role at QE Services based in Johannesburg, focused on network administration and related responsibilities.","SME","Windows Server, TCP/IP, ITIL, VMware"
"2206","Embedded Software Developer","Nigel Frank International","IT & Telecommunications","Gauteng","Menlyn","Full-Time","4.8","Not Specified","Computer Science","No","Permanent","Embedded Software Developer role at Nigel Frank International based in Menlyn, focused on testing and related responsibilities.","SME","CSS, C#, REST APIs, Kubernetes, React, Microservices"
"2207","QA Lead","The Talent Room","IT & Telecommunications","Gauteng","Pretoria","Full-Time","6.1","Bachelor's","Not specified","No","Contract","QA Lead role at The Talent Room based in Pretoria, focused on UAT and related responsibilities.","SME","API Testing, Bug Tracking, JUnit, CI/CD"
"2208","AI Research Scientist","Top Recruitment","Banking, Finance, Insurance","Gauteng","Johannesburg","Full-Time","8.0","Master's","Not specified","No","Permanent","AI Research Scientist role at Top Recruitment based in Johannesburg, focused on AI integration and related responsibilities.","SME","Transformers, scikit-learn, NLP, Feature Engineering, LLMs, Machine Learning, Reinforcement Learning, AI"
"2209","Software Engineer","QE Services","Engineering, Technical, Manufacturing","Western Cape","Stellenbosch","Full-Time","4.3","Bachelor's","Not specified","No","Permanent","Software Engineer role at QE Services based in Stellenbosch, focused on software design and related responsibilities.","SME","JavaScript, Xamarin, Node.js, Docker"
"2210","Business Analyst (GLR)","The Individual Touch","Banking, Finance, Insurance","Western Cape","CPT - Northern Suburbs","Full-Time","2.1","Honours","Not specified","No","Permanent","Business Analyst (GLR) role at The Individual Touch based in CPT - Northern Suburbs, focused on process analysis and related responsibilities.","SME","Agile/Scrum, UAT, Documentation, BRDs, Data Mapping, Change Management, Business Process Improvement"
"2211","Data Scientist","AO Connect Solutions","Not Specified","Gauteng","Johannesburg","Full-Time","4.6","Master's","Data Science","No","Permanent","Data Scientist role at AO Connect Solutions based in Johannesburg, focused on machine learning and related responsibilities.","SME","Cloud Data Platforms, PyTorch, AI"
"2212","SAP Supply Chain Functional Consultant","Eskom","IT & Telecommunications","Gauteng","Centurion","Full-Time","0.3","Diploma","Not specified","No","Permanent","SAP Supply Chain Functional Consultant role at Eskom based in Centurion, focused on digital transformation and related responsibilities.","Large","Stakeholder Management, BRDs, Scrum, Business Process Mapping, Process Flows, SDLC Governance, Solution Design, Project Management"
"2213","Build/Release Engineer","EY","IT & Telecommunications","Western Cape","CPT - Northern Suburbs","Full-Time","2.2","NQF Level qualification","Not specified","No","Permanent","Build/Release Engineer role at EY based in CPT - Northern Suburbs, focused on monitoring and related responsibilities.","SME","Grafana, CI/CD, Linux, Bash, Site Reliability"
"2214","Developer and Data Engineer","Discovery","IT & Telecommunications","Western Cape","Cape Winelands: Stellenbosch","Full-Time","0.0","Bachelor's","Not specified","No","Contract","Developer and Data Engineer role at Discovery based in Cape Winelands: Stellenbosch, focused on cloud data platforms and related responsibilities.","SME","SQL, Data Warehousing, Airflow, Kafka, Data Pipelines"
"2215","ICT Support Specialist","Reworks Solution LLC","IT Consulting","Western Cape","Bellville","Full-Time","0.4","Diploma","Not specified","No","Permanent","ICT Support Specialist role at Reworks Solution LLC based in Bellville, focused on hardware maintenance and related responsibilities.","SME","IT Strategy, ITIL, Linux"
"2216","Mobile Developer","EY","IT Consulting","Western Cape","Bellville","Full-Time","4.1","Bachelor's","Not specified","No","Permanent","Mobile Developer role at EY based in Bellville, focused on agile development and related responsibilities.","SME","Angular, HTML, Java, SDLC, .NET, .NET Core"
"2217","Angular Developer","EY","IT & Telecommunications","Gauteng","Johannesburg","Full-Time","4.5","Bachelor's","Computer Science","No","Permanent","Angular Developer role at EY based in Johannesburg, focused on deployment and related responsibilities.","SME","MVC, Swift, .NET"
"2218","Transmission Engineer","Datafin IT Recruitment","Banking, Finance, Insurance","Gauteng","Johannesburg","Full-Time","10.6","Bachelor's","Networking","No","Permanent","Transmission Engineer role at Datafin IT Recruitment based in Johannesburg, focused on network security and related responsibilities.","SME","CCNP, Routing & Switching, Transmission, Wi-Fi 6, Network Design, Fibre Optics, Network Monitoring"
"2219","Python Developer","Vodacom","Not Specified","Not Specified","Not Specified","Full-Time","0.7","Bachelor's","Not specified","No","Contract","Python Developer role at Vodacom based in Not Specified, focused on API development and related responsibilities.","SME","Node.js, ASP.NET, Java, OOP"
"2220","Full Stack Developer","Absa","Banking, Finance, Insurance","Gauteng","Johannesburg","Full-Time","4.1","Not Specified","Computer Science","No","Permanent","Full Stack Developer role at Absa based in Johannesburg, focused on testing and related responsibilities.","SME","PHP, Spring Boot, .NET"
"2221","IT Trainer","Attain People","Banking","Western Cape","Cape Town: Northern Suburbs","Contract","0.3","Not Specified","Not specified","No","Contract","IT Trainer role at Attain People based in Cape Town: Northern Suburbs, focused on technical support and related responsibilities.","SME","Communication, Customer Service, Time Management, Teamwork, Data Entry, Microsoft Office, Project Management"
"2222","Angular Developer","Colibri Recruitment","Banking, Finance, Insurance","Gauteng","Johannesburg North","Full-Time","4.2","Degree","Information Technology","No","Permanent","Angular Developer role at Colibri Recruitment based in Johannesburg North, focused on API development and related responsibilities.","SME","Python, Flutter, Laravel, HTML, Node.js, OOP"
"2223","Junior Data Scientist","Super Save t/a Super Save","IT & Telecommunications","Remote / Not Specified","Remote","Full-Time","0.3","Honours","Mathematics","No","Permanent","Junior Data Scientist role at Super Save t/a Super Save based in Remote, focused on EDA and related responsibilities.","SME","Data Modelling, Data Pipelines, NLP, R, Advanced Analytics, MLOps, AI, Model Training"
"2224","IT Trainer","Paracon - Western Cape","FMCG, Retail, Wholesale","Gauteng","Gauteng","Full-Time","2.4","Bachelor's","Not specified","No","Contract","IT Trainer role at Paracon - Western Cape based in Gauteng, focused on documentation and related responsibilities.","Large","Teamwork, Problem Solving, Project Management, Communication, Microsoft Office, Customer Service, Documentation, Data Entry"
"2225","Wireless Engineer","Communicate IT","IT & Telecommunications","Western Cape","Cape Town","Full-Time","2.9","Bachelor's","Networking","No","Permanent","Wireless Engineer role at Communicate IT based in Cape Town, focused on telecom systems and related responsibilities.","SME","MPLS, Wi-Fi 6, BGP"
"2226","Delivery Manager","PwC","IT Recruitment","Gauteng","Midrand","Full-Time","8.7","Bachelor's","Not specified","No","Permanent","Delivery Manager role at PwC based in Midrand, focused on resource management and related responsibilities.","SME","PMO, Vendor Management, Change Management, Scrum, SDLC, Reporting, Budgeting, MS Project"
"2227","DevOps Engineer","TAC Recruitment","IT & Telecommunications","Gauteng","Centurion","Permanent","2.9","Not Specified","Not specified","No","Permanent","DevOps Engineer role at TAC Recruitment based in Centurion, focused on CI/CD and related responsibilities.","SME","Serverless, Azure, Cloud Architecture, Prometheus, Kubernetes"
"2228","Data Specialist (Engineer/Scientist)","EY","Banking, Finance, Insurance","Gauteng","Johannesburg North","Full-Time","7.8","Not Specified","Data Science","No","Permanent","Data Specialist (Engineer/Scientist) role at EY based in Johannesburg North, focused on model training and related responsibilities.","SME","Credit Risk Modelling, TensorFlow, RAG, Data Governance, Deep Learning, Machine Learning, Cloud Data Platforms, MLOps"
"2229","Business Analyst (GLR)","Vodacom","Banking, Finance, Insurance","Remote / Not Specified","Remote","Full-Time","4.7","Bachelor's","Not specified","No","Contract","Business Analyst (GLR) role at Vodacom based in Remote, focused on stakeholder engagement and related responsibilities.","SME","Documentation, Architecture Alignment, SQL, Requirements Elicitation, Jira, Business Process Improvement"
"2230","React Developer","Anglo American","Mining","Gauteng","Menlyn","Full-Time","4.5","Bachelor's","Engineering","No","Permanent","React Developer role at Anglo American based in Menlyn, focused on code review and related responsibilities.","SME","Flutter, Microservices, .NET, SQL, Node.js"
"2231","Project Coordinator","Denel","IT Recruitment","Western Cape","Cape Town","Full-Time","0.3","Not Specified","Not specified","No","Contract","Project Coordinator role at Denel based in Cape Town, focused on resource management and related responsibilities.","SME","Stakeholder Management, Resource Management, SAFe, Scrum, Reporting, MS Project, Confluence"
"2232","React Developer","Datafin IT Recruitment","IT & Telecommunications","Gauteng","Johannesburg East","Full-Time","0.1","Bachelor's","Software Engineering","No","Permanent","React Developer role at Datafin IT Recruitment based in Johannesburg East, focused on testing and related responsibilities.","SME","ASP.NET, Git, C++, PHP, Xamarin, Software Design, Vue.js, .NET Core"
"2233","ICT Technician","iOCO","IT Consulting","Gauteng","Midrand","Full-Time","4.4","Bachelor's","Not specified","No","Permanent","ICT Technician role at iOCO based in Midrand, focused on user support and related responsibilities.","SME","Windows Server, Server Maintenance, ITIL, Exchange"
"2234","IT Strategy Consultant","iOCO","IT & Telecommunications","Gauteng","Johannesburg North","Full-Time","4.2","Not Specified","Not specified","No","Contract","IT Strategy Consultant role at iOCO based in Johannesburg North, focused on digital transformation and related responsibilities.","Large","SAP Ariba, ServiceNow, Change Management, Process Flows, Digital Transformation, Project Management"
"2235","Security Architect","TAC Recruitment","Energy & Clean Tech","Gauteng","Johannesburg","Full-Time","6.8","Honours","Cyber Security","No","Contract","Security Architect role at TAC Recruitment based in Johannesburg, focused on compliance and related responsibilities.","SME","Security Architecture, Penetration Testing, SOC, Incident Response, EDR, IT Audit, Network Security, Firewalls"
"2236","Backend Developer","E-Merge IT Recruitment","IT & Telecommunications","Gauteng","Rosebank","Full-Time","4.8","Diploma","Information Technology","No","Permanent","Backend Developer role at E-Merge IT Recruitment based in Rosebank, focused on code review and related responsibilities.","SME","Node.js, REST APIs, OOP, MVC, Xamarin, .NET Core, C++"
"2237","GRC Analyst","Attain People","Banking, Finance, Insurance","Western Cape","Stellenbosch","Full-Time","4.1","Bachelor's","Cyber Security","Yes","Permanent","GRC Analyst role at Attain People based in Stellenbosch, focused on risk assessment and related responsibilities.","SME","SIEM, SOC, IT Audit, CISSP, Forensics"
"2238","Systems Administrator","Discovery","IT & Telecommunications","Gauteng","Johannesburg","Full-Time","4.5","Bachelor's","Not specified","No","Permanent","Systems Administrator role at Discovery based in Johannesburg, focused on user support and related responsibilities.","SME","Exchange, SCCM, Linux, Printers"
"2239","Database Analyst","Network Contracting Solutions","Banking, Finance, Insurance","Gauteng","Johannesburg","Contract","2.1","Bachelor's","Information Systems","No","Contract","Database Analyst role at Network Contracting Solutions based in Johannesburg, focused on database design and related responsibilities.","SME","Replication, Performance Tuning, SSIS, Data Warehousing, High Availability, MySQL, Data Modelling, MongoDB"
"2240","Information Technology Officer","Nambiti Technologies (Pty) Ltd","IT & Telecommunications","Gauteng","Centurion","Full-Time","0.9","Certification","Not specified","No","Permanent","Information Technology Officer role at Nambiti Technologies (Pty) Ltd based in Centurion, focused on network management and related responsibilities.","Large","Project Management, IT Strategy, Budgeting, Active Directory, Software Installation, Vendor Management, IT Support, Networking"
"2241","Business Analyst & Product Owner","Network Finance.","Banking, Finance, Insurance","Gauteng","Johannesburg","Full-Time","4.8","Bachelor's","Information Systems","No","Permanent","Business Analyst & Product Owner role at Network Finance. based in Johannesburg, focused on requirements documentation and related responsibilities.","SME","Jira, Power BI, Process Flows, Stakeholder Engagement, BRDs, Confluence, Data Mapping"
"2242","Threat Intelligence Analyst","Network Finance.","IT Recruitment","Not Specified","Not Specified","Full-Time","2.3","Bachelor's","Information Technology","No","Permanent","Threat Intelligence Analyst role at Network Finance. based in Not Specified, focused on threat detection and related responsibilities.","SME","CEH, GRC, Forensics, Cloud Security, Splunk, QRadar"
"2243","Cybersecurity Specialist","Top Recruitment","Recruitment","Gauteng","Johannesburg","Full-Time","6.6","Not Specified","Computer Science","No","Permanent","Cybersecurity Specialist role at Top Recruitment based in Johannesburg, focused on threat detection and related responsibilities.","Large","CompTIA Security+, QRadar, SOC, SIEM, Incident Response, IAM, EDR, IDS/IPS"
"2244","Wireless Engineer","SALT","IT & Telecommunications","Not Specified","Not Specified","Full-Time","2.4","Bachelor's","Information Technology","No","Permanent","Wireless Engineer role at SALT based in Not Specified, focused on network design and related responsibilities.","SME","WAN, Wireless, Fibre Optics, Wi-Fi 6"
"2245","Software Developer","Nigel Frank International","IT & Telecommunications","Western Cape","Cape Town","Full-Time","4.4","Bachelor's","Not specified","Partial","Permanent","Software Developer role at Nigel Frank International based in Cape Town, focused on agile development and related responsibilities.","SME","Kubernetes, Blazor, Git, Flutter"
"2246","React Developer","BHP","Agriculture, Forestry, Environmental","Western Cape","Cape Town: Northern Suburbs","Full-Time","0.0","Bachelor's","Information Technology","Yes","Permanent","React Developer role at BHP based in Cape Town: Northern Suburbs, focused on API development and related responsibilities.","SME","Node.js, Xamarin, Laravel"
"2247","Finance Data Analyst","Google","IT & Telecommunications","Gauteng","Pretoria","Full-Time","2.8","Bachelor's","Not specified","No","Permanent","Finance Data Analyst role at Google based in Pretoria, focused on dashboards and related responsibilities.","SME","ETL, Data Cleansing, Data Visualisation, Data Warehousing, Data Mapping, Data Analysis, Power BI, Anomaly Detection"
"2248","Technical Consultant","Sandi Crowther Recruitment","Engineering, Technical, Manufacturing","Not Specified","Not Specified","Full-Time","6.6","Bachelor's","Not specified","No","Permanent","Technical Consultant role at Sandi Crowther Recruitment based in Not Specified, focused on requirements gathering and related responsibilities.","SME","Salesforce, Process Flows, ERP"
"2249","Business Analyst (Technology)","QE Services","IT & Telecommunications","Gauteng","Midrand","Full-Time","4.8","Not Specified","Finance","Yes","Contract","Business Analyst (Technology) role at QE Services based in Midrand, focused on business process improvement and related responsibilities.","SME","SQL, Requirements Elicitation, Jira, Confluence, Functional Specs, Process Mapping, SOPs, Process Flows"
"2250","Platform Engineer","Future Careers","Business Services","Western Cape","Cape Winelands: Stellenbosch","Full-Time","4.1","Not Specified","Not specified","No","Permanent","Platform Engineer role at Future Careers based in Cape Winelands: Stellenbosch, focused on deployment pipelines and related responsibilities.","SME","Python, Infrastructure as Code, CI/CD, Prometheus, Containerisation, Azure"
"2251","Infrastructure Engineer","Vodacom","Not Specified","KwaZulu-Natal","Richards Bay","Full-Time","4.4","Not Specified","Not specified","No","Permanent","Infrastructure Engineer role at Vodacom based in Richards Bay, focused on CI/CD and related responsibilities.","SME","Site Reliability, Ansible, Prometheus, CI/CD, Infrastructure as Code, Terraform, DevOps"
"2252","Senior Software Developer","Newsclip Media Monitoring (Pty) Ltd.","Engineering, Technical, Manufacturing","Gauteng","Midrand","Full-Time","5.1","Bachelor's","Software Engineering","No","Permanent","Senior Software Developer role at Newsclip Media Monitoring (Pty) Ltd. based in Midrand, focused on testing and related responsibilities.","SME","Angular, Kotlin, TypeScript, Vue.js, SDLC, SQL, Swift"
"2253","Manual Tester","iLaunch (Pty) Ltd","IT & Telecommunications","KwaZulu-Natal","Durban","Full-Time","2.2","Bachelor's","Not specified","Yes","Permanent","Manual Tester role at iLaunch (Pty) Ltd based in Durban, focused on bug tracking and related responsibilities.","SME","Cypress, API Testing, Bug Tracking, C#, Test Automation"
"2254","Azure Engineer","QE Services","Not Specified","Gauteng","Midrand","Full-Time","2.3","Bachelor's","Not specified","No","Permanent","Azure Engineer role at QE Services based in Midrand, focused on cloud architecture and related responsibilities.","SME","AWS, Monitoring, Kubernetes, Microservices, DevOps, Helm"
"2255",".NET Developer","Ad-Hoc","IT & Telecommunications","Western Cape","Stellenbosch","Contract","2.8","Not Specified","Not specified","No","Contract",".NET Developer role at Ad-Hoc based in Stellenbosch, focused on deployment and related responsibilities.","SME","MVC, Angular, React Native, Software Design, OOP, .NET Core, TDD, Python"
"2256","IT Trainer","Denel","Banking, Finance, Insurance","Gauteng","Centurion","Full-Time","2.2","Certification","Not specified","No","Permanent","IT Trainer role at Denel based in Centurion, focused on technical support and related responsibilities.","Large","Data Entry, Communication, Customer Service, Time Management, Documentation"
"2257","IT Auditor","Exceed Human Resource Consultants","Not Specified","Gauteng","Johannesburg","Full-Time","4.4","Honours/Master's","Cyber Security","No","Permanent","IT Auditor role at Exceed Human Resource Consultants based in Johannesburg, focused on threat detection and related responsibilities.","SME","EDR, Firewalls, Risk Assessment"
"2258","Junior Software Developer","QE Services","IT & Telecommunications","Western Cape","Cape Town","Contract","1.4","Bachelor's","Computer Science","No","Contract","Junior Software Developer role at QE Services based in Cape Town, focused on API development and related responsibilities.","SME","Kubernetes, Spring Boot, Kotlin"
"2259","ServiceNow Consultant","Mediro ICT Recruitment","IT & Telecommunications","Gauteng","Johannesburg","Full-Time","2.1","Not Specified","Not specified","No","Permanent","ServiceNow Consultant role at Mediro ICT Recruitment based in Johannesburg, focused on stakeholder engagement and related responsibilities.","SME","SAP Ariba, Functional Specs, ERP, Project Management"
"2260","SOC Analyst","EY","IT & Telecommunications","Gauteng","Johannesburg","Full-Time","4.6","Bachelor's","Cyber Security","No","Permanent","SOC Analyst role at EY based in Johannesburg, focused on security monitoring and related responsibilities.","SME","Penetration Testing, QRadar, Network Security"
"2261","Frontend Developer","Zeal HR","IT & Telecommunications","Gauteng","Johannesburg","Full-Time","4.6","Bachelor's","Not specified","No","Permanent","Frontend Developer role at Zeal HR based in Johannesburg, focused on deployment and related responsibilities.","SME","CSS, REST APIs, Angular, Xamarin, React, Code Review, HTML"
"2262","React Developer","E and D Recruiters","Not Specified","Gauteng","Pretoria","Full-Time","2.3","Not Specified","Not specified","No","Permanent","React Developer role at E and D Recruiters based in Pretoria, focused on API development and related responsibilities.","SME","SQL, Spring Boot, Python, Entity Framework, Blazor, Angular, JavaScript"
"2263","Data Scientist (Pipeline)","Interdot","IT & Telecommunications","Not Specified","Not Specified","Full-Time","2.2","Honours","Statistics","No","Contract","Data Scientist (Pipeline) role at Interdot based in Not Specified, focused on machine learning and related responsibilities.","SME","Spark, TensorFlow, Data Visualisation, Predictive Modelling, NLP, Cloud Data Platforms, Data Governance"
"2264","Mobile Developer","wePlace (Pty) Ltd","Banking, Finance, Insurance","Gauteng","Johannesburg","Contract","0.3","Not Specified","Engineering","No","Contract","Mobile Developer role at wePlace (Pty) Ltd based in Johannesburg, focused on system architecture and related responsibilities.","SME","Spring Boot, Swift, Flutter, HTML, TypeScript, CI/CD, Entity Framework"
"2265","C# Developer","Absa","Transport, Logistics & Freight","Not Specified","Not Specified","Full-Time","7.8","Not Specified","Information Technology","No","Contract","C# Developer role at Absa based in Not Specified, focused on code review and related responsibilities.","SME","Blazor, C#, Git, Xamarin, TDD, MVC, React, HTML"
"2266","Java Developer","Exceed Human Resource Consultants","Mining","Western Cape","Cape Town","Full-Time","7.5","Bachelor's","Information Technology","No","Permanent","Java Developer role at Exceed Human Resource Consultants based in Cape Town, focused on deployment and related responsibilities.","SME","SQL, Code Review, Kubernetes, Java, JavaScript, SDLC"
"2267","Helpdesk Analyst","Computer Experts Personnel","IT & Telecommunications","Western Cape","Cape Town","Full-Time","7.0","Not Specified","Not specified","No","Permanent","Helpdesk Analyst role at Computer Experts Personnel based in Cape Town, focused on user support and related responsibilities.","SME","Hyper-V, DHCP, Desktop Support, Active Directory, SCCM, Patch Management"
"2268","Telecommunications Engineer","Datafin IT Recruitment","IT & Telecommunications","Eastern Cape","Port Elizabeth","Full-Time","5.0","Bachelor's","Engineering","No","Contract","Telecommunications Engineer role at Datafin IT Recruitment based in Port Elizabeth, focused on telecom systems and related responsibilities.","SME","LAN, Transmission, Wi-Fi 6, MPLS, CCNA"
"2269","Intermediate Data Engineer","Transnet","Recruitment","Gauteng","Centurion","Full-Time","4.8","Diploma","Not specified","No","Permanent","Intermediate Data Engineer role at Transnet based in Centurion, focused on data warehousing and related responsibilities.","SME","Kafka, BigQuery, ETL"
"2270","IT Trainer","Samaha Consulting","Business Services","Gauteng","Johannesburg","Full-Time","6.0","Diploma","Not specified","No","Permanent","IT Trainer role at Samaha Consulting based in Johannesburg, focused on documentation and related responsibilities.","SME","Customer Service, Project Management, Time Management, Documentation, Microsoft Office, Problem Solving"
"2271","ICT Support Specialist","BCX","IT Recruitment","Gauteng","Pretoria","Full-Time","4.5","Diploma","Not specified","No","Permanent","ICT Support Specialist role at BCX based in Pretoria, focused on network management and related responsibilities.","SME","Active Directory, IT Strategy, Microsoft 365, Linux, Software Installation"
"2272","AI Engineer (Expert)","Telkom","IT & Telecommunications","KwaZulu-Natal","Pietermaritzburg","Full-Time","4.7","Bachelor's","Not specified","Yes","Permanent","AI Engineer (Expert) role at Telkom based in Pietermaritzburg, focused on AI integration and related responsibilities.","SME","LangChain, NLP, Model Deployment, RAG, AI"
"2273","Systems Administrator","Nigel Frank International","IT & Telecommunications","Gauteng","Midrand","Full-Time","2.5","Bachelor's","Not specified","No","Contract","Systems Administrator role at Nigel Frank International based in Midrand, focused on network administration and related responsibilities.","SME","SharePoint, Firewalls, VPN"
"2274","Content Manager","Google","IT & Telecommunications","Gauteng","Pretoria","Contract","8.4","Certification","Not specified","No","Contract","Content Manager role at Google based in Pretoria, focused on project coordination and related responsibilities.","Large","Communication, Teamwork, Microsoft Office, Time Management, Data Entry, Documentation, Customer Service"
"2275","Collections Data Analyst","Newsclip Media Monitoring (Pty) Ltd.","IT & Telecommunications","Gauteng","Randburg","Full-Time","2.7","Bachelor's","Not specified","No","Permanent","Collections Data Analyst role at Newsclip Media Monitoring (Pty) Ltd. based in Randburg, focused on data analysis and related responsibilities.","SME","Data Mapping, Financial Data Analysis, Power BI, Process Improvement, Data Visualisation"
"2276","Python Developer","Titanium Talent","FMCG, Retail, Wholesale","Gauteng","Midrand","Full-Time","4.4","Bachelor's","Computer Science","No","Contract","Python Developer role at Titanium Talent based in Midrand, focused on software design and related responsibilities.","SME","CI/CD, Vue.js, TypeScript, Node.js, Microservices, .NET Core, MVC, Git"
"2277","Platform Engineer","Karebo Group","IT & Telecommunications","Gauteng","Midrand","Full-Time","4.3","Bachelor's","Not specified","Yes","Permanent","Platform Engineer role at Karebo Group based in Midrand, focused on cloud architecture and related responsibilities.","SME","GitHub Actions, Monitoring, Grafana, DevOps, PowerShell, Jenkins, AWS"
"2278","IT Recruiter","Future Careers","Education & Training","Gauteng","Pretoria","Full-Time","4.0","Not Specified","Not specified","No","Contract","IT Recruiter role at Future Careers based in Pretoria, focused on project coordination and related responsibilities.","SME","Customer Service, Data Entry, Teamwork, Time Management, Problem Solving, Documentation, Project Management"
"2279","Frontend Developer","Goldman Tech Resourcing (Pty) Ltd","IT & Telecommunications","Western Cape","Cape Town","Full-Time","0.4","Not Specified","Software Engineering","No","Permanent","Frontend Developer role at Goldman Tech Resourcing (Pty) Ltd based in Cape Town, focused on agile development and related responsibilities.","SME","JavaScript, Blazor, REST APIs, SQL, React, Spring Boot, C++, Git"
"2280","SAP Functional Consultant","IQbusiness","Not Specified","Gauteng","Johannesburg","Full-Time","0.2","Bachelor's","Not specified","No","Contract","SAP Functional Consultant role at IQbusiness based in Johannesburg, focused on stakeholder engagement and related responsibilities.","SME","Process Flows, Vendor Management, BRDs, Functional Specs, Salesforce, IT Strategy, Stakeholder Management"
"2281","Test Automation Engineer","Titanium Talent","IT Consulting","Gauteng","Johannesburg North","Full-Time","4.3","Not Specified","Not specified","No","Permanent","Test Automation Engineer role at Titanium Talent based in Johannesburg North, focused on API testing and related responsibilities.","SME","TestNG, Jira, Python, Postman"
"2282","Transmission Engineer","SALT","IT & Telecommunications","Gauteng","Menlyn","Full-Time","4.5","Bachelor's","Networking","No","Permanent","Transmission Engineer role at SALT based in Menlyn, focused on wireless and related responsibilities.","SME","Cisco, Routing & Switching, RF, Wireshark, TCP/IP, Network Monitoring, Network Design, SD-WAN"
"2283","Performance Tester","Titanium Talent","Not Specified","Gauteng","Johannesburg East","Full-Time","0.8","Not Specified","Not specified","No","Permanent","Performance Tester role at Titanium Talent based in Johannesburg East, focused on regression testing and related responsibilities.","SME","C#, UAT, Selenium, JUnit, Java"
"2284","IT Specialist","Super Save t/a Super Save","IT Recruitment","Gauteng","Johannesburg","Full-Time","0.1","Not Specified","Not specified","Yes","Permanent","IT Specialist role at Super Save t/a Super Save based in Johannesburg, focused on hardware maintenance and related responsibilities.","SME","Windows, Active Directory, Software Installation"
"2285","SAP Expert Functional Consultant","Deloitte","Banking, Finance, Insurance","Remote / Not Specified","Remote","Full-Time","0.1","Not Specified","Not specified","No","Contract","SAP Expert Functional Consultant role at Deloitte based in Remote, focused on digital transformation and related responsibilities.","SME","SAP, Change Management, Salesforce, Scrum"
"2286","Data Entry Clerk","Datonomy Solutions","Not Specified","Gauteng","Johannesburg","Full-Time","0.5","Diploma","Not specified","No","Permanent","Data Entry Clerk role at Datonomy Solutions based in Johannesburg, focused on technical support and related responsibilities.","SME","Teamwork, Project Management, Problem Solving, Time Management, Documentation, Customer Service, Communication"
"2287","Data Scientist - Agentic AI & MLOps","Interdot","Banking, Finance, Insurance","Western Cape","Cape Town","Full-Time","5.0","Bachelor's","Computer Science","No","Permanent","Data Scientist - Agentic AI & MLOps role at Interdot based in Cape Town, focused on data pipelines and related responsibilities.","SME","Advanced Analytics, Machine Learning, LLMs"
"2288","Intermediate Data Engineer","Falcorp Resourcing","IT & Telecommunications","Not Specified","Not Specified","Full-Time","6.2","Bachelor's","Not specified","No","Contract","Intermediate Data Engineer role at Falcorp Resourcing based in Not Specified, focused on data architecture and related responsibilities.","SME","Python, Hadoop, AWS"
"2289","Mobile Developer","Attain People","IT & Telecommunications","Gauteng","Johannesburg","Full-Time","4.5","Not Specified","Information Technology","No","Permanent","Mobile Developer role at Attain People based in Johannesburg, focused on deployment and related responsibilities.","SME","Software Design, ASP.NET, C++, .NET, Python, C#"
"2290","Database Developer","The Individual Touch","IT & Telecommunications","Gauteng","Johannesburg North","Full-Time","0.6","Bachelor's","Not specified","No","Permanent","Database Developer role at The Individual Touch based in Johannesburg North, focused on ETL and related responsibilities.","SME","T-SQL, SQL, Data Warehousing, SQL Server, Database Design"
"2291",".NET Developer","The Individual Touch","IT & Telecommunications","Western Cape","Cape Town","Full-Time","0.5","Not Specified","Engineering","No","Permanent",".NET Developer role at The Individual Touch based in Cape Town, focused on agile development and related responsibilities.","SME","REST APIs, Entity Framework, JavaScript, React Native, Microservices, ASP.NET"
"2292","Security Engineer","Accenture","IT Consulting","Not Specified","Not Specified","Full-Time","4.2","Not Specified","Computer Science","No","Permanent","Security Engineer role at Accenture based in Not Specified, focused on security monitoring and related responsibilities.","SME","Cloud Security, Security Architecture, CEH, Risk Assessment, Threat Intelligence, EDR"
"2293","Database Analyst","Gold Fields","Business Services","Gauteng","Midrand","Full-Time","2.6","Not Specified","Not specified","No","Contract","Database Analyst role at Gold Fields based in Midrand, focused on high availability and related responsibilities.","Large","SQL Server, Redis, PL/SQL, Performance Tuning, Database Design, Oracle, MySQL, High Availability"
"2294","Quantitative Analyst","The Foschini Group","IT Recruitment","Not Specified","Not Specified","Full-Time","0.2","Bachelor's","Mathematics","No","Permanent","Quantitative Analyst role at The Foschini Group based in Not Specified, focused on data governance and related responsibilities.","SME","R, AI, SQL, PyTorch, TensorFlow, Pandas"
"2295","Service Desk Analyst","cloudandthings.io","IT Services","Western Cape","Cape Town","Full-Time","6.6","Bachelor's","Not specified","No","Permanent","Service Desk Analyst role at cloudandthings.io based in Cape Town, focused on system maintenance and related responsibilities.","SME","Patch Management, Microsoft 365, Backup & Recovery, SharePoint, Hardware Troubleshooting"
"2296","Senior ETL Developer & Database Administrator","Momentum","IT Recruitment","KwaZulu-Natal","Durban","Contract","5.6","Not Specified","Not specified","No","Contract","Senior ETL Developer & Database Administrator role at Momentum based in Durban, focused on data warehousing and related responsibilities.","SME","Cloud Data Solutions, SSIS, CI/CD, Airflow, Azure Data Lake, Kafka"
"2297","Machine Learning Engineer","Gold Fields","Recruitment","Western Cape","Cape Town","Full-Time","2.7","Not Specified","Not specified","Yes","Permanent","Machine Learning Engineer role at Gold Fields based in Cape Town, focused on model development and related responsibilities.","SME","Feature Engineering, Speech Recognition, AI, MLOps, Python"
"2298","Transmission Engineer","Google","Health, Fitness, Medical","Gauteng","Midrand","Full-Time","4.1","Not Specified","Telecommunications","Yes","Permanent","Transmission Engineer role at Google based in Midrand, focused on network design and related responsibilities.","SME","MPLS, VoIP, CCNP, BGP, RF, TCP/IP"
"2299","IT Support Technician","Eskom","IT & Telecommunications","Not Specified","Not Specified","Full-Time","2.9","Bachelor's","Not specified","Yes","Permanent","IT Support Technician role at Eskom based in Not Specified, focused on security patches and related responsibilities.","SME","Hyper-V, DNS, Desktop Support"
"2300","Finance Data Analyst","Network Contracting Solutions","IT Consulting","Not Specified","Not Specified","Full-Time","0.2","Bachelor's","Not specified","No","Permanent","Finance Data Analyst role at Network Contracting Solutions based in Not Specified, focused on dashboards and related responsibilities.","Large","Data Mapping, Process Improvement, Data Cleansing, ETL"
"2301","Wireless Engineer","Woolworths","IT Recruitment","Gauteng","Johannesburg","Full-Time","4.6","Bachelor's","Networking","No","Permanent","Wireless Engineer role at Woolworths based in Johannesburg, focused on fibre optics and related responsibilities.","SME","CCNP, Network Security, TCP/IP, MPLS"
"2302","Senior Data Scientist","E-Merge IT Recruitment","IT & Telecommunications","Gauteng","Pretoria","Full-Time","9.6","Diploma","Statistics","No","Permanent","Senior Data Scientist role at E-Merge IT Recruitment based in Pretoria, focused on model training and related responsibilities.","SME","NumPy, Data Governance, ETL, Data Visualisation, NLP"
"2303","Junior Data Scientist","TooMuchWifi","IT & Telecommunications","Not Specified","Not Specified","Permanent","0.9","Bachelor's","Computer Science","No","Permanent","Junior Data Scientist role at TooMuchWifi based in Not Specified, focused on model training and related responsibilities.","SME","NLP, MLOps, Statistical Analysis, RAG, Data Visualisation, LLMs"
"2304","IT Consultant","Nambiti Technologies (Pty) Ltd","Banking, Finance, Insurance","Western Cape","Cape Town","Contract","2.6","Not Specified","Not specified","No","Contract","IT Consultant role at Nambiti Technologies (Pty) Ltd based in Cape Town, focused on digital transformation and related responsibilities.","SME","SAP, Requirements Gathering, Vendor Management"
"2305","Software Developer II","Career Lab Pty Ltd","IT & Telecommunications","Gauteng","Midrand","Full-Time","4.4","Bachelor's","Computer Science","No","Permanent","Software Developer II role at Career Lab Pty Ltd based in Midrand, focused on deployment and related responsibilities.","Large","Code Review, Git, ASP.NET, PHP, Xamarin"
"2306","SEO Specialist","Anglo American","IT & Telecommunications","KwaZulu-Natal","Durban South","Full-Time","0.5","Bachelor's","Not specified","No","Permanent","SEO Specialist role at Anglo American based in Durban South, focused on technical support and related responsibilities.","SME","Microsoft Office, Data Entry, Problem Solving, Customer Service, Teamwork, Time Management"
"2307","Cloud Architect","Sibanye-Stillwater","IT & Telecommunications","Gauteng","Sandton","Full-Time","8.3","Bachelor's","Not specified","No","Permanent","Cloud Architect role at Sibanye-Stillwater based in Sandton, focused on CI/CD and related responsibilities.","Large","Terraform, Bash, GCP, Jenkins, Monitoring, Infrastructure as Code, Docker"
"2308","AWS Engineer","Samaha Consulting","Education & Training","Not Specified","Not Specified","Full-Time","3.0","Bachelor's","Not specified","No","Permanent","AWS Engineer role at Samaha Consulting based in Not Specified, focused on CI/CD and related responsibilities.","SME","Serverless, PowerShell, CI/CD, DevOps, ELK Stack, Kubernetes, Ansible, Azure"
"2309","ServiceNow Consultant","The Individual Touch","Banking, Finance, Insurance","Gauteng","Johannesburg","Full-Time","0.2","Bachelor's","Not specified","No","Permanent","ServiceNow Consultant role at The Individual Touch based in Johannesburg, focused on requirements gathering and related responsibilities.","SME","ServiceNow, Salesforce, Solution Design, Change Management, IT Strategy, Functional Specs, Digital Transformation, Project Management"
"2310","Data Engineer_Data Analytics Platform","Capita South Africa","IT & Telecommunications","Not Specified","Not Specified","Full-Time","4.6","Bachelor's","Not specified","No","Permanent","Data Engineer_Data Analytics Platform role at Capita South Africa based in Not Specified, focused on cloud data platforms and related responsibilities.","SME","BigQuery, Data Modelling, Airflow, Power BI, Data Architecture"
"2311","Senior Data Analyst","Sandi Crowther Recruitment","IT & Telecommunications","Gauteng","Johannesburg","Full-Time","8.4","Bachelor's","Not specified","No","Contract","Senior Data Analyst role at Sandi Crowther Recruitment based in Johannesburg, focused on data analysis and related responsibilities.","SME","Power BI, Fraud Detection, Tableau, Azure Data Fundamentals, Financial Data Analysis, QlikSense, Anomaly Detection"
"2312","Senior Data Scientist","Discovery","IT Recruitment","Gauteng","Johannesburg","Full-Time","7.0","Bachelor's","Mathematics","No","Permanent","Senior Data Scientist role at Discovery based in Johannesburg, focused on model training and related responsibilities.","SME","Advanced Analytics, LLMs, Spark, EDA, Credit Risk Modelling, Pandas"
"2313","Pre-Sales Engineer","Sibanye-Stillwater","Not Specified","Western Cape","Cape Town","Full-Time","4.5","Diploma","Not specified","No","Permanent","Pre-Sales Engineer role at Sibanye-Stillwater based in Cape Town, focused on documentation and related responsibilities.","SME","Data Entry, Teamwork, Documentation, Project Management, Problem Solving, Time Management, Communication, Microsoft Office"
"2314","Software Developer","EY","IT & Telecommunications","Remote / Not Specified","Remote","Full-Time","2.6","Not Specified","Computer Science","No","Permanent","Software Developer role at EY based in Remote, focused on system architecture and related responsibilities.","SME","Git, Python, Angular, Spring Boot, Node.js, Docker"
"2315","SAP Supply Chain Functional Consultant","iSanqa","Media, Advertising, PR","Gauteng","Johannesburg","Contract","2.5","Bachelor's","Not specified","No","Contract","SAP Supply Chain Functional Consultant role at iSanqa based in Johannesburg, focused on process mapping and related responsibilities.","SME","Change Management, Scrum, SDLC Governance"
"2316","Salesforce Consultant","Datonomy Solutions","IT & Telecommunications","Gauteng","Pretoria","Contract","4.6","Bachelor's","Not specified","No","Contract","Salesforce Consultant role at Datonomy Solutions based in Pretoria, focused on process mapping and related responsibilities.","SME","Business Process Mapping, Change Management, Agile, Digital Transformation, Stakeholder Management, Vendor Management, Solution Design, Project Management"
"2317","IT Coordinator","Pick n Pay","IT & Telecommunications","Gauteng","Kempton Park","Full-Time","0.5","Bachelor's","Not specified","No","Permanent","IT Coordinator role at Pick n Pay based in Kempton Park, focused on network management and related responsibilities.","SME","Documentation, Microsoft 365, Linux, Budgeting, Troubleshooting, IT Support"
"2318","Network Administrator","Eskom","Not Specified","Not Specified","Not Specified","Full-Time","0.6","Bachelor's","Not specified","No","Permanent","Network Administrator role at Eskom based in Not Specified, focused on network design and related responsibilities.","SME","MPLS, Firewalls, LAN, Wireshark, Routing & Switching, CCNA, Network Security"
"2319","Data Engineer - Lead","MTN","IT & Telecommunications","Gauteng","Johannesburg","Full-Time","8.8","Bachelor's","Not specified","No","Permanent","Data Engineer - Lead role at MTN based in Johannesburg, focused on data architecture and related responsibilities.","SME","Data Pipelines, CI/CD, Spark, ELT, Kafka"
"2320","Infrastructure Automation Engineer","JMR Software (Pty) Ltd","IT Consulting","Gauteng","Johannesburg North","Full-Time","0.8","Bachelor's","Not specified","No","Permanent","Infrastructure Automation Engineer role at JMR Software (Pty) Ltd based in Johannesburg North, focused on CI/CD and related responsibilities.","SME","Bash, PowerShell, Prometheus, Infrastructure as Code, Linux, AWS"
"2321",".NET Developer","Unique Personnel","Banking, Finance, Insurance","Eastern Cape","Port Elizabeth","Full-Time","4.9","Bachelor's","Engineering","No","Permanent",".NET Developer role at Unique Personnel based in Port Elizabeth, focused on testing and related responsibilities.","SME","ASP.NET, CI/CD, TDD, .NET Core, C++, Software Design, Java"
"2322","TigerGraph Data Scientist","Telkom","Not Specified","Not Specified","Not Specified","Full-Time","2.2","Bachelor's","Data Science","No","Permanent","TigerGraph Data Scientist role at Telkom based in Not Specified, focused on predictive modelling and related responsibilities.","SME","Data Modelling, NLP, Data Pipelines, Feature Stores, NumPy, PyTorch, Machine Learning, MLOps"
"2323","Vue.js Developer","Quest Staffing Solutions","Not Specified","Gauteng","Sandton","Full-Time","4.8","Bachelor's","Information Technology","No","Permanent","Vue.js Developer role at Quest Staffing Solutions based in Sandton, focused on code review and related responsibilities.","SME","Docker, .NET Core, Swift"
"2324","Business Analyst & Product Owner","wePlace (Pty) Ltd","IT & Telecommunications","Western Cape","Cape Town: Helderberg","Full-Time","2.7","Not Specified","Information Systems","No","Permanent","Business Analyst & Product Owner role at wePlace (Pty) Ltd based in Cape Town: Helderberg, focused on requirements documentation and related responsibilities.","SME","SDLC, Business Process Improvement, BRDs, ERP Implementation, Confluence, Functional Specs, SQL, Process Mapping"
"2325","C# Developer","bbe Recruitment","IT & Telecommunications","Gauteng","Midrand","Full-Time","4.4","Bachelor's","Information Technology","No","Permanent","C# Developer role at bbe Recruitment based in Midrand, focused on API development and related responsibilities.","SME","CI/CD, Spring Boot, Node.js, Blazor, Vue.js, Entity Framework"
"2326","AI Software Developer","Goldman Tech Resourcing (Pty) Ltd","IT & Telecommunications","KwaZulu-Natal","Durban","Contract","2.1","Master's","Not specified","No","Contract","AI Software Developer role at Goldman Tech Resourcing (Pty) Ltd based in Durban, focused on model development and related responsibilities.","SME","MLOps, AI, Feature Engineering, Python, NLP"
"2327","Software Test Engineer","Salix Recruitment","FMCG, Retail, Wholesale","Gauteng","Sandton","Full-Time","6.8","Bachelor's","Not specified","No","Permanent","Software Test Engineer role at Salix Recruitment based in Sandton, focused on test automation and related responsibilities.","SME","Manual Testing, TestNG, Bug Tracking, Regression Testing, Test Automation, CI/CD"
"2328","Business Analyst (Banking)","Telkom","IT Recruitment","Gauteng","Johannesburg","Full-Time","7.5","Not Specified","Not specified","No","Contract","Business Analyst (Banking) role at Telkom based in Johannesburg, focused on requirements documentation and related responsibilities.","SME","Documentation, Digital Transformation, Business Process Improvement, Requirements Elicitation, Stakeholder Engagement, Confluence, Process Mapping, Architecture Alignment"
"2329","Fleet and Data Analyst","Paracon - Western Cape","IT Recruitment","Remote / Not Specified","Remote","Full-Time","4.1","Bachelor's","Not specified","No","Permanent","Fleet and Data Analyst role at Paracon - Western Cape based in Remote, focused on reporting and related responsibilities.","SME","SQL, ETL, Data Cleansing, Data Analysis, Business Strategy, Azure Data Fundamentals"
"2330","Data Engineer - Databricks","Nigel Frank International","IT & Telecommunications","Gauteng","Centurion","Full-Time","1.0","Bachelor's","Not specified","Yes","Permanent","Data Engineer - Databricks role at Nigel Frank International based in Centurion, focused on ETL and related responsibilities.","SME","Data Pipelines, Spark, Azure Data Lake"
"2331","Data Specialist (Engineer/Scientist)","Quest Staffing Solutions","Health, Fitness, Medical","Gauteng","Midrand","Full-Time","2.6","Bachelor's","Data Science","Yes","Permanent","Data Specialist (Engineer/Scientist) role at Quest Staffing Solutions based in Midrand, focused on EDA and related responsibilities.","SME","Pandas, Feature Stores, Model Training"
"2332","Junior Data Analyst","Goldenrule","IT & Telecommunications","Western Cape","Cape Town","Contract","1.6","Bachelor's","Not specified","No","Contract","Junior Data Analyst role at Goldenrule based in Cape Town, focused on data visualisation and related responsibilities.","SME","Fraud Detection, Data Cleansing, Data Governance, Power BI"
"2333","IT Technician","iOCO","IT & Telecommunications","Gauteng","Bryanston","Full-Time","11.5","Bachelor's","Not specified","No","Permanent","IT Technician role at iOCO based in Bryanston, focused on security patches and related responsibilities.","SME","SharePoint, Firewalls, Printers, Microsoft 365"
"2334","SAP Expert Functional Consultant","Credico Financial Services (Pty) Ltd","Banking, Finance, Insurance","Gauteng","Midrand","Full-Time","5.0","Not Specified","Not specified","No","Contract","SAP Expert Functional Consultant role at Credico Financial Services (Pty) Ltd based in Midrand, focused on solution design and related responsibilities.","SME","Project Management, Business Process Mapping, Digital Transformation, SDLC Governance, SAP"
"2335","Product Designer","TooMuchWifi","IT & Telecommunications","Western Cape","Cape Town: Northern Suburbs","Full-Time","7.3","Bachelor's","Computer Science","No","Permanent","Product Designer role at TooMuchWifi based in Cape Town: Northern Suburbs, focused on user research and related responsibilities.","SME","Interaction Design, Accessibility, Design Systems"
"2336","AI Engineer (Entry)","Network Contracting Solutions","IT Consulting","Gauteng","Centurion","Full-Time","0.4","Diploma","Not specified","No","Permanent","AI Engineer (Entry) role at Network Contracting Solutions based in Centurion, focused on model development and related responsibilities.","SME","LLMs, Feature Engineering, AI, TensorFlow"
"2337","Quantitative Analyst","SALT","IT & Telecommunications","Not Specified","Not Specified","Full-Time","4.7","Master's","Data Science","No","Permanent","Quantitative Analyst role at SALT based in Not Specified, focused on model training and related responsibilities.","SME","Cloud Data Platforms, Model Training, MLOps, scikit-learn, Data Modelling"
"2338","Network Technician","The Recruitment Pig","IT & Telecommunications","Western Cape","CPT - Northern Suburbs","Full-Time","4.9","Bachelor's","Telecommunications","No","Permanent","Network Technician role at The Recruitment Pig based in CPT - Northern Suburbs, focused on network design and related responsibilities.","SME","Network Security, VPN, Fibre Optics, LAN, CCNA, BGP, Wireshark"
"2339","Site Reliability Engineer","Communicate IT","IT & Telecommunications","Not Specified","Not Specified","Permanent","5.0","Diploma","Not specified","No","Permanent","Site Reliability Engineer role at Communicate IT based in Not Specified, focused on cloud architecture and related responsibilities.","SME","Microservices, Docker, AWS"
"2340","IT Officer","Samaha Consulting","IT & Telecommunications","Gauteng","Melrose Arch","Contract","4.2","Bachelor's","Not specified","No","Contract","IT Officer role at Samaha Consulting based in Melrose Arch, focused on hardware maintenance and related responsibilities.","SME","Compliance, ITIL, Networking"
"2341","Temp Systems Administrator","PwC","IT Recruitment","Gauteng","Johannesburg","Contract","2.6","Bachelor's","Not specified","No","Contract","Temp Systems Administrator role at PwC based in Johannesburg, focused on system maintenance and related responsibilities.","SME","Backup & Recovery, Office 365, Desktop Support, Intune, DNS"
"2342","NLP Engineer","Pick n Pay","IT & Telecommunications","Gauteng","Pretoria","Full-Time","0.5","Master's","Not specified","No","Permanent","NLP Engineer role at Pick n Pay based in Pretoria, focused on NLP and related responsibilities.","SME","PyTorch, LangChain, Deep Learning, Speech Recognition, NLP, Neural Networks, RAG, AI"
"2343","Software Engineer","Capitec Bank LTD","IT & Telecommunications","Gauteng","Pretoria","Full-Time","4.5","Bachelor's","Information Technology","No","Permanent","Software Engineer role at Capitec Bank LTD based in Pretoria, focused on deployment and related responsibilities.","SME","Xamarin, Kotlin, Node.js"
"2344","ICT Officer","Super Save t/a Super Save","Banking, Finance, Insurance","Gauteng","Benoni","Full-Time","0.5","Certification","Not specified","No","Permanent","ICT Officer role at Super Save t/a Super Save based in Benoni, focused on system administration and related responsibilities.","SME","Project Management, ITIL, Microsoft 365, Hardware, Active Directory, Windows, Networking"
"2345","AI Engineer (Entry)","Exceed Human Resource Consultants","IT & Telecommunications","Gauteng","Centurion","Full-Time","0.8","Diploma","Not specified","No","Permanent","AI Engineer (Entry) role at Exceed Human Resource Consultants based in Centurion, focused on model development and related responsibilities.","SME","Python, Transformers, scikit-learn, NLP, MLOps"
"2346","Data Scientist (Entry)","cloudandthings.io","IT Consulting","Gauteng","Johannesburg","Full-Time","0.4","Bachelor's","Data Science","No","Permanent","Data Scientist (Entry) role at cloudandthings.io based in Johannesburg, focused on statistical analysis and related responsibilities.","SME","Data Visualisation, AI, Credit Risk Modelling, Data Modelling"
"2347","ICT Technician","E-Merge IT Recruitment","IT & Telecommunications","Not Specified","Not Specified","Contract","11.6","Not Specified","Not specified","Yes","Contract","ICT Technician role at E-Merge IT Recruitment based in Not Specified, focused on system maintenance and related responsibilities.","SME","SCCM, ITIL, Firewalls, Backup & Recovery"
"2348","IT Auditor","MECS","Not Specified","Not Specified","Not Specified","Full-Time","2.1","Bachelor's","Information Technology","No","Permanent","IT Auditor role at MECS based in Not Specified, focused on incident response and related responsibilities.","SME","Compliance, Cloud Security, Incident Response, QRadar, Penetration Testing, IAM"
"2349","Senior Machine Learning Engineer","Accenture","IT & Telecommunications","Gauteng","Centurion","Full-Time","7.0","Not Specified","Not specified","No","Permanent","Senior Machine Learning Engineer role at Accenture based in Centurion, focused on MLOps and related responsibilities.","SME","Deep Learning, Model Deployment, LLMs, Data Science"
"2350","Python Developer","The Recruitment Pig","IT & Telecommunications","Western Cape","Cape Town","Full-Time","4.5","Not Specified","Information Technology","No","Permanent","Python Developer role at The Recruitment Pig based in Cape Town, focused on software design and related responsibilities.","SME","C++, Laravel, SDLC, Python, SQL, Docker"
"2351","Service Desk Analyst","Reworks Solution LLC","IT & Telecommunications","Gauteng","Johannesburg","Full-Time","2.5","Bachelor's","Not specified","No","Permanent","Service Desk Analyst role at Reworks Solution LLC based in Johannesburg, focused on network administration and related responsibilities.","SME","Intune, Patch Management, Ticketing Systems, ITIL, Desktop Support, Hardware Troubleshooting, Firewalls, SharePoint"
"2352","IT Specialist","Unique Personnel","IT & Telecommunications","Not Specified","Not Specified","Full-Time","7.7","Bachelor's","Not specified","No","Contract","IT Specialist role at Unique Personnel based in Not Specified, focused on hardware maintenance and related responsibilities.","SME","Compliance, Vendor Management, Budgeting, Software Installation"
"2353","Data Scientist - Agentic AI & MLOps","Anglo American","Banking, Finance, Insurance","Western Cape","Cape Town","Full-Time","0.8","Diploma","Data Science","No","Contract","Data Scientist - Agentic AI & MLOps role at Anglo American based in Cape Town, focused on statistical analysis and related responsibilities.","SME","Advanced Analytics, Cloud Data Platforms, RAG, Feature Stores, NumPy, Statistical Analysis"
"2354",".NET Developer","wePlace (Pty) Ltd","IT Recruitment","Western Cape","Stellenbosch","Full-Time","0.4","Bachelor's","Computer Science","No","Contract",".NET Developer role at wePlace (Pty) Ltd based in Stellenbosch, focused on system architecture and related responsibilities.","SME",".NET Core, TypeScript, Spring Boot, React, SQL, C#"
"2355","Data Scientist (Entry)","Microsoft","IT & Telecommunications","Gauteng","Midrand","Full-Time","1.8","Bachelor's","Not specified","No","Permanent","Data Scientist (Entry) role at Microsoft based in Midrand, focused on statistical analysis and related responsibilities.","SME","Machine Learning, Data Visualisation, MLOps, PyTorch, NLP, Graph Modelling, NumPy, R"
"2356","Data Engineer_Data Analytics Platform","Staff Unlimited","IT & Telecommunications","Gauteng","JHB - Northern Suburbs","Full-Time","0.3","Bachelor's","Not specified","No","Permanent","Data Engineer_Data Analytics Platform role at Staff Unlimited based in JHB - Northern Suburbs, focused on data integration and related responsibilities.","SME","SSIS, ETL, Data Warehousing"
"2357","ICT Specialist","Karebo Group","IT & Telecommunications","Gauteng","Roodepoort","Full-Time","0.6","Diploma","Not specified","No","Contract","ICT Specialist role at Karebo Group based in Roodepoort, focused on hardware maintenance and related responsibilities.","Large","Troubleshooting, Compliance, Project Management, Documentation"
"2358","SEO Specialist","The Talent Room","IT & Telecommunications","Mpumalanga","Secunda","Full-Time","2.3","Diploma","Not specified","No","Permanent","SEO Specialist role at The Talent Room based in Secunda, focused on documentation and related responsibilities.","SME","Data Entry, Project Management, Problem Solving, Customer Service, Time Management, Communication, Teamwork, Microsoft Office"
"2359","IT Administrator","Excellent Staffing","IT & Telecommunications","Gauteng","Johannesburg","Full-Time","0.8","Not Specified","Not specified","No","Contract","IT Administrator role at Excellent Staffing based in Johannesburg, focused on troubleshooting and related responsibilities.","SME","Networking, Linux, Office 365"
"2360","AI Engineer (Expert)","DevologyX","IT & Telecommunications","Western Cape","CPT - Northern Suburbs","Full-Time","4.5","Master's","Not specified","No","Permanent","AI Engineer (Expert) role at DevologyX based in CPT - Northern Suburbs, focused on model development and related responsibilities.","SME","MLOps, Model Deployment, TensorFlow, OpenAI API, Python, AWS SageMaker, Data Science, Deep Learning"
"2361","Software Developer","IQbusiness","IT & Telecommunications","Gauteng","Johannesburg","Full-Time","4.8","Bachelor's","Computer Science","No","Contract","Software Developer role at IQbusiness based in Johannesburg, focused on system architecture and related responsibilities.","SME","C++, Flutter, REST APIs, Microservices, React Native"
"2362","IT Support Engineer","Unique Personnel","IT & Telecommunications","Western Cape","Cape Town","Full-Time","2.6","Bachelor's","Not specified","No","Permanent","IT Support Engineer role at Unique Personnel based in Cape Town, focused on security patches and related responsibilities.","SME","TCP/IP, Office 365, Exchange, Firewalls, Printers, Networking, Ticketing Systems"
"2363","Telecom Technician","Discovery","IT & Telecommunications","Western Cape","Cape Town","Full-Time","7.0","Bachelor's","Engineering","No","Permanent","Telecom Technician role at Discovery based in Cape Town, focused on network design and related responsibilities.","SME","Network Infrastructure, BGP, LAN, Network Monitoring, Cisco, RF, Wireshark, Routing & Switching"
"2364","Python Developer","E and D Recruiters","Banking, Finance, Insurance","Gauteng","Johannesburg","Full-Time","4.9","Not Specified","Computer Science","No","Contract","Python Developer role at E and D Recruiters based in Johannesburg, focused on system architecture and related responsibilities.","SME","Xamarin, CI/CD, ASP.NET"
"2365","TigerGraph Data Scientist","iSanqa","Mining","Not Specified","Not Specified","Full-Time","4.4","Bachelor's","Statistics","No","Permanent","TigerGraph Data Scientist role at iSanqa based in Not Specified, focused on statistical analysis and related responsibilities.","SME","PyTorch, SQL, AI"
"2366","IT Strategy Consultant","Parvana","IT & Telecommunications","Gauteng","Johannesburg","Full-Time","0.2","Bachelor's","Not specified","No","Permanent","IT Strategy Consultant role at Parvana based in Johannesburg, focused on stakeholder engagement and related responsibilities.","SME","Business Process Mapping, Requirements Gathering, Change Management, Dynamics 365, Agile, Scrum, SDLC Governance, BRDs"
"2367","Information Technology Officer","Network IT","IT & Telecommunications","Western Cape","Cape Town","Full-Time","4.6","Bachelor's","Not specified","Yes","Permanent","Information Technology Officer role at Network IT based in Cape Town, focused on system administration and related responsibilities.","SME","IT Strategy, Troubleshooting, ITIL, Software Installation, Networking"
"2368","Angular Developer","First National Bank","IT & Telecommunications","Western Cape","Cape Town","Contract","6.7","Bachelor's","Engineering","Yes","Contract","Angular Developer role at First National Bank based in Cape Town, focused on deployment and related responsibilities.","SME","Angular, SDLC, Swift"
"2369","UX/UI Designer","Reworks Solution LLC","Banking, Finance, Insurance","Western Cape","Stellenbosch","Full-Time","2.2","Bachelor's","Computer Science","No","Permanent","UX/UI Designer role at Reworks Solution LLC based in Stellenbosch, focused on user research and related responsibilities.","SME","Wireframing, Design Thinking, HTML"
"2370","Intermediate Software Developer","BCX","IT & Telecommunications","Western Cape","Cape Town","Full-Time","7.8","Bachelor's","Information Technology","Yes","Permanent","Intermediate Software Developer role at BCX based in Cape Town, focused on code review and related responsibilities.","SME","SDLC, .NET Core, CI/CD, TypeScript, React, Software Design, Node.js"
"2371","ICT Officer","Nambiti Technologies (Pty) Ltd","IT & Telecommunications","Gauteng","Centurion","Full-Time","0.4","Certification","Not specified","No","Permanent","ICT Officer role at Nambiti Technologies (Pty) Ltd based in Centurion, focused on system administration and related responsibilities.","SME","Compliance, ITIL, Budgeting"
"2372","IT Officer","Career Lab Pty Ltd","IT & Telecommunications","Eastern Cape","East London","Full-Time","4.1","Bachelor's","Not specified","Yes","Permanent","IT Officer role at Career Lab Pty Ltd based in East London, focused on network management and related responsibilities.","SME","Software Installation, Documentation, Compliance"
"2373","Cybersecurity Analyst","Google","IT & Telecommunications","Western Cape","Somerset West","Full-Time","5.0","Not Specified","Not specified","No","Permanent","Cybersecurity Analyst role at Google based in Somerset West, focused on threat detection and related responsibilities.","SME","CEH, CompTIA Security+, Cloud Security, Compliance, Network Security, ISO 27001"
"2374","Post-Sales Engineer","Massmart","Banking, Finance, Insurance","Gauteng","Midrand","Full-Time","0.6","Not Specified","Not specified","No","Contract","Post-Sales Engineer role at Massmart based in Midrand, focused on technical support and related responsibilities.","SME","Customer Service, Data Entry, Teamwork, Documentation"
"2375","Post-Sales Engineer","Network IT","Not Specified","Western Cape","CPT - Northern Suburbs","Permanent","4.2","Diploma","Not specified","No","Permanent","Post-Sales Engineer role at Network IT based in CPT - Northern Suburbs, focused on project coordination and related responsibilities.","SME","Project Management, Data Entry, Customer Service, Documentation, Microsoft Office"
"2376","Database Analyst","Sabenza IT Recruitment","IT & Telecommunications","Gauteng","Menlyn","Full-Time","6.3","Bachelor's","Computer Science","No","Permanent","Database Analyst role at Sabenza IT Recruitment based in Menlyn, focused on data modelling and related responsibilities.","SME","T-SQL, Oracle, MySQL, High Availability"
"2377","Business Analyst (Technology)","Standard Bank","Mining","Gauteng","Midrand","Contract","0.5","Not Specified","Business Administration","No","Contract","Business Analyst (Technology) role at Standard Bank based in Midrand, focused on requirements documentation and related responsibilities.","SME","UAT, Stakeholder Engagement, BRDs, Process Flows, Change Management, Data Mapping, SDLC"
"2378",".NET Developer","Absa","IT Recruitment","Western Cape","Cape Town","Contract","0.3","Bachelor's","Not specified","No","Contract",".NET Developer role at Absa based in Cape Town, focused on software design and related responsibilities.","SME","SDLC, Git, C++, Code Review"
"2379","Infrastructure Automation Engineer","Anglo American","Banking, Finance, Insurance","Gauteng","Johannesburg","Contract","4.5","Bachelor's","Not specified","No","Contract","Infrastructure Automation Engineer role at Anglo American based in Johannesburg, focused on deployment pipelines and related responsibilities.","SME","Azure, Serverless, CI/CD, GitHub Actions, Prometheus, Docker, GitLab CI, ELK Stack"
"2380","Technical Writer","Massmart","IT & Telecommunications","Gauteng","Sandton","Full-Time","4.1","Not Specified","Not specified","No","Permanent","Technical Writer role at Massmart based in Sandton, focused on vendor management and related responsibilities.","SME","Teamwork, Problem Solving, Microsoft Office, Documentation, Time Management, Data Entry"
"2381","Protocol Software Developer","Salix Recruitment","IT & Telecommunications","Gauteng","Bryanston","Full-Time","2.8","Not Specified","Computer Science","No","Permanent","Protocol Software Developer role at Salix Recruitment based in Bryanston, focused on testing and related responsibilities.","Large","Spring Boot, Swift, Vue.js, Docker, MVC, ASP.NET, Node.js, React"
"2382","Senior IT Project Manager","IBM","IT & Telecommunications","Not Specified","Not Specified","Full-Time","5.8","Bachelor's","Not specified","Yes","Permanent","Senior IT Project Manager role at IBM based in Not Specified, focused on project planning and related responsibilities.","SME","Jira, Change Management, PRINCE2"
"2383","Data Scientist - Agentic AI & MLOps","Goldenrule","IT & Telecommunications","Western Cape","Wynberg","Full-Time","4.7","Diploma","Mathematics","No","Permanent","Data Scientist - Agentic AI & MLOps role at Goldenrule based in Wynberg, focused on EDA and related responsibilities.","SME","Spark, Predictive Modelling, Python, Deep Learning, Graph Modelling, Machine Learning, Credit Risk Modelling, ETL"
"2384","AI Software Developer","Nedbank","Engineering, Technical, Manufacturing","Gauteng","Pretoria","Full-Time","2.1","Bachelor's","Not specified","Partial","Permanent","AI Software Developer role at Nedbank based in Pretoria, focused on NLP and related responsibilities.","SME","Computer Vision, Data Science, Python, Speech Recognition, Transformers, OpenAI API, Neural Networks"
"2385","IT Trainer","Paracon - Western Cape","IT & Telecommunications","Not Specified","Not Specified","Full-Time","0.6","Certification","Not specified","No","Permanent","IT Trainer role at Paracon - Western Cape based in Not Specified, focused on vendor management and related responsibilities.","SME","Communication, Documentation, Teamwork"
"2386","IT Recruiter","iOCO","IT & Telecommunications","Gauteng","Johannesburg","Contract","2.5","Bachelor's","Not specified","Yes","Contract","IT Recruiter role at iOCO based in Johannesburg, focused on documentation and related responsibilities.","SME","Documentation, Time Management, Customer Service, Microsoft Office, Project Management"
"2387","Temp Systems Administrator","DevologyX","FMCG, Retail, Wholesale","Remote / Not Specified","Remote","Full-Time","4.1","Bachelor's","Not specified","No","Permanent","Temp Systems Administrator role at DevologyX based in Remote, focused on security patches and related responsibilities.","SME","DHCP, Microsoft 365, Ticketing Systems, Patch Management, DNS, Hardware Troubleshooting"
"2388","Telecommunications Engineer","Accenture","IT & Telecommunications","Gauteng","Pretoria","Full-Time","1.0","Bachelor's","Networking","No","Permanent","Telecommunications Engineer role at Accenture based in Pretoria, focused on network security and related responsibilities.","SME","WAN, Routing & Switching, Transmission"
"2389","Backend Developer","Staff Unlimited","IT Consulting","Gauteng","Johannesburg North","Permanent","0.9","Bachelor's","Not specified","No","Permanent","Backend Developer role at Staff Unlimited based in Johannesburg North, focused on deployment and related responsibilities.","SME","React, Xamarin, Software Design, ASP.NET, Laravel, Kotlin"
"2390","Site Reliability Engineer","Massmart","IT & Telecommunications","Western Cape","Claremont","Full-Time","4.1","Bachelor's","Not specified","No","Permanent","Site Reliability Engineer role at Massmart based in Claremont, focused on deployment pipelines and related responsibilities.","SME","Kubernetes, Python, ELK Stack, DevOps"
"2391","Business Analyst (Banking)","Catch Recruit","IT & Telecommunications","Gauteng","Midrand","Full-Time","3.0","Bachelor's","Finance","No","Permanent","Business Analyst (Banking) role at Catch Recruit based in Midrand, focused on requirements documentation and related responsibilities.","Large","Stakeholder Engagement, Documentation, Data Mapping, BRDs, Architecture Alignment, Digital Transformation, ERP Implementation, Functional Specs"
"2392","Java Developer","Hicell V- Shops Pty Ltd","IT Recruitment","KwaZulu-Natal","Pietermaritzburg","Full-Time","6.3","Bachelor's","Engineering","Yes","Permanent","Java Developer role at Hicell V- Shops Pty Ltd based in Pietermaritzburg, focused on testing and related responsibilities.","SME","TDD, Java, REST APIs"
"2393","Azure Engineer","Eskom","IT & Telecommunications","Free State","Bloemfontein","Full-Time","0.9","Not Specified","Not specified","No","Permanent","Azure Engineer role at Eskom based in Bloemfontein, focused on cloud architecture and related responsibilities.","Large","Helm, Kubernetes, Prometheus, Linux, Azure"
"2394","UX Researcher","Transnet","Business Services","Gauteng","Centurion","Full-Time","0.7","Bachelor's","Interaction Design","No","Permanent","UX Researcher role at Transnet based in Centurion, focused on prototyping and related responsibilities.","SME","Sketch, Responsive Design, Information Architecture, HTML, Accessibility, Figma, Prototyping, CSS"
"2395","Junior Database Administrator","Unique Personnel","Banking, Finance, Insurance","Gauteng","Johannesburg","Full-Time","0.3","Bachelor's","Information Technology","No","Permanent","Junior Database Administrator role at Unique Personnel based in Johannesburg, focused on database design and related responsibilities.","SME","MongoDB, Backup & Recovery, Performance Tuning, SSIS"
"2396","IT Recruiter","Denel","IT & Telecommunications","Gauteng","Johannesburg","Full-Time","4.1","Bachelor's","Not specified","No","Contract","IT Recruiter role at Denel based in Johannesburg, focused on project coordination and related responsibilities.","SME","Microsoft Office, Problem Solving, Customer Service, Communication, Time Management"
"2397","Data Engineer - Lead","Prudent HR Solutions Pty Ltd","Not Specified","Western Cape","Cape Town: City Bowl","Full-Time","9.1","Bachelor's","Not specified","No","Permanent","Data Engineer - Lead role at Prudent HR Solutions Pty Ltd based in Cape Town: City Bowl, focused on data architecture and related responsibilities.","Large","Spark, Data Lakes, GCP, SQL"
"2398","Technical Writer","Credico Financial Services (Pty) Ltd","IT & Telecommunications","Gauteng","Johannesburg","Full-Time","4.2","Bachelor's","Not specified","No","Permanent","Technical Writer role at Credico Financial Services (Pty) Ltd based in Johannesburg, focused on vendor management and related responsibilities.","SME","Time Management, Project Management, Communication, Documentation, Microsoft Office, Data Entry, Teamwork, Problem Solving"
"2399","Full Stack Developer","Nigel Frank International","IT & Telecommunications","Gauteng","Pretoria","Full-Time","2.6","Bachelor's","Computer Science","No","Permanent","Full Stack Developer role at Nigel Frank International based in Pretoria, focused on software design and related responsibilities.","SME",".NET, .NET Core, Angular, Laravel, Code Review, React Native, Software Design, Entity Framework"
"2400","Protocol Software Developer","Prudent HR Solutions Pty Ltd","IT & Telecommunications","Gauteng","Midrand","Contract","0.9","Bachelor's","Computer Science","No","Contract","Protocol Software Developer role at Prudent HR Solutions Pty Ltd based in Midrand, focused on software design and related responsibilities.","SME","Vue.js, OOP, Code Review, Flutter, Xamarin, React Native, CSS"
"2401","Protocol Software Developer","Catch Recruit","IT & Telecommunications","Gauteng","Pretoria","Contract","0.7","Diploma","Computer Science","No","Contract","Protocol Software Developer role at Catch Recruit based in Pretoria, focused on testing and related responsibilities.","SME","MVC, REST APIs, React Native, Node.js, C#, Vue.js, Swift, Microservices"
"2402","Penetration Tester","Datonomy Solutions","IT & Telecommunications","Gauteng","Midrand","Contract","0.3","Honours","Cyber Security","No","Contract","Penetration Tester role at Datonomy Solutions based in Midrand, focused on incident response and related responsibilities.","Large","Risk Assessment, CISA, EDR, GRC, Cloud Security, Security Architecture, IAM, QRadar"
"2403","Business Analyst (Learning Management Systems)","Catch Recruit","IT & Telecommunications","Gauteng","Johannesburg","Full-Time","7.6","Bachelor's","Finance","No","Permanent","Business Analyst (Learning Management Systems) role at Catch Recruit based in Johannesburg, focused on process analysis and related responsibilities.","SME","Documentation, SOPs, Digital Transformation, Business Process Improvement"
"2404","Field Support Engineer","Nigel Frank International","Banking, Finance, Insurance","KwaZulu-Natal","Durban","Full-Time","8.0","Bachelor's","Not specified","No","Permanent","Field Support Engineer role at Nigel Frank International based in Durban, focused on network administration and related responsibilities.","SME","Desktop Support, Hyper-V, VMware, Microsoft 365, Firewalls, Ticketing Systems, Hardware Troubleshooting, DNS"
"2405","Data Scientist (Entry)","cloudandthings.io","IT & Telecommunications","Gauteng","Johannesburg","Full-Time","1.2","PhD","Computer Science","No","Contract","Data Scientist (Entry) role at cloudandthings.io based in Johannesburg, focused on statistical analysis and related responsibilities.","Large","AI, EDA, Feature Stores, PyTorch, Spark, scikit-learn, Statistical Analysis, Pandas"
"2406","Penetration Tester","E-Merge IT Recruitment","IT & Telecommunications","Gauteng","Midrand","Full-Time","0.6","Diploma","Cyber Security","No","Permanent","Penetration Tester role at E-Merge IT Recruitment based in Midrand, focused on compliance and related responsibilities.","SME","EDR, Cloud Security, Incident Response, Risk Assessment"
"2407","Quantitative Analyst","Nambiti Technologies (Pty) Ltd","IT & Telecommunications","Western Cape","Cape Town","Full-Time","2.1","Bachelor's","Mathematics","No","Permanent","Quantitative Analyst role at Nambiti Technologies (Pty) Ltd based in Cape Town, focused on predictive modelling and related responsibilities.","Large","Pandas, NLP, AI"
"2408","Data Engineer / SQL Developer","Anglo American","Banking, Finance, Insurance","Western Cape","Cape Town","Full-Time","0.3","Bachelor's","Not specified","No","Permanent","Data Engineer / SQL Developer role at Anglo American based in Cape Town, focused on data architecture and related responsibilities.","SME","AWS, ELT, SQL, Python, Cloud Data Solutions, CI/CD, Data Warehousing, Data Architecture"
"2409","Site Reliability Engineer","Amazon Web Services","Agriculture, Forestry, Environmental","Gauteng","Bryanston","Full-Time","7.0","Master's","Not specified","No","Permanent","Site Reliability Engineer role at Amazon Web Services based in Bryanston, focused on infrastructure automation and related responsibilities.","SME","Linux, GCP, Serverless, CI/CD, Docker"
"2410","TigerGraph Data Scientist","Cartrack Pty Ltd","Business Services","Western Cape","Cape Town: Northern Suburbs","Full-Time","4.3","Bachelor's","Not specified","No","Permanent","TigerGraph Data Scientist role at Cartrack Pty Ltd based in Cape Town: Northern Suburbs, focused on data governance and related responsibilities.","SME","Credit Risk Modelling, Machine Learning, Cloud Data Platforms, Python, NLP, Advanced Analytics, AI, MLOps"
"2411","Business Analyst (Property Industry)","Sasol","IT & Telecommunications","Gauteng","Pretoria","Permanent","1.0","Bachelor's","Information Systems","No","Permanent","Business Analyst (Property Industry) role at Sasol based in Pretoria, focused on requirements documentation and related responsibilities.","SME","Data Mapping, UAT, BRDs, Agile/Scrum, SDLC, Process Flows, Architecture Alignment, SOPs"
"2412","SAP Supply Chain Functional Consultant","Newsclip Media Monitoring (Pty) Ltd.","Agriculture, Forestry, Environmental","Western Cape","Cape Town: Northern Suburbs","Full-Time","1.0","Bachelor's","Not specified","No","Permanent","SAP Supply Chain Functional Consultant role at Newsclip Media Monitoring (Pty) Ltd. based in Cape Town: Northern Suburbs, focused on digital transformation and related responsibilities.","SME","SAP Ariba, Agile, Process Flows"
"2413","IT Business Development Manager","Tumaini Consulting","IT & Telecommunications","Gauteng","Johannesburg","Full-Time","5.7","Certification","Not specified","No","Permanent","IT Business Development Manager role at Tumaini Consulting based in Johannesburg, focused on documentation and related responsibilities.","SME","Communication, Documentation, Time Management"
"2414","Intermediate Software Developer","IQbusiness","Not Specified","Western Cape","Cape Town: City Bowl","Full-Time","4.7","Bachelor's","Information Technology","No","Permanent","Intermediate Software Developer role at IQbusiness based in Cape Town: City Bowl, focused on testing and related responsibilities.","SME","Java, ASP.NET, Angular, Node.js, .NET, C#, SQL, PHP"
"2415","Digital Marketing Specialist","Hicell V- Shops Pty Ltd","IT Services","Western Cape","Cape Town","Full-Time","6.5","Bachelor's","Not specified","No","Permanent","Digital Marketing Specialist role at Hicell V- Shops Pty Ltd based in Cape Town, focused on vendor management and related responsibilities.","SME","Time Management, Project Management, Teamwork, Microsoft Office, Communication, Documentation, Customer Service, Problem Solving"
"2416","Python Developer","BCX","IT & Telecommunications","Gauteng","Johannesburg","Full-Time","2.2","Bachelor's","Computer Science","No","Permanent","Python Developer role at BCX based in Johannesburg, focused on software design and related responsibilities.","SME","REST APIs, Flutter, C#, CSS, Laravel"
"2417","IT Strategy Consultant","Psybergate (Pty) Ltd","Not Specified","Gauteng","Johannesburg","Contract","2.3","Bachelor's","Not specified","No","Contract","IT Strategy Consultant role at Psybergate (Pty) Ltd based in Johannesburg, focused on process mapping and related responsibilities.","SME","Agile, ServiceNow, Salesforce, Project Management, IT Strategy, Functional Specs, Requirements Gathering, Scrum"
"2418","Technology Consultant","Sandi Crowther Recruitment","Not Specified","Gauteng","Centurion","Full-Time","0.2","Not Specified","Not specified","No","Contract","Technology Consultant role at Sandi Crowther Recruitment based in Centurion, focused on process mapping and related responsibilities.","SME","Vendor Management, Process Flows, SDLC Governance, Project Management, Digital Transformation, ServiceNow, ERP"
"2419","Data Specialist (Engineer/Scientist)","Catch Recruit","IT & Telecommunications","Gauteng","Johannesburg","Full-Time","0.9","Honours","Not specified","No","Permanent","Data Specialist (Engineer/Scientist) role at Catch Recruit based in Johannesburg, focused on machine learning and related responsibilities.","SME","Spark, Statistical Analysis, TensorFlow"
"2420","Senior DevOps Engineer","cloudandthings.io","Recruitment","Western Cape","Cape Town","Permanent","8.8","Bachelor's","Not specified","Yes","Permanent","Senior DevOps Engineer role at cloudandthings.io based in Cape Town, focused on monitoring and related responsibilities.","Large","Monitoring, Azure, Linux, GitHub Actions, Python, Bash, Serverless"
"2421","Post-Sales Engineer","Communicate IT","IT Consulting","Western Cape","Stellenbosch","Full-Time","4.6","Certification","Not specified","No","Permanent","Post-Sales Engineer role at Communicate IT based in Stellenbosch, focused on technical support and related responsibilities.","SME","Problem Solving, Communication, Documentation"
"2422","Data Scientist - Agentic AI & MLOps","Google","IT & Telecommunications","Gauteng","Midrand","Full-Time","0.7","Not Specified","Not specified","Yes","Permanent","Data Scientist - Agentic AI & MLOps role at Google based in Midrand, focused on statistical analysis and related responsibilities.","SME","Machine Learning, Statistical Analysis, EDA, ETL, PyTorch"
"2423","Data Entry Clerk","Dimension Data","Banking","Gauteng","Pretoria","Permanent","0.1","Not Specified","Not specified","No","Permanent","Data Entry Clerk role at Dimension Data based in Pretoria, focused on technical support and related responsibilities.","SME","Microsoft Office, Time Management, Project Management, Documentation"
"2424","Frontend Developer","Unique Personnel","Agriculture, Forestry, Environmental","Gauteng","Gauteng","Full-Time","6.4","Bachelor's","Not specified","No","Permanent","Frontend Developer role at Unique Personnel based in Gauteng, focused on deployment and related responsibilities.","SME","Spring Boot, REST APIs, Software Design, CI/CD, MVC"
"2425","Spring Boot Developer","AO Connect Solutions","IT & Telecommunications","Gauteng","Pretoria","Full-Time","7.5","Not Specified","Computer Science","No","Contract","Spring Boot Developer role at AO Connect Solutions based in Pretoria, focused on testing and related responsibilities.","SME","Entity Framework, C++, Angular, CI/CD"
"2426","AI Research Scientist","Nambiti Technologies (Pty) Ltd","Banking, Finance, Insurance","Gauteng","Centurion","Full-Time","4.2","Bachelor's","Not specified","No","Permanent","AI Research Scientist role at Nambiti Technologies (Pty) Ltd based in Centurion, focused on deep learning and related responsibilities.","SME","AI, Python, MLOps"
"2427","Site Reliability Engineer","Transnet","IT & Telecommunications","Gauteng","Midrand","Full-Time","2.2","Bachelor's","Not specified","No","Permanent","Site Reliability Engineer role at Transnet based in Midrand, focused on CI/CD and related responsibilities.","SME","Cloud Architecture, Infrastructure as Code, Bash, Microservices, GitHub Actions, Serverless, Docker, GCP"
"2428","Data Analyst II","Samaha Consulting","IT & Telecommunications","Gauteng","Centurion","Contract","2.6","Bachelor's","Not specified","No","Contract","Data Analyst II role at Samaha Consulting based in Centurion, focused on BI development and related responsibilities.","SME","Data Governance, Fraud Detection, Statistical Analysis, QlikSense"
"2429","MLOps Engineer","KPMG","FMCG, Retail, Wholesale","Not Specified","Not Specified","Contract","4.3","Master's","Not specified","No","Contract","MLOps Engineer role at KPMG based in Not Specified, focused on MLOps and related responsibilities.","SME","AWS SageMaker, LLMs, Python, Statistics, TensorFlow, Reinforcement Learning"
"2430","IT Coordinator","Cartrack Pty Ltd","IT & Telecommunications","Gauteng","Pretoria","Full-Time","4.4","Bachelor's","Not specified","No","Permanent","IT Coordinator role at Cartrack Pty Ltd based in Pretoria, focused on software installation and related responsibilities.","Large","IT Strategy, Vendor Management, Windows, Hardware, Active Directory, Troubleshooting, Budgeting, Documentation"
"2431","Business Analyst (Banking)","Career Lab Pty Ltd","Education & Training","Not Specified","Not Specified","Full-Time","0.8","Bachelor's","Finance","No","Permanent","Business Analyst (Banking) role at Career Lab Pty Ltd based in Not Specified, focused on process analysis and related responsibilities.","SME","Process Flows, Requirements Gathering, Agile/Scrum, SQL, Functional Specs, Jira, SDLC"
"2432","Security Operations Analyst","Shoprite","IT & Telecommunications","Gauteng","Johannesburg","Full-Time","1.0","Not Specified","Cyber Security","No","Permanent","Security Operations Analyst role at Shoprite based in Johannesburg, focused on security monitoring and related responsibilities.","Large","CISSP, POPIA, Penetration Testing, QRadar"
"2433","Build/Release Engineer","Pick n Pay","IT Consulting","Gauteng","Johannesburg","Permanent","4.4","Bachelor's","Not specified","No","Permanent","Build/Release Engineer role at Pick n Pay based in Johannesburg, focused on cloud architecture and related responsibilities.","Large","GitHub Actions, AWS, Terraform, Infrastructure as Code"
"2434","Senior ETL Developer & Database Administrator","Humankind Group","IT & Telecommunications","Gauteng","Johannesburg","Full-Time","5.1","Bachelor's","Not specified","Yes","Permanent","Senior ETL Developer & Database Administrator role at Humankind Group based in Johannesburg, focused on ETL and related responsibilities.","SME","ELT, Kafka, SQL, Data Pipelines, Spark"
"2435","Desktop Support Technician","AO Connect Solutions","IT & Telecommunications","Remote / Not Specified","Remote","Full-Time","4.5","Diploma","Not specified","No","Permanent","Desktop Support Technician role at AO Connect Solutions based in Remote, focused on server management and related responsibilities.","SME","Exchange, Ticketing Systems, Backup & Recovery, Office 365, Printers, Patch Management, Linux, Networking"
"2436","AI Software Developer","The Foschini Group","IT & Telecommunications","Not Specified","Not Specified","Full-Time","2.6","Bachelor's","Not specified","No","Permanent","AI Software Developer role at The Foschini Group based in Not Specified, focused on NLP and related responsibilities.","SME","RAG, LangChain, Statistics, MLOps, OpenAI API, Neural Networks, AI"
"2437","Senior DevOps Engineer","DevologyX","Not Specified","Western Cape","Cape Town","Full-Time","5.1","Bachelor's","Not specified","No","Permanent","Senior DevOps Engineer role at DevologyX based in Cape Town, focused on monitoring and related responsibilities.","SME","Grafana, GCP, Python, GitHub Actions"
"2438","Helpdesk Analyst","Massmart","IT Consulting","Not Specified","Not Specified","Contract","4.3","Bachelor's","Not specified","No","Contract","Helpdesk Analyst role at Massmart based in Not Specified, focused on server management and related responsibilities.","SME","Active Directory, Ticketing Systems, DNS, Office 365, Exchange, DHCP"
"2439","Data Scientist","Salix Recruitment","IT & Telecommunications","Gauteng","Menlyn","Full-Time","1.0","Bachelor's","Statistics","No","Permanent","Data Scientist role at Salix Recruitment based in Menlyn, focused on data pipelines and related responsibilities.","SME","Machine Learning, ETL, Deep Learning"
"2440","Embedded Software Developer","RedM Professional Services","IT & Telecommunications","Gauteng","Johannesburg","Full-Time","4.9","Not Specified","Software Engineering","Yes","Permanent","Embedded Software Developer role at RedM Professional Services based in Johannesburg, focused on deployment and related responsibilities.","SME","Vue.js, React, C++"
"2441","UX Designer","PwC","IT & Telecommunications","Not Specified","Not Specified","Full-Time","0.3","Bachelor's","Not specified","No","Contract","UX Designer role at PwC based in Not Specified, focused on interaction design and related responsibilities.","SME","Responsive Design, Sketch, Adobe XD, Prototyping"
"2442","Angular Developer","Exceed Human Resource Consultants","IT Recruitment","Western Cape","Cape Town: Northern Suburbs","Permanent","4.2","Bachelor's","Computer Science","No","Permanent","Angular Developer role at Exceed Human Resource Consultants based in Cape Town: Northern Suburbs, focused on deployment and related responsibilities.","SME","Microservices, JavaScript, Entity Framework, .NET"
"2443","Build/Release Engineer","Samaha Consulting","IT & Telecommunications","Gauteng","Sandton","Full-Time","7.4","Not Specified","Not specified","No","Permanent","Build/Release Engineer role at Samaha Consulting based in Sandton, focused on CI/CD and related responsibilities.","SME","Jenkins, Linux, Python, PowerShell"
"2444","IT Technician","Deloitte","IT & Telecommunications","Gauteng","Johannesburg East","Full-Time","4.2","Not Specified","Not specified","No","Contract","IT Technician role at Deloitte based in Johannesburg East, focused on user support and related responsibilities.","SME","VPN, DHCP, Hyper-V, Ticketing Systems, Office 365, Firewalls, Microsoft 365, SharePoint"
"2445","Desktop Support Technician","The Foschini Group","IT Recruitment","Gauteng","Johannesburg","Full-Time","0.2","Bachelor's","Not specified","Yes","Permanent","Desktop Support Technician role at The Foschini Group based in Johannesburg, focused on system maintenance and related responsibilities.","SME","Patch Management, Active Directory, Server Maintenance"
"2446","Data Warehouse Developer","The Foschini Group","IT & Telecommunications","Gauteng","Midrand","Full-Time","2.4","Bachelor's","Not specified","No","Permanent","Data Warehouse Developer role at The Foschini Group based in Midrand, focused on ETL and related responsibilities.","SME","PL/SQL, Performance Tuning, SSIS, Redis"
"2447","Visual Designer","Absa","IT & Telecommunications","Gauteng","Roodepoort","Full-Time","0.9","Bachelor's","Interaction Design","No","Permanent","Visual Designer role at Absa based in Roodepoort, focused on design systems and related responsibilities.","SME","Usability Testing, Responsive Design, Sketch, Adobe XD"
"2448","Backend Developer","Future Careers","Not Specified","Gauteng","Sandton","Full-Time","4.2","Bachelor's","Computer Science","Partial","Permanent","Backend Developer role at Future Careers based in Sandton, focused on testing and related responsibilities.","SME","Entity Framework, Software Design, React Native, PHP, Kotlin, Flutter"
"2449","Service Desk Analyst","Momentum","IT & Telecommunications","Western Cape","Cape Town: Southern Suburbs","Contract","2.5","Certification","Not specified","No","Contract","Service Desk Analyst role at Momentum based in Cape Town: Southern Suburbs, focused on security patches and related responsibilities.","SME","Patch Management, Hardware Troubleshooting, Hyper-V, TCP/IP"
"2450","Fibre Optic Engineer","PM Connection","Energy & Clean Tech","Gauteng","Johannesburg","Contract","0.3","Not Specified","Information Technology","No","Contract","Fibre Optic Engineer role at PM Connection based in Johannesburg, focused on fibre optics and related responsibilities.","Large","SD-WAN, MPLS, Transmission, Fibre Optics, 5G, Wireless, Wi-Fi 6"
"2451","Network Technician","The Talent Room","IT & Telecommunications","Gauteng","Midrand","Permanent","3.0","Bachelor's","Engineering","No","Permanent","Network Technician role at The Talent Room based in Midrand, focused on network design and related responsibilities.","SME","Wireshark, WAN, Transmission, SD-WAN, VoIP"
"2452","Data Specialist (Engineer/Scientist)","The Talent Room","Not Specified","Gauteng","Johannesburg","Full-Time","0.4","Bachelor's","Mathematics","No","Permanent","Data Specialist (Engineer/Scientist) role at The Talent Room based in Johannesburg, focused on machine learning and related responsibilities.","SME","Machine Learning, RAG, Pandas, NLP"
"2453","Data Scientist - Agentic AI & MLOps","Ability Recruitment","Mining","Gauteng","Centurion","Full-Time","7.8","Master's","Data Science","No","Contract","Data Scientist - Agentic AI & MLOps role at Ability Recruitment based in Centurion, focused on machine learning and related responsibilities.","SME","NLP, LLMs, Advanced Analytics, PyTorch, Pandas, Cloud Data Platforms, R"
"2454","Technical Consultant","Excellent Staffing","Banking, Finance, Insurance","Gauteng","Johannesburg North","Contract","0.4","Bachelor's","Not specified","No","Contract","Technical Consultant role at Excellent Staffing based in Johannesburg North, focused on process mapping and related responsibilities.","Large","Agile, IT Strategy, Digital Transformation, Process Flows, BRDs, Functional Specs"
"2455","Junior Software Developer","Vodacom","IT & Telecommunications","Not Specified","Not Specified","Full-Time","1.8","Not Specified","Computer Science","No","Permanent","Junior Software Developer role at Vodacom based in Not Specified, focused on deployment and related responsibilities.","SME","Java, Kubernetes, Xamarin, Swift, .NET, TypeScript, Flutter, Vue.js"
"2456","Desktop Support Technician","PwC","IT & Telecommunications","Gauteng","Johannesburg","Full-Time","0.2","Bachelor's","Not specified","No","Permanent","Desktop Support Technician role at PwC based in Johannesburg, focused on security patches and related responsibilities.","SME","Patch Management, Server Maintenance, Hardware Troubleshooting, Linux"
"2457","Senior Data Scientist","iOCO","IT & Telecommunications","Gauteng","Gauteng","Full-Time","5.1","Honours","Statistics","No","Permanent","Senior Data Scientist role at iOCO based in Gauteng, focused on statistical analysis and related responsibilities.","Large","TensorFlow, Graph Modelling, scikit-learn, Data Modelling, Feature Stores, Pandas"
"2458","Protocol Software Developer","Microsoft","IT & Telecommunications","Gauteng","Midrand","Full-Time","2.1","Bachelor's","Information Technology","No","Permanent","Protocol Software Developer role at Microsoft based in Midrand, focused on software design and related responsibilities.","SME","Kubernetes, CI/CD, Git"
"2459","Technology Consultant","Data Monkey (PTY) LTD","Not Specified","Gauteng","Pretoria","Contract","0.9","Honours","Not specified","No","Contract","Technology Consultant role at Data Monkey (PTY) LTD based in Pretoria, focused on process mapping and related responsibilities.","SME","SAP, ERP, Agile, Vendor Management, BRDs"
"2460","Data Engineer - Lead","Amazon Web Services","Business Services","Gauteng","Pretoria","Full-Time","5.7","Not Specified","Not specified","No","Contract","Data Engineer - Lead role at Amazon Web Services based in Pretoria, focused on cloud data platforms and related responsibilities.","SME","CI/CD, Power BI, Dataflow"
"2461","Manual Tester","Newsclip Media Monitoring (Pty) Ltd.","IT & Telecommunications","Gauteng","Centurion","Full-Time","4.1","Bachelor's","Not specified","No","Permanent","Manual Tester role at Newsclip Media Monitoring (Pty) Ltd. based in Centurion, focused on API testing and related responsibilities.","SME","JUnit, Manual Testing, Bug Tracking, JMeter, Python, CI/CD, Test Automation, Performance Testing"
"2462","Penetration Tester","Datonomy Solutions","IT & Telecommunications","Gauteng","Johannesburg","Full-Time","2.6","Bachelor's","Cyber Security","No","Permanent","Penetration Tester role at Datonomy Solutions based in Johannesburg, focused on penetration testing and related responsibilities.","SME","Forensics, SOC, Security Architecture, Risk Assessment"
"2463","ICT Technician","Absa","FMCG, Retail, Wholesale","Gauteng","Sandton","Full-Time","4.7","Bachelor's","Not specified","No","Permanent","ICT Technician role at Absa based in Sandton, focused on server management and related responsibilities.","SME","Intune, DNS, Printers, Firewalls, Microsoft 365"
"2464","Data Scientist (AI & Machine Learning)","Network Finance.","IT & Telecommunications","Not Specified","Not Specified","Full-Time","4.4","Master's","Mathematics","Yes","Contract","Data Scientist (AI & Machine Learning) role at Network Finance. based in Not Specified, focused on data governance and related responsibilities.","SME","NumPy, Deep Learning, Data Modelling, ETL, scikit-learn, SQL, EDA"
"2465","Data Scientist (Pipeline)","Datonomy Solutions","FMCG, Retail, Wholesale","Not Specified","Not Specified","Full-Time","4.6","Bachelor's","Computer Science","No","Permanent","Data Scientist (Pipeline) role at Datonomy Solutions based in Not Specified, focused on statistical analysis and related responsibilities.","SME","ETL, Pandas, AI, Python, SQL, Statistical Analysis, R"
"2466","Data Scientist (Pipeline)","Old Mutual","IT Services","Western Cape","CPT - Northern Suburbs","Full-Time","7.4","Diploma","Data Science","No","Contract","Data Scientist (Pipeline) role at Old Mutual based in CPT - Northern Suburbs, focused on data pipelines and related responsibilities.","Large","Data Governance, EDA, Machine Learning, Feature Stores, ETL, NLP, Pandas"
"2467","Data Engineer / SQL Developer","Credico Financial Services (Pty) Ltd","IT Recruitment","Gauteng","Menlyn","Contract","6.1","Not Specified","Not specified","No","Contract","Data Engineer / SQL Developer role at Credico Financial Services (Pty) Ltd based in Menlyn, focused on data architecture and related responsibilities.","SME","Data Modelling, CI/CD, SSIS, SQL, AWS, Dataflow"
"2468","Fibre Optic Engineer","EY","IT Recruitment","Gauteng","Johannesburg","Full-Time","2.2","Bachelor's","Networking","Yes","Contract","Fibre Optic Engineer role at EY based in Johannesburg, focused on network design and related responsibilities.","SME","Wi-Fi 6, Network Infrastructure, WAN, Network Monitoring"
"2469","Junior Software Developer","Network Contracting Solutions","IT & Telecommunications","Gauteng","Johannesburg","Full-Time","0.6","Bachelor's","Information Technology","No","Permanent","Junior Software Developer role at Network Contracting Solutions based in Johannesburg, focused on agile development and related responsibilities.","SME","React Native, Microservices, Entity Framework, Software Design, HTML"
"2470","Database Developer","EY","IT & Telecommunications","Gauteng","Johannesburg","Full-Time","4.1","Diploma","Not specified","No","Contract","Database Developer role at EY based in Johannesburg, focused on backup & recovery and related responsibilities.","SME","PL/SQL, MySQL, Performance Tuning, PostgreSQL, SQL, Data Modelling, Redis"
"2471","ICT Systems Administrator","Goldenrule","IT & Telecommunications","Not Specified","Not Specified","Full-Time","6.8","Bachelor's","Not specified","No","Permanent","ICT Systems Administrator role at Goldenrule based in Not Specified, focused on user support and related responsibilities.","SME","Firewalls, Active Directory, Patch Management, Linux, Intune, SCCM"
"2472","Data Scientist","Falcorp Resourcing","Business Services","Western Cape","Stellenbosch","Contract","7.5","Diploma","Computer Science","No","Contract","Data Scientist role at Falcorp Resourcing based in Stellenbosch, focused on statistical analysis and related responsibilities.","Large","MLOps, Feature Stores, Spark, R, Model Training"
"2473","Software Developer","Staff Unlimited","Not Specified","Not Specified","Not Specified","Full-Time","2.4","Bachelor's","Information Technology","No","Permanent","Software Developer role at Staff Unlimited based in Not Specified, focused on system architecture and related responsibilities.","SME","Java, Angular, .NET Core, C++, PHP, SQL, Docker"
"2474","Computer Vision Engineer","DevologyX","IT & Telecommunications","Gauteng","Pretoria","Full-Time","6.9","Bachelor's","Not specified","Yes","Permanent","Computer Vision Engineer role at DevologyX based in Pretoria, focused on NLP and related responsibilities.","SME","NLP, LLMs, Azure AI, Computer Vision, Reinforcement Learning, TensorFlow"
"2475","ISP Core Network Engineer","Data Monkey (PTY) LTD","IT & Telecommunications","Gauteng","Midrand","Full-Time","6.0","Not Specified","Telecommunications","Yes","Contract","ISP Core Network Engineer role at Data Monkey (PTY) LTD based in Midrand, focused on network security and related responsibilities.","SME","Fibre Optics, Routing & Switching, CCNP, LAN"
"2476","Technical Consultant","Karebo Group","Recruitment","Gauteng","Johannesburg North","Full-Time","3.0","Not Specified","Not specified","No","Permanent","Technical Consultant role at Karebo Group based in Johannesburg North, focused on digital transformation and related responsibilities.","SME","Process Flows, SAP, ERP, Agile, SAP Ariba"
"2477","Data Scientist (Pipeline)","Reworks Solution LLC","Banking, Finance, Insurance","Western Cape","Cape Winelands: Stellenbosch","Full-Time","2.6","Master's","Data Science","No","Contract","Data Scientist (Pipeline) role at Reworks Solution LLC based in Cape Winelands: Stellenbosch, focused on EDA and related responsibilities.","SME","Cloud Data Platforms, scikit-learn, Model Training"
"2478","Computer Vision Engineer","Zeal HR","IT & Telecommunications","Gauteng","Johannesburg","Contract","0.2","Diploma","Not specified","No","Contract","Computer Vision Engineer role at Zeal HR based in Johannesburg, focused on deep learning and related responsibilities.","SME","scikit-learn, Speech Recognition, LLMs, Model Deployment, Statistics, AI, PyTorch, LangChain"
"2479","Dynamics 365 Consultant","Shoprite","IT & Telecommunications","Gauteng","Pretoria","Full-Time","4.4","Bachelor's","Not specified","No","Permanent","Dynamics 365 Consultant role at Shoprite based in Pretoria, focused on process mapping and related responsibilities.","SME","Project Management, SDLC Governance, Salesforce, Dynamics 365, IT Strategy"
"2480","Senior Software Developer","Karebo Group","Transport, Logistics & Freight","Gauteng","Midrand","Contract","5.6","Bachelor's","Information Technology","No","Contract","Senior Software Developer role at Karebo Group based in Midrand, focused on testing and related responsibilities.","SME","Blazor, Xamarin, SDLC, Git"
"2481","Systems Administrator","Eskom","IT & Telecommunications","Not Specified","Not Specified","Full-Time","4.4","Diploma","Not specified","Partial","Permanent","Systems Administrator role at Eskom based in Not Specified, focused on user support and related responsibilities.","SME","Linux, Intune, TCP/IP, Exchange, Hardware Troubleshooting, Networking"
"2482","Technical Consultant","Amazon Web Services","IT & Telecommunications","Gauteng","Johannesburg","Full-Time","4.2","Bachelor's","Not specified","No","Permanent","Technical Consultant role at Amazon Web Services based in Johannesburg, focused on stakeholder engagement and related responsibilities.","SME","Functional Specs, Vendor Management, IT Strategy, Solution Design, Project Management, Scrum, ERP"
"2483","Machine Learning Engineer","Network Finance.","IT & Telecommunications","Not Specified","Not Specified","Full-Time","4.2","Bachelor's","Not specified","No","Permanent","Machine Learning Engineer role at Network Finance. based in Not Specified, focused on MLOps and related responsibilities.","Large","scikit-learn, LLMs, AWS SageMaker, RAG, NLP, Reinforcement Learning, Deep Learning"
"2484","Data Engineer (Microsoft Fabric)","iOCO","Health, Fitness, Medical","Gauteng","Sandton","Full-Time","2.4","Bachelor's","Not specified","No","Contract","Data Engineer (Microsoft Fabric) role at iOCO based in Sandton, focused on data pipelines and related responsibilities.","SME","Data Architecture, ELT, BigQuery, Azure Data Lake, Dataflow, Databricks, ETL, Spark"
"2485","Information Security Officer","First National Bank","IT & Telecommunications","Gauteng","Johannesburg","Full-Time","4.1","Not Specified","Not specified","No","Permanent","Information Security Officer role at First National Bank based in Johannesburg, focused on security monitoring and related responsibilities.","SME","Compliance, IAM, CEH, Risk Assessment, Security Architecture, Forensics, Splunk, SIEM"
"2486","NOC Engineer","Future Careers","IT & Telecommunications","Gauteng","Sandton","Full-Time","7.9","Not Specified","Engineering","No","Permanent","NOC Engineer role at Future Careers based in Sandton, focused on network security and related responsibilities.","SME","Wireshark, TCP/IP, SD-WAN, CCNA, Wi-Fi 6, MPLS, Wireless"
"2487","IT Generalist","Google","IT & Telecommunications","Gauteng","Menlyn","Full-Time","0.1","Not Specified","Not specified","No","Permanent","IT Generalist role at Google based in Menlyn, focused on system administration and related responsibilities.","SME","Project Management, Linux, Documentation, Hardware, Networking, Windows"
"2488","Business Analyst (Property Industry)","Denel","IT & Telecommunications","Not Specified","Not Specified","Full-Time","4.9","Not Specified","Business Administration","No","Permanent","Business Analyst (Property Industry) role at Denel based in Not Specified, focused on requirements documentation and related responsibilities.","SME","Data Mapping, Process Flows, SQL, SOPs, Process Mapping"
"2489","ICT Systems Administrator","Mediro ICT Recruitment","Not Specified","Western Cape","Cape Town","Full-Time","4.3","Certification","Not specified","No","Contract","ICT Systems Administrator role at Mediro ICT Recruitment based in Cape Town, focused on user support and related responsibilities.","SME","Microsoft 365, Intune, Exchange, VMware, Hyper-V, Firewalls"
"2490","TigerGraph Data Scientist","AO Connect Solutions","IT & Telecommunications","Eastern Cape","East London","Full-Time","0.4","Honours","Computer Science","No","Permanent","TigerGraph Data Scientist role at AO Connect Solutions based in East London, focused on predictive modelling and related responsibilities.","SME","Advanced Analytics, Data Pipelines, Deep Learning"
"2491","Data Scientist (AI & Machine Learning)","Sabenza IT Recruitment","Not Specified","Gauteng","Johannesburg","Full-Time","4.3","Bachelor's","Data Science","No","Permanent","Data Scientist (AI & Machine Learning) role at Sabenza IT Recruitment based in Johannesburg, focused on data governance and related responsibilities.","SME","Python, Cloud Data Platforms, Data Governance, Graph Modelling, Feature Stores, EDA"
"2492","AWS Engineer","Anglo American","IT & Telecommunications","Gauteng","Johannesburg","Full-Time","0.3","Not Specified","Not specified","No","Permanent","AWS Engineer role at Anglo American based in Johannesburg, focused on monitoring and related responsibilities.","SME","Jenkins, Bash, Grafana"
"2493","Data Scientist","E and D Recruiters","IT & Telecommunications","Western Cape","Wynberg","Full-Time","4.0","Diploma","Statistics","No","Permanent","Data Scientist role at E and D Recruiters based in Wynberg, focused on data governance and related responsibilities.","SME","Statistical Analysis, NLP, Credit Risk Modelling, AI, Machine Learning"
"2494","Content Manager","Tumaini Consulting","IT & Telecommunications","Gauteng","Johannesburg North","Contract","9.2","Not Specified","Not specified","No","Contract","Content Manager role at Tumaini Consulting based in Johannesburg North, focused on project coordination and related responsibilities.","SME","Teamwork, Customer Service, Project Management, Communication, Microsoft Office, Problem Solving"
"2495","Business Analyst (GLR)","E and D Recruiters","IT & Telecommunications","Gauteng","Pretoria","Full-Time","8.0","Bachelor's","Business Administration","No","Permanent","Business Analyst (GLR) role at E and D Recruiters based in Pretoria, focused on requirements documentation and related responsibilities.","SME","Jira, ERP Implementation, Business Process Improvement"
"2496","SSIS Developer","JMR Software (Pty) Ltd","IT & Telecommunications","Western Cape","Stellenbosch","Full-Time","0.1","Honours/Master's","Information Systems","No","Permanent","SSIS Developer role at JMR Software (Pty) Ltd based in Stellenbosch, focused on data modelling and related responsibilities.","SME","Performance Tuning, T-SQL, PostgreSQL, SSIS, ETL"
"2497","Data Scientist (Pipeline)","Nedbank","IT & Telecommunications","Western Cape","Cape Town: Southern Suburbs","Full-Time","0.4","Bachelor's","Data Science","No","Permanent","Data Scientist (Pipeline) role at Nedbank based in Cape Town: Southern Suburbs, focused on EDA and related responsibilities.","Large","PyTorch, RAG, Deep Learning, Feature Stores"
"2498","Python Developer","Dimension Data","IT & Telecommunications","Western Cape","Cape Town","Full-Time","4.9","Bachelor's","Computer Science","Yes","Permanent","Python Developer role at Dimension Data based in Cape Town, focused on code review and related responsibilities.","SME","Flutter, React Native, REST APIs, JavaScript, Kotlin"
"2499","Senior Data Scientist","bbe Recruitment","Banking, Finance, Insurance","Not Specified","Not Specified","Full-Time","8.0","Bachelor's","Mathematics","No","Permanent","Senior Data Scientist role at bbe Recruitment based in Not Specified, focused on statistical analysis and related responsibilities.","SME","PyTorch, TensorFlow, Python, Credit Risk Modelling, scikit-learn, Cloud Data Platforms"
"2500","AI Engineer","Prudent HR Solutions Pty Ltd","IT & Telecommunications","Gauteng","Kempton Park","Full-Time","4.3","Diploma","Not specified","No","Permanent","AI Engineer role at Prudent HR Solutions Pty Ltd based in Kempton Park, focused on NLP and related responsibilities.","SME","Speech Recognition, Feature Engineering, AI, MLOps, Neural Networks, Machine Learning"
"2501","Pre-Sales Engineer","Accenture","Mining","Gauteng","Johannesburg North","Full-Time","0.9","Not Specified","Not specified","No","Permanent","Pre-Sales Engineer role at Accenture based in Johannesburg North, focused on documentation and related responsibilities.","SME","Customer Service, Project Management, Communication, Teamwork, Documentation, Data Entry"
"2502","Computer Vision Engineer","MECS","IT & Telecommunications","Gauteng","Johannesburg","Full-Time","7.2","Bachelor's","Not specified","No","Permanent","Computer Vision Engineer role at MECS based in Johannesburg, focused on AI integration and related responsibilities.","SME","Speech Recognition, RAG, Azure AI"
"2503","Performance Tester","MTN","Banking, Finance, Insurance","Gauteng","Johannesburg","Full-Time","0.4","Bachelor's","Not specified","No","Permanent","Performance Tester role at MTN based in Johannesburg, focused on performance testing and related responsibilities.","SME","TestNG, Playwright, Agile Testing, JUnit"
"2504","Vue.js Developer","Staff Unlimited","Recruitment","Eastern Cape","Port Elizabeth","Full-Time","6.6","Not Specified","Software Engineering","No","Permanent","Vue.js Developer role at Staff Unlimited based in Port Elizabeth, focused on system architecture and related responsibilities.","SME","Java, TDD, CI/CD, .NET, JavaScript, REST APIs, Node.js"
"2505","Solutions Consultant","NBC Holdings Pty Ltd","Engineering, Technical, Manufacturing","Gauteng","Pretoria","Contract","2.6","Bachelor's","Not specified","Yes","Contract","Solutions Consultant role at NBC Holdings Pty Ltd based in Pretoria, focused on solution design and related responsibilities.","SME","Functional Specs, Digital Transformation, Dynamics 365"
"2506","Data Specialist (Engineer/Scientist)","MTN","FMCG, Retail, Wholesale","Remote / Not Specified","Remote","Full-Time","0.7","Bachelor's","Mathematics","No","Permanent","Data Specialist (Engineer/Scientist) role at MTN based in Remote, focused on machine learning and related responsibilities.","SME","Data Governance, Advanced Analytics, NLP, NumPy"
"2507","Junior Data Scientist","wePlace (Pty) Ltd","IT Recruitment","Gauteng","Johannesburg","Full-Time","0.6","Master's","Data Science","No","Permanent","Junior Data Scientist role at wePlace (Pty) Ltd based in Johannesburg, focused on data pipelines and related responsibilities.","SME","Advanced Analytics, AI, Data Pipelines, Spark, Graph Modelling"
"2508","Node.js Developer","Parvana","IT & Telecommunications","Mpumalanga","Secunda","Full-Time","3.0","Bachelor's","Not specified","No","Permanent","Node.js Developer role at Parvana based in Secunda, focused on API development and related responsibilities.","SME","PHP, Microservices, Kubernetes, C#"
"2509","Node.js Developer","Prudent HR Solutions Pty Ltd","Banking, Finance, Insurance","Gauteng","Johannesburg North","Full-Time","4.9","Bachelor's","Information Technology","No","Permanent","Node.js Developer role at Prudent HR Solutions Pty Ltd based in Johannesburg North, focused on deployment and related responsibilities.","SME","SQL, Software Design, .NET Core"
"2510","Spring Boot Developer","iLaunch (Pty) Ltd","Business Services","Western Cape","Cape Town: Northern Suburbs","Full-Time","4.6","Bachelor's","Information Technology","No","Permanent","Spring Boot Developer role at iLaunch (Pty) Ltd based in Cape Town: Northern Suburbs, focused on agile development and related responsibilities.","SME","Blazor, React, CI/CD, Git"
"2511","Java Developer","Humankind Group","Not Specified","Remote / Not Specified","Remote","Full-Time","0.3","Diploma","Software Engineering","Yes","Permanent","Java Developer role at Humankind Group based in Remote, focused on software design and related responsibilities.","SME","Kubernetes, TDD, Spring Boot, Java, Node.js"
"2512","Data Scientist (AI & Machine Learning)","Credico Financial Services (Pty) Ltd","Health, Fitness, Medical","Gauteng","Johannesburg","Full-Time","4.3","Honours","Computer Science","No","Permanent","Data Scientist (AI & Machine Learning) role at Credico Financial Services (Pty) Ltd based in Johannesburg, focused on data pipelines and related responsibilities.","SME","Data Visualisation, Graph Modelling, Spark, RAG, scikit-learn, Advanced Analytics, Deep Learning, Cloud Data Platforms"
"2513","Business Analyst (Product Office)","Sasol","IT & Telecommunications","Western Cape","CPT - Northern Suburbs","Full-Time","5.0","Bachelor's","Not specified","No","Permanent","Business Analyst (Product Office) role at Sasol based in CPT - Northern Suburbs, focused on business process improvement and related responsibilities.","SME","BRDs, ERP Implementation, Requirements Gathering, UAT, Process Flows"
"2514","Data Scientist (AI & Machine Learning)","Goldenrule","IT & Telecommunications","Gauteng","Johannesburg North","Full-Time","2.8","Bachelor's","Not specified","No","Permanent","Data Scientist (AI & Machine Learning) role at Goldenrule based in Johannesburg North, focused on data governance and related responsibilities.","SME","Data Pipelines, Graph Modelling, Deep Learning, Spark, Credit Risk Modelling, Machine Learning, Predictive Modelling, LLMs"
"2515",".NET Developer","bbe Recruitment","IT Recruitment","Western Cape","Cape Town","Full-Time","2.8","Bachelor's","Computer Science","No","Contract",".NET Developer role at bbe Recruitment based in Cape Town, focused on deployment and related responsibilities.","SME","Blazor, Code Review, MVC, OOP, Swift, Angular"
"2516","Network Administrator","iOCO","IT & Telecommunications","Gauteng","Randburg","Full-Time","4.5","Bachelor's","Networking","No","Permanent","Network Administrator role at iOCO based in Randburg, focused on routing & switching and related responsibilities.","SME","CCNA, Wireshark, Transmission, Fibre Optics, MPLS"
"2517","ICT Systems Administrator","Network IT","IT & Telecommunications","Gauteng","Johannesburg","Full-Time","4.4","Bachelor's","Not specified","No","Permanent","ICT Systems Administrator role at Network IT based in Johannesburg, focused on security patches and related responsibilities.","SME","Server Maintenance, TCP/IP, DNS, Ticketing Systems"
"2518","Information Technology Officer","Imizizi","Business Services","Gauteng","Johannesburg North","Full-Time","6.8","National Diploma","Not specified","Yes","Permanent","Information Technology Officer role at Imizizi based in Johannesburg North, focused on network management and related responsibilities.","SME","ITIL, Hardware, Compliance, IT Support, Windows, Microsoft 365, Networking, Budgeting"
"2519","Content Manager","Reworks Solution LLC","Banking, Finance, Insurance","Gauteng","Menlyn","Full-Time","6.1","Not Specified","Not specified","No","Permanent","Content Manager role at Reworks Solution LLC based in Menlyn, focused on technical support and related responsibilities.","SME","Teamwork, Microsoft Office, Documentation, Time Management"
"2520","DevOps Engineer","Shoprite","IT & Telecommunications","Gauteng","Johannesburg","Full-Time","2.2","Bachelor's","Not specified","No","Contract","DevOps Engineer role at Shoprite based in Johannesburg, focused on containerisation and related responsibilities.","SME","DevOps, Cloud Architecture, Serverless, Helm, PowerShell"
"2521","QA Engineer","Falcorp Resourcing","IT & Telecommunications","Gauteng","Johannesburg North","Full-Time","0.7","Not Specified","Not specified","No","Permanent","QA Engineer role at Falcorp Resourcing based in Johannesburg North, focused on API testing and related responsibilities.","SME","Playwright, Manual Testing, UAT, Performance Testing, Jira, JUnit, Regression Testing"
"2522","Network Engineer","Top Recruitment","Health, Fitness, Medical","Western Cape","Cape Town","Full-Time","1.0","Bachelor's","Information Technology","No","Contract","Network Engineer role at Top Recruitment based in Cape Town, focused on routing & switching and related responsibilities.","SME","Wireless, Wireshark, Routing & Switching, TCP/IP"
"2523","Business Analyst (Managed Print Services)","Unique Personnel","Banking, Finance, Insurance","Western Cape","Cape Town","Full-Time","4.6","Not Specified","Finance","Yes","Permanent","Business Analyst (Managed Print Services) role at Unique Personnel based in Cape Town, focused on stakeholder engagement and related responsibilities.","SME","Digital Transformation, Architecture Alignment, Process Flows, SDLC, UAT, Power BI, SQL"
"2524",".NET Developer","Sanlam","IT & Telecommunications","Gauteng","Johannesburg","Contract","5.0","Bachelor's","Engineering","No","Contract",".NET Developer role at Sanlam based in Johannesburg, focused on deployment and related responsibilities.","SME","Blazor, TypeScript, CI/CD, Python, C++, CSS, Spring Boot"
"2525","Visual Designer","E-Merge IT Recruitment","Banking, Finance, Insurance","Western Cape","Cape Town","Full-Time","0.1","Bachelor's","Graphic Design","No","Permanent","Visual Designer role at E-Merge IT Recruitment based in Cape Town, focused on wireframing and related responsibilities.","SME","Information Architecture, Visual Design, Adobe XD, Design Thinking, Usability Testing, CSS"
"2526","Senior Data Scientist","iOCO","IT Recruitment","Western Cape","Cape Town: Northern Suburbs","Full-Time","6.9","Diploma","Not specified","No","Permanent","Senior Data Scientist role at iOCO based in Cape Town: Northern Suburbs, focused on data pipelines and related responsibilities.","SME","Advanced Analytics, EDA, AI, Feature Stores, RAG, Python, Spark, ETL"
"2527","ICT Officer","PM Connection","Not Specified","Gauteng","Randburg","Full-Time","0.8","Not Specified","Not specified","No","Permanent","ICT Officer role at PM Connection based in Randburg, focused on IT support and related responsibilities.","SME","Active Directory, Documentation, Hardware, Project Management, Compliance, Windows, Linux, Software Installation"
"2528","AI Software Developer","QE Services","IT & Telecommunications","Western Cape","Cape Winelands: Stellenbosch","Full-Time","2.3","Bachelor's","Not specified","No","Permanent","AI Software Developer role at QE Services based in Cape Winelands: Stellenbosch, focused on deep learning and related responsibilities.","SME","MLOps, Python, LLMs, AI, LangChain, Azure AI, Reinforcement Learning"
"2529","Telecom Technician","Sandi Crowther Recruitment","IT & Telecommunications","Gauteng","Menlyn","Full-Time","0.2","Not Specified","Engineering","No","Contract","Telecom Technician role at Sandi Crowther Recruitment based in Menlyn, focused on fibre optics and related responsibilities.","SME","Network Infrastructure, LAN, Wireless, VPN, Wireshark"
"2530","Build/Release Engineer","BCX","IT & Telecommunications","Gauteng","Midrand","Full-Time","6.7","Bachelor's","Not specified","Yes","Permanent","Build/Release Engineer role at BCX based in Midrand, focused on monitoring and related responsibilities.","SME","Containerisation, Docker, Microservices, Ansible, Linux, Monitoring, PowerShell, ELK Stack"
"2531","DBA","PM Connection","IT & Telecommunications","Western Cape","Cape Town","Full-Time","4.5","Not Specified","Not specified","No","Permanent","DBA role at PM Connection based in Cape Town, focused on database design and related responsibilities.","Large","Redis, Database Design, Data Modelling, ETL, Backup & Recovery, Performance Tuning, Oracle"
"2532","Pre-Sales Engineer","Hicell V- Shops Pty Ltd","Not Specified","Gauteng","Centurion","Full-Time","0.3","Bachelor's","Not specified","Yes","Contract","Pre-Sales Engineer role at Hicell V- Shops Pty Ltd based in Centurion, focused on vendor management and related responsibilities.","SME","Data Entry, Communication, Teamwork, Microsoft Office, Problem Solving, Customer Service"
"2533","Full Stack Developer","Nambiti Technologies (Pty) Ltd","IT Consulting","Gauteng","Johannesburg","Full-Time","6.2","Not Specified","Not specified","No","Permanent","Full Stack Developer role at Nambiti Technologies (Pty) Ltd based in Johannesburg, focused on testing and related responsibilities.","SME","Kubernetes, Java, PHP, CI/CD, Laravel, Entity Framework, SQL"
"2534","Temp Systems Administrator","Professional Recruitment Partners","Banking","Gauteng","Johannesburg","Full-Time","7.9","Diploma","Not specified","No","Permanent","Temp Systems Administrator role at Professional Recruitment Partners based in Johannesburg, focused on security patches and related responsibilities.","SME","TCP/IP, Networking, Intune, Microsoft 365, DNS, Linux"
"2535","Network Administrator","MECS","IT & Telecommunications","Not Specified","Not Specified","Full-Time","4.1","Bachelor's","Engineering","No","Permanent","Network Administrator role at MECS based in Not Specified, focused on wireless and related responsibilities.","SME","TCP/IP, Wireless, SD-WAN, Wireshark"
"2536","SAP Supply Chain Functional Consultant","Momentum","IT & Telecommunications","Western Cape","Cape Town","Full-Time","2.3","Not Specified","Not specified","Yes","Permanent","SAP Supply Chain Functional Consultant role at Momentum based in Cape Town, focused on requirements gathering and related responsibilities.","SME","IT Strategy, Functional Specs, Scrum, SDLC Governance, SAP"
"2537","Mobile Developer","AO Connect Solutions","IT & Telecommunications","Gauteng","Centurion","Full-Time","4.3","Bachelor's","Computer Science","No","Permanent","Mobile Developer role at AO Connect Solutions based in Centurion, focused on code review and related responsibilities.","SME","React, JavaScript, CSS, Spring Boot, C++"
"2538","Helpdesk Analyst","Quest Staffing Solutions","IT & Telecommunications","Gauteng","Johannesburg","Full-Time","6.2","Bachelor's","Not specified","No","Permanent","Helpdesk Analyst role at Quest Staffing Solutions based in Johannesburg, focused on network administration and related responsibilities.","SME","DNS, Hardware Troubleshooting, Intune, Printers, Linux, Exchange, ITIL, Firewalls"
"2539","IT Strategy Consultant","Microsoft","Engineering, Technical, Manufacturing","Gauteng","Midrand","Full-Time","0.8","Not Specified","Not specified","No","Permanent","IT Strategy Consultant role at Microsoft based in Midrand, focused on requirements gathering and related responsibilities.","SME","Business Process Mapping, ERP, Project Management, Digital Transformation, Stakeholder Management, BRDs"
"2540","Technology Consultant","Datafin IT Recruitment","IT & Telecommunications","Gauteng","Johannesburg North","Full-Time","4.9","Bachelor's","Not specified","No","Permanent","Technology Consultant role at Datafin IT Recruitment based in Johannesburg North, focused on digital transformation and related responsibilities.","SME","Vendor Management, Project Management, BRDs"
"2541","Vue.js Developer","Momentum","IT Consulting","Gauteng","Johannesburg","Full-Time","2.7","Bachelor's","Computer Science","No","Permanent","Vue.js Developer role at Momentum based in Johannesburg, focused on software design and related responsibilities.","SME","Docker, Node.js, OOP, JavaScript, SQL, Flutter"
"2542","Data Analyst II","Network IT","IT Consulting","Gauteng","Johannesburg","Full-Time","4.5","Not Specified","Not specified","No","Permanent","Data Analyst II role at Network IT based in Johannesburg, focused on data visualisation and related responsibilities.","SME","Azure Data Fundamentals, Anomaly Detection, Excel, Reporting, Data Warehousing"
"2543","Technical Writer","Momentum","IT & Telecommunications","Gauteng","Johannesburg North","Full-Time","4.2","Bachelor's","Not specified","No","Contract","Technical Writer role at Momentum based in Johannesburg North, focused on vendor management and related responsibilities.","Large","Customer Service, Microsoft Office, Communication, Time Management"
"2544","Scrum Master","The Individual Touch","IT & Telecommunications","Gauteng","Johannesburg North","Full-Time","1.0","Bachelor's","Not specified","No","Permanent","Scrum Master role at The Individual Touch based in Johannesburg North, focused on resource management and related responsibilities.","SME","Risk Management, Jira, Reporting, SAFe"
"2545","Platform Engineer","Reworks Solution LLC","IT & Telecommunications","Gauteng","Midrand","Full-Time","6.7","Diploma","Not specified","No","Permanent","Platform Engineer role at Reworks Solution LLC based in Midrand, focused on deployment pipelines and related responsibilities.","SME","GitHub Actions, Jenkins, Cloud Architecture, GCP, Microservices, Site Reliability, Python, Monitoring"
"2546","Database Administrator","Nigel Frank International","IT & Telecommunications","Not Specified","Not Specified","Full-Time","2.0","Bachelor's","Computer Science","No","Permanent","Database Administrator role at Nigel Frank International based in Not Specified, focused on performance tuning and related responsibilities.","SME","High Availability, T-SQL, Indexing, Data Modelling, Oracle, ETL, Replication"
"2547","Full Stack Developer","Colibri Recruitment","IT & Telecommunications","Gauteng","Johannesburg North","Contract","0.0","Bachelor's","Information Technology","No","Contract","Full Stack Developer role at Colibri Recruitment based in Johannesburg North, focused on code review and related responsibilities.","SME","C#, React Native, SDLC, Xamarin, Spring Boot, Swift"
"2548","Intermediate Software Developer","SALT","IT & Telecommunications","Remote / Not Specified","Remote","Full-Time","7.6","Bachelor's","Information Technology","Yes","Permanent","Intermediate Software Developer role at SALT based in Remote, focused on code review and related responsibilities.","Large","React Native, Code Review, React, MVC, Entity Framework"
"2549","Junior Business Analyst","Mediro ICT Recruitment","Banking, Finance, Insurance","Western Cape","Cape Winelands: Stellenbosch","Full-Time","0.5","Bachelor's","Finance","No","Permanent","Junior Business Analyst role at Mediro ICT Recruitment based in Cape Winelands: Stellenbosch, focused on UAT and related responsibilities.","SME","Architecture Alignment, Change Management, ERP Implementation, UAT, SOPs, Agile/Scrum"
"2550","Cybersecurity Analyst","Nedbank","IT Recruitment","Not Specified","Not Specified","Full-Time","0.0","Not Specified","Cyber Security","No","Permanent","Cybersecurity Analyst role at Nedbank based in Not Specified, focused on incident response and related responsibilities.","SME","CompTIA Security+, Risk Assessment, Forensics, SOC, EDR, Vulnerability Management"
"2551","AI Software Developer","Staff Unlimited","IT & Telecommunications","Western Cape","Stellenbosch","Full-Time","2.9","Diploma","Not specified","Partial","Permanent","AI Software Developer role at Staff Unlimited based in Stellenbosch, focused on model development and related responsibilities.","SME","Neural Networks, RAG, PyTorch, AI, Statistics"
"2552","Data Scientist - Agentic AI & MLOps","Transnet","IT & Telecommunications","Gauteng","Midrand","Full-Time","3.0","Bachelor's","Mathematics","No","Permanent","Data Scientist - Agentic AI & MLOps role at Transnet based in Midrand, focused on data governance and related responsibilities.","SME","PyTorch, NLP, Graph Modelling, LLMs, scikit-learn, Advanced Analytics, Python"
"2553","Angular Developer","Newsclip Media Monitoring (Pty) Ltd.","IT & Telecommunications","Gauteng","Midrand","Full-Time","0.2","Not Specified","Engineering","No","Contract","Angular Developer role at Newsclip Media Monitoring (Pty) Ltd. based in Midrand, focused on code review and related responsibilities.","SME","Node.js, React Native, Git, REST APIs, Laravel, .NET, TDD, Kotlin"
"2554","Cybersecurity Engineer","iOCO","IT & Telecommunications","Gauteng","Centurion","Full-Time","4.1","Not Specified","Cyber Security","No","Permanent","Cybersecurity Engineer role at iOCO based in Centurion, focused on threat detection and related responsibilities.","SME","EDR, Compliance, Penetration Testing, Forensics"
"2555","Data Scientist (Entry)","Datafin IT Recruitment","IT & Telecommunications","Not Specified","Not Specified","Full-Time","0.9","Master's","Computer Science","Yes","Permanent","Data Scientist (Entry) role at Datafin IT Recruitment based in Not Specified, focused on EDA and related responsibilities.","SME","Data Pipelines, Deep Learning, Advanced Analytics, AI, EDA"
"2556","GRC Analyst","Top Recruitment","IT & Telecommunications","Gauteng","Springs","Contract","3.0","Bachelor's","Not specified","No","Contract","GRC Analyst role at Top Recruitment based in Springs, focused on incident response and related responsibilities.","SME","Penetration Testing, Network Security, IT Audit, GRC, CISSP, ISO 27001, IAM"
"2557","Post-Sales Engineer","Exceed Human Resource Consultants","Not Specified","Not Specified","Not Specified","Contract","2.6","Not Specified","Not specified","Yes","Contract","Post-Sales Engineer role at Exceed Human Resource Consultants based in Not Specified, focused on vendor management and related responsibilities.","SME","Teamwork, Customer Service, Time Management, Data Entry, Problem Solving"
"2558","Data Scientist - Agentic AI & MLOps","Mediro ICT Recruitment","IT & Telecommunications","Western Cape","Cape Town: Northern Suburbs","Full-Time","4.8","Bachelor's","Statistics","No","Permanent","Data Scientist - Agentic AI & MLOps role at Mediro ICT Recruitment based in Cape Town: Northern Suburbs, focused on statistical analysis and related responsibilities.","Large","Deep Learning, Model Training, Graph Modelling, Credit Risk Modelling, AI, Cloud Data Platforms, Data Modelling"
"2559","Azure Engineer","KPMG","Recruitment","Not Specified","Not Specified","Full-Time","4.9","Bachelor's","Not specified","No","Permanent","Azure Engineer role at KPMG based in Not Specified, focused on CI/CD and related responsibilities.","SME","DevOps, Site Reliability, Bash, Infrastructure as Code, AWS, Ansible, ELK Stack, Terraform"
"2560","ICT Systems Administrator","Woolworths","Not Specified","Gauteng","Midrand","Contract","4.4","National Diploma","Not specified","No","Contract","ICT Systems Administrator role at Woolworths based in Midrand, focused on security patches and related responsibilities.","SME","DHCP, Exchange, Server Maintenance, Ticketing Systems, Intune"
"2561","ICT Systems Administrator","Old Mutual","IT & Telecommunications","Gauteng","Sandton","Contract","2.6","Certification","Not specified","No","Contract","ICT Systems Administrator role at Old Mutual based in Sandton, focused on server management and related responsibilities.","SME","Office 365, SharePoint, Microsoft 365, Server Maintenance, Backup & Recovery"
"2562","Data Scientist - Agentic AI & MLOps","Titanium Talent","IT & Telecommunications","Gauteng","Johannesburg North","Full-Time","0.2","Bachelor's","Statistics","No","Permanent","Data Scientist - Agentic AI & MLOps role at Titanium Talent based in Johannesburg North, focused on EDA and related responsibilities.","SME","Feature Stores, TensorFlow, Data Visualisation, EDA, RAG, Machine Learning, PyTorch"
"2563","Design Lead","Anglo American","IT & Telecommunications","Gauteng","Centurion","Full-Time","5.5","Diploma","Not specified","No","Contract","Design Lead role at Anglo American based in Centurion, focused on wireframing and related responsibilities.","SME","Adobe XD, Prototyping, User Research, Information Architecture, Figma, Accessibility, Usability Testing"
"2564","IT Officer","Tumaini Consulting","IT Recruitment","Not Specified","Not Specified","Full-Time","7.7","Diploma","Not specified","No","Permanent","IT Officer role at Tumaini Consulting based in Not Specified, focused on network management and related responsibilities.","SME","Hardware, Documentation, Windows, Troubleshooting, ITIL, Compliance, Vendor Management"
"2565","Cloud Architect","RedM Professional Services","IT & Telecommunications","Gauteng","Johannesburg","Full-Time","8.5","Not Specified","Not specified","No","Permanent","Cloud Architect role at RedM Professional Services based in Johannesburg, focused on infrastructure automation and related responsibilities.","SME","Cloud Architecture, Monitoring, Grafana, CI/CD, Docker, Serverless, Jenkins"
"2566","AI Research Scientist","Denel","IT & Telecommunications","Gauteng","Pretoria","Full-Time","0.6","Master's","Not specified","No","Contract","AI Research Scientist role at Denel based in Pretoria, focused on AI integration and related responsibilities.","SME","NLP, PyTorch, AWS SageMaker, AI, Speech Recognition, RAG, LangChain, Python"
"2567","Computer Vision Engineer","EY","IT & Telecommunications","Western Cape","Cape Town","Full-Time","0.5","Master's","Not specified","No","Contract","Computer Vision Engineer role at EY based in Cape Town, focused on NLP and related responsibilities.","SME","TensorFlow, Speech Recognition, AI, LangChain, scikit-learn, PyTorch, Azure AI"
"2568","React Developer","First National Bank","IT & Telecommunications","Gauteng","Johannesburg","Contract","6.8","Bachelor's","Engineering","No","Contract","React Developer role at First National Bank based in Johannesburg, focused on API development and related responsibilities.","SME",".NET Core, Software Design, SQL"
"2569","Data Scientist (Pipeline)","BCX","Agriculture, Forestry, Environmental","Western Cape","Cape Town","Full-Time","5.0","Bachelor's","Statistics","No","Permanent","Data Scientist (Pipeline) role at BCX based in Cape Town, focused on EDA and related responsibilities.","SME","Python, Cloud Data Platforms, Statistical Analysis, Data Visualisation, NumPy, Data Modelling, Model Training"
"2570","Intermediate Data Engineer","DevologyX","IT & Telecommunications","Remote / Not Specified","Remote","Full-Time","0.4","Not Specified","Not specified","No","Permanent","Intermediate Data Engineer role at DevologyX based in Remote, focused on data integration and related responsibilities.","SME","SQL, Microsoft Fabric, Python, AWS, ELT, Data Warehousing"
"2571","Senior Data Engineer","E and D Recruiters","Recruitment","Gauteng","Johannesburg","Full-Time","8.3","Not Specified","Not specified","No","Permanent","Senior Data Engineer role at E and D Recruiters based in Johannesburg, focused on data warehousing and related responsibilities.","SME","AWS, ETL, Data Pipelines, Airflow, Data Lakes, Spark, SSIS, Dataflow"
"2572","React Developer","Massmart","IT Recruitment","Not Specified","Not Specified","Full-Time","0.7","Diploma","Engineering","No","Permanent","React Developer role at Massmart based in Not Specified, focused on software design and related responsibilities.","SME","REST APIs, ASP.NET, C++, Vue.js, Docker, Kotlin, Swift"
"2573","Data Engineer / SQL Developer","TAC Recruitment","IT & Telecommunications","Gauteng","Johannesburg North","Full-Time","4.1","Not Specified","Not specified","No","Permanent","Data Engineer / SQL Developer role at TAC Recruitment based in Johannesburg North, focused on data architecture and related responsibilities.","SME","SSIS, Azure, AWS, Hadoop, Power BI, Data Pipelines, Python"
"2574","TigerGraph Data Scientist","iSanqa","IT & Telecommunications","Not Specified","Not Specified","Full-Time","4.7","Bachelor's","Data Science","No","Permanent","TigerGraph Data Scientist role at iSanqa based in Not Specified, focused on predictive modelling and related responsibilities.","SME","RAG, Statistical Analysis, Machine Learning, PyTorch"
"2575","Automation Tester","PwC","IT & Telecommunications","Gauteng","Johannesburg","Contract","6.7","Bachelor's","Not specified","No","Contract","Automation Tester role at PwC based in Johannesburg, focused on API testing and related responsibilities.","SME","Cypress, TestNG, Bug Tracking, Python, API Testing, Test Automation"
"2576","Fibre Optic Engineer","Eskom","IT & Telecommunications","Gauteng","Johannesburg","Contract","4.6","Not Specified","Information Technology","No","Contract","Fibre Optic Engineer role at Eskom based in Johannesburg, focused on network security and related responsibilities.","SME","RF, BGP, CCNP, Network Design, Routing & Switching, Wireshark, SD-WAN, VPN"
"2577","Protocol Software Developer","The Recruitment Pig","IT & Telecommunications","Remote / Not Specified","Remote","Full-Time","6.5","Not Specified","Information Technology","No","Permanent","Protocol Software Developer role at The Recruitment Pig based in Remote, focused on API development and related responsibilities.","SME","Flutter, Entity Framework, REST APIs"
"2578","Backend Developer","Sabenza IT Recruitment","Business Services","Not Specified","Not Specified","Full-Time","4.4","Bachelor's","Engineering","No","Permanent","Backend Developer role at Sabenza IT Recruitment based in Not Specified, focused on deployment and related responsibilities.","SME","Microservices, C++, C#, Swift"
"2579","Data Entry Clerk","Titanium Talent","IT & Telecommunications","Gauteng","Roodepoort","Full-Time","1.0","Bachelor's","Not specified","No","Contract","Data Entry Clerk role at Titanium Talent based in Roodepoort, focused on technical support and related responsibilities.","SME","Data Entry, Microsoft Office, Project Management, Time Management, Documentation, Communication, Problem Solving, Customer Service"
"2580","Fibre Optic Engineer","Zeal HR","IT Consulting","Gauteng","Pretoria","Full-Time","0.1","Bachelor's","Information Technology","Yes","Permanent","Fibre Optic Engineer role at Zeal HR based in Pretoria, focused on network security and related responsibilities.","SME","Routing & Switching, BGP, Network Design, CCNA, Network Monitoring, WAN, CCNP"
"2581","Fibre Optic Engineer","Capita South Africa","IT & Telecommunications","KwaZulu-Natal","Durban","Full-Time","4.5","Not Specified","Information Technology","No","Contract","Fibre Optic Engineer role at Capita South Africa based in Durban, focused on network security and related responsibilities.","SME","Network Design, Network Infrastructure, SD-WAN, Wireless, MPLS"
"2582","Web Developer","TooMuchWifi","IT & Telecommunications","Western Cape","Stellenbosch","Full-Time","2.9","Bachelor's","Information Technology","No","Permanent","Web Developer role at TooMuchWifi based in Stellenbosch, focused on agile development and related responsibilities.","SME","Kubernetes, Code Review, OOP, C++, TDD, Vue.js"
"2583","Data Specialist (Engineer/Scientist)","PM Connection","IT Consulting","Not Specified","Not Specified","Full-Time","0.1","Bachelor's","Computer Science","No","Permanent","Data Specialist (Engineer/Scientist) role at PM Connection based in Not Specified, focused on statistical analysis and related responsibilities.","SME","R, SQL, PyTorch, MLOps, Statistical Analysis, Feature Stores, TensorFlow"
"2584","Azure Engineer","cloudandthings.io","Mining","Gauteng","Centurion","Full-Time","4.2","Bachelor's","Not specified","No","Permanent","Azure Engineer role at cloudandthings.io based in Centurion, focused on CI/CD and related responsibilities.","SME","Site Reliability, Monitoring, CI/CD, Serverless"
"2585","Software Developer","Gold Fields","IT & Telecommunications","Not Specified","Not Specified","Full-Time","5.0","Bachelor's","Computer Science","Yes","Permanent","Software Developer role at Gold Fields based in Not Specified, focused on software design and related responsibilities.","SME","MVC, OOP, SQL, ASP.NET, .NET Core, React"
"2586","Senior ETL Developer & Database Administrator","TooMuchWifi","IT & Telecommunications","Gauteng","Midrand","Full-Time","9.5","Certification","Not specified","Yes","Permanent","Senior ETL Developer & Database Administrator role at TooMuchWifi based in Midrand, focused on cloud data platforms and related responsibilities.","SME","ELT, Data Integration, Python, Spark, Azure Data Factory, Dataflow"
"2587","Post-Sales Engineer","Network Contracting Solutions","Mining","Western Cape","Cape Town","Contract","7.1","Not Specified","Not specified","Yes","Contract","Post-Sales Engineer role at Network Contracting Solutions based in Cape Town, focused on documentation and related responsibilities.","Large","Problem Solving, Documentation, Teamwork"
"2588","Post-Sales Engineer","Sandi Crowther Recruitment","Engineering, Technical, Manufacturing","Western Cape","Wynberg","Full-Time","0.9","Diploma","Not specified","No","Permanent","Post-Sales Engineer role at Sandi Crowther Recruitment based in Wynberg, focused on documentation and related responsibilities.","SME","Documentation, Teamwork, Data Entry, Microsoft Office"
"2589","NOC Engineer","Capita South Africa","IT & Telecommunications","North West","Klerksdorp","Full-Time","4.3","Bachelor's","Telecommunications","Partial","Permanent","NOC Engineer role at Capita South Africa based in Klerksdorp, focused on network security and related responsibilities.","Large","Cisco, VoIP, Wireless, TCP/IP, VPN, Transmission, Network Monitoring"
"2590","Infrastructure Automation Engineer","Anglo American","IT & Telecommunications","Mpumalanga","Secunda","Full-Time","2.2","Bachelor's","Not specified","No","Permanent","Infrastructure Automation Engineer role at Anglo American based in Secunda, focused on infrastructure automation and related responsibilities.","SME","GCP, Containerisation, Infrastructure as Code, CI/CD, Prometheus, Docker, AWS, Kubernetes"
"2591","Cloud Engineer","Network Finance.","IT & Telecommunications","Not Specified","Not Specified","Contract","0.8","Not Specified","Not specified","No","Contract","Cloud Engineer role at Network Finance. based in Not Specified, focused on infrastructure automation and related responsibilities.","SME","PowerShell, Microservices, CI/CD, Infrastructure as Code, Docker, Serverless, Cloud Architecture, Azure"
"2592","Intermediate Software Developer","iOCO","Banking, Finance, Insurance","Gauteng","Centurion","Full-Time","4.2","Not Specified","Not specified","No","Permanent","Intermediate Software Developer role at iOCO based in Centurion, focused on system architecture and related responsibilities.","SME","ASP.NET, .NET, Docker, SQL, Blazor, Java"
"2593","Vue.js Developer","Network Finance.","IT Recruitment","Remote / Not Specified","Remote","Full-Time","3.0","Bachelor's","Engineering","No","Permanent","Vue.js Developer role at Network Finance. based in Remote, focused on software design and related responsibilities.","SME","ASP.NET, Microservices, Git, PHP, Software Design, CSS, Java"
"2594","Data Engineer","Telkom","Health, Fitness, Medical","Western Cape","Cape Town","Full-Time","7.3","Bachelor's","Not specified","Yes","Permanent","Data Engineer role at Telkom based in Cape Town, focused on data architecture and related responsibilities.","SME","Data Modelling, Microsoft Fabric, CI/CD, ETL, Azure, Databricks, Data Pipelines, BigQuery"
"2595","Desktop Support Technician","RedM Professional Services","Recruitment","Gauteng","Centurion","Full-Time","2.9","Bachelor's","Not specified","No","Permanent","Desktop Support Technician role at RedM Professional Services based in Centurion, focused on server management and related responsibilities.","SME","DHCP, SCCM, Intune, Hardware Troubleshooting, Exchange, Backup & Recovery"
"2596","Infrastructure Engineer","Pick n Pay","IT & Telecommunications","Not Specified","Not Specified","Full-Time","0.5","Bachelor's","Not specified","Yes","Permanent","Infrastructure Engineer role at Pick n Pay based in Not Specified, focused on deployment pipelines and related responsibilities.","SME","GitHub Actions, Helm, Grafana, GitLab CI"
"2597","Developer and Data Engineer","Anglo American","Recruitment","Gauteng","Kempton Park","Full-Time","2.5","Bachelor's","Not specified","Yes","Permanent","Developer and Data Engineer role at Anglo American based in Kempton Park, focused on cloud data platforms and related responsibilities.","SME","Azure Data Lake, Dataflow, SQL, Data Warehousing"
"2598","Collections Data Analyst","The Talent Room","IT & Telecommunications","Western Cape","Stellenbosch","Full-Time","0.6","Bachelor's","Not specified","No","Permanent","Collections Data Analyst role at The Talent Room based in Stellenbosch, focused on data analysis and related responsibilities.","SME","Reporting, ETL, Azure Data Fundamentals, Dashboards"
"2599","SAP Ariba Functional Lead Consultant","EY","IT Consulting","Gauteng","Johannesburg","Full-Time","6.1","Bachelor's","Not specified","No","Contract","SAP Ariba Functional Lead Consultant role at EY based in Johannesburg, focused on process mapping and related responsibilities.","SME","Functional Specs, Change Management, SAP, Project Management, Vendor Management, Salesforce"
"2600","Solutions Consultant","The Foschini Group","IT & Telecommunications","Gauteng","Johannesburg North","Full-Time","2.8","Bachelor's","Not specified","No","Permanent","Solutions Consultant role at The Foschini Group based in Johannesburg North, focused on stakeholder engagement and related responsibilities.","SME","Process Flows, Change Management, BRDs, ServiceNow, Requirements Gathering"
"2601","IT Officer","Humankind Group","Engineering, Technical, Manufacturing","Western Cape","Cape Town","Full-Time","4.2","Diploma","Not specified","No","Permanent","IT Officer role at Humankind Group based in Cape Town, focused on IT support and related responsibilities.","SME","Troubleshooting, Linux, Windows, Microsoft 365, IT Support"
"2602","Cloud Engineer","Capita South Africa","IT & Telecommunications","Western Cape","Stellenbosch","Full-Time","2.3","Not Specified","Not specified","No","Permanent","Cloud Engineer role at Capita South Africa based in Stellenbosch, focused on cloud architecture and related responsibilities.","SME","CI/CD, AWS, Docker, Azure"
"2603","IT Specialist","Hicell V- Shops Pty Ltd","IT & Telecommunications","Gauteng","Johannesburg North","Full-Time","4.6","Bachelor's","Not specified","No","Permanent","IT Specialist role at Hicell V- Shops Pty Ltd based in Johannesburg North, focused on IT support and related responsibilities.","SME","Networking, Vendor Management, Compliance, Budgeting, Windows, Software Installation, Documentation"
"2604","Data Engineer (Microsoft Fabric)","Abalobi Solutions","IT & Telecommunications","Western Cape","Rondebosch","Full-Time","4.5","Bachelor's","Not specified","No","Permanent","Data Engineer (Microsoft Fabric) role at Abalobi Solutions based in Rondebosch, focused on ETL and related responsibilities.","SME","AWS, CI/CD, ETL, Kafka"
"2605","iOS Developer","TAC Recruitment","IT & Telecommunications","Gauteng","Pretoria","Full-Time","4.9","Diploma","Computer Science","No","Permanent","iOS Developer role at TAC Recruitment based in Pretoria, focused on agile development and related responsibilities.","SME","TDD, Python, Blazor, ASP.NET, Entity Framework, Swift, CI/CD, Laravel"
"2606","Backend Developer","Data Monkey (PTY) LTD","Banking, Finance, Insurance","Gauteng","Johannesburg North","Full-Time","4.4","Bachelor's","Computer Science","No","Permanent","Backend Developer role at Data Monkey (PTY) LTD based in Johannesburg North, focused on code review and related responsibilities.","SME","Flutter, Code Review, Blazor, SDLC, Spring Boot"
"2607","IT Systems Administrator","Ad-Hoc","IT Consulting","Gauteng","Johannesburg","Full-Time","4.4","Bachelor's","Not specified","No","Permanent","IT Systems Administrator role at Ad-Hoc based in Johannesburg, focused on user support and related responsibilities.","SME","ITIL, SCCM, Printers, Linux, Patch Management, Intune, SharePoint, Exchange"
"2608","SQL Developer","DevologyX","Not Specified","Gauteng","Johannesburg","Full-Time","4.7","Not Specified","Information Technology","No","Permanent","SQL Developer role at DevologyX based in Johannesburg, focused on ETL and related responsibilities.","SME","MongoDB, Data Modelling, SSIS, Database Design, SQL Server, Redis"
"2609","Software Developer","Staff Unlimited","IT & Telecommunications","KwaZulu-Natal","Durban","Full-Time","0.2","Bachelor's","Information Technology","No","Permanent","Software Developer role at Staff Unlimited based in Durban, focused on API development and related responsibilities.","SME","Python, .NET Core, C#, Angular, Swift, Node.js"
"2610","Senior Software Developer","Abalobi Solutions","Banking, Finance, Insurance","Western Cape","Cape Town","Contract","6.4","Bachelor's","Engineering","No","Contract","Senior Software Developer role at Abalobi Solutions based in Cape Town, focused on deployment and related responsibilities.","SME","JavaScript, TDD, SDLC, Python"
"2611","AI Engineer (Expert)","IQbusiness","IT & Telecommunications","Western Cape","Cape Town","Full-Time","2.5","Diploma","Not specified","No","Permanent","AI Engineer (Expert) role at IQbusiness based in Cape Town, focused on MLOps and related responsibilities.","SME","LLMs, Speech Recognition, Model Deployment, Python"
"2612","Digital Marketing Specialist","Pick n Pay","IT & Telecommunications","Gauteng","Johannesburg East","Full-Time","2.5","Bachelor's","Not specified","No","Permanent","Digital Marketing Specialist role at Pick n Pay based in Johannesburg East, focused on training and related responsibilities.","SME","Documentation, Problem Solving, Data Entry, Customer Service, Project Management, Time Management, Microsoft Office"
"2613","iOS Developer","Old Mutual","IT Recruitment","Not Specified","Not Specified","Full-Time","0.1","Diploma","Engineering","Yes","Permanent","iOS Developer role at Old Mutual based in Not Specified, focused on deployment and related responsibilities.","SME","Spring Boot, C#, OOP, Blazor, Node.js, Flutter, Kotlin, Git"
"2614","Senior AI Engineer","NBC Holdings Pty Ltd","Not Specified","Gauteng","Midrand","Full-Time","9.7","PhD","Not specified","No","Permanent","Senior AI Engineer role at NBC Holdings Pty Ltd based in Midrand, focused on NLP and related responsibilities.","SME","scikit-learn, Machine Learning, AI, Transformers, Data Science, Neural Networks"
"2615","Data Governance Analyst","Top Recruitment","IT Services","Not Specified","Not Specified","Full-Time","4.1","Bachelor's","Not specified","No","Permanent","Data Governance Analyst role at Top Recruitment based in Not Specified, focused on reporting and related responsibilities.","SME","Statistical Analysis, Data Warehousing, Reporting, Fraud Detection"
"2616","Senior Software Developer","Parvana","IT & Telecommunications","Gauteng","Menlyn","Full-Time","7.1","Bachelor's","Information Technology","No","Contract","Senior Software Developer role at Parvana based in Menlyn, focused on system architecture and related responsibilities.","SME","Code Review, Microservices, .NET Core, Git, MVC, C#"
"2617","Transmission Engineer","Attain People","Not Specified","Western Cape","Cape Winelands: Stellenbosch","Full-Time","7.4","National Diploma/Degree","Information Technology","No","Contract","Transmission Engineer role at Attain People based in Cape Winelands: Stellenbosch, focused on wireless and related responsibilities.","Large","VPN, MPLS, WAN"
"2618","ICT Manager","iLaunch (Pty) Ltd","IT Recruitment","Gauteng","Johannesburg North","Full-Time","7.8","Certification","Not specified","No","Permanent","ICT Manager role at iLaunch (Pty) Ltd based in Johannesburg North, focused on IT support and related responsibilities.","SME","IT Support, Project Management, Windows"
"2619","Data Engineer_Data Analytics Platform","Staff Unlimited","FMCG, Retail, Wholesale","Western Cape","Cape Town","Contract","0.6","Not Specified","Not specified","No","Contract","Data Engineer_Data Analytics Platform role at Staff Unlimited based in Cape Town, focused on data architecture and related responsibilities.","SME","Hadoop, Python, Data Warehousing, Microsoft Fabric, Data Pipelines"
"2620","Data Engineer","Attain People","Engineering, Technical, Manufacturing","Not Specified","Not Specified","Contract","0.2","Bachelor's","Not specified","No","Contract","Data Engineer role at Attain People based in Not Specified, focused on ETL and related responsibilities.","SME","Data Architecture, BigQuery, Cloud Data Solutions, ELT"
"2621","IT Auditor","wePlace (Pty) Ltd","IT & Telecommunications","Gauteng","Midrand","Full-Time","6.7","Bachelor's","Information Technology","No","Permanent","IT Auditor role at wePlace (Pty) Ltd based in Midrand, focused on security monitoring and related responsibilities.","SME","Threat Intelligence, QRadar, IT Audit, CISA, POPIA, CompTIA Security+, GRC, EDR"
"2622","Software Developer II","Google","IT & Telecommunications","Gauteng","Pretoria","Full-Time","7.3","Bachelor's","Computer Science","No","Permanent","Software Developer II role at Google based in Pretoria, focused on testing and related responsibilities.","SME","Vue.js, TDD, Java, Code Review, .NET"
"2623","Service Desk Analyst","IQbusiness","IT & Telecommunications","Gauteng","Sandton","Full-Time","0.7","Diploma","Not specified","No","Permanent","Service Desk Analyst role at IQbusiness based in Sandton, focused on user support and related responsibilities.","SME","Server Maintenance, SCCM, Firewalls, Microsoft 365, Hardware Troubleshooting, Patch Management, VPN"
"2624","IT Trainer","wePlace (Pty) Ltd","IT & Telecommunications","Gauteng","Pretoria","Full-Time","4.4","Not Specified","Not specified","No","Contract","IT Trainer role at wePlace (Pty) Ltd based in Pretoria, focused on vendor management and related responsibilities.","SME","Microsoft Office, Time Management, Customer Service, Project Management, Problem Solving, Data Entry"
"2625","Data Analyst (with Geospatial Experience)","Reworks Solution LLC","IT & Telecommunications","Not Specified","Not Specified","Full-Time","2.8","Bachelor's","Not specified","No","Permanent","Data Analyst (with Geospatial Experience) role at Reworks Solution LLC based in Not Specified, focused on BI development and related responsibilities.","SME","Azure Data Fundamentals, Excel, Business Strategy"
"2626","Field Support Engineer","Massmart","Not Specified","Eastern Cape","Port Elizabeth","Contract","7.7","Diploma","Not specified","No","Contract","Field Support Engineer role at Massmart based in Port Elizabeth, focused on user support and related responsibilities.","SME","Printers, Exchange, Firewalls, Patch Management, Desktop Support, Intune, SCCM, Hardware Troubleshooting"
"2627","Senior Data Analyst","The Recruitment Pig","IT & Telecommunications","Western Cape","Cape Town: Helderberg","Contract","6.1","Diploma","Not specified","No","Contract","Senior Data Analyst role at The Recruitment Pig based in Cape Town: Helderberg, focused on data visualisation and related responsibilities.","SME","Data Visualisation, Data Warehousing, Reporting, ETL"
"2628","Junior Database Administrator","Woolworths","Not Specified","Not Specified","Not Specified","Full-Time","0.6","Not Specified","Information Technology","No","Permanent","Junior Database Administrator role at Woolworths based in Not Specified, focused on ETL and related responsibilities.","SME","Database Design, PL/SQL, Data Warehousing, T-SQL, Replication"
"2629","Senior Machine Learning Engineer","Nigel Frank International","IT & Telecommunications","Gauteng","Johannesburg","Full-Time","7.0","Bachelor's","Not specified","No","Permanent","Senior Machine Learning Engineer role at Nigel Frank International based in Johannesburg, focused on MLOps and related responsibilities.","SME","Model Deployment, Transformers, LangChain, RAG, Neural Networks, AWS SageMaker"
"2630","C# Developer","Attain People","IT & Telecommunications","Gauteng","Johannesburg","Full-Time","0.1","Bachelor's","Information Technology","No","Contract","C# Developer role at Attain People based in Johannesburg, focused on code review and related responsibilities.","SME","Git, Microservices, C#, .NET, Java, Angular, OOP, .NET Core"
"2631","Collections Data Analyst","Old Mutual","IT Consulting","Gauteng","Midrand","Contract","4.3","Bachelor's","Not specified","No","Contract","Collections Data Analyst role at Old Mutual based in Midrand, focused on BI development and related responsibilities.","SME","Fraud Detection, Data Mapping, SQL, Data Analysis"
"2632","Backend Developer","BHP","Engineering, Technical, Manufacturing","Gauteng","Johannesburg","Full-Time","2.0","Not Specified","Information Technology","Yes","Contract","Backend Developer role at BHP based in Johannesburg, focused on code review and related responsibilities.","SME","Microservices, HTML, React, TypeScript, CI/CD, Docker"
"2633","SSIS Developer","Credico Financial Services (Pty) Ltd","Banking, Finance, Insurance","Not Specified","Not Specified","Full-Time","4.6","Bachelor's","Information Systems","No","Permanent","SSIS Developer role at Credico Financial Services (Pty) Ltd based in Not Specified, focused on data modelling and related responsibilities.","SME","T-SQL, Backup & Recovery, PL/SQL, Redis, Indexing, Replication"
"2634","Dynamics 365 Consultant","MSP Staffing Pty Ltd","IT & Telecommunications","Western Cape","Stellenbosch","Full-Time","0.6","Bachelor's","Not specified","No","Permanent","Dynamics 365 Consultant role at MSP Staffing Pty Ltd based in Stellenbosch, focused on stakeholder engagement and related responsibilities.","SME","IT Strategy, Dynamics 365, SDLC Governance, Requirements Gathering, Agile, Stakeholder Management"
"2635","Data Specialist (Engineer/Scientist)","BCX","IT Recruitment","Gauteng","Midrand","Full-Time","0.2","PhD","Data Science","No","Permanent","Data Specialist (Engineer/Scientist) role at BCX based in Midrand, focused on data pipelines and related responsibilities.","SME","Machine Learning, Data Pipelines, Cloud Data Platforms, Pandas, Spark"
"2636","IT Technician","Interdot","Not Specified","Gauteng","Johannesburg","Full-Time","4.8","Not Specified","Not specified","No","Permanent","IT Technician role at Interdot based in Johannesburg, focused on user support and related responsibilities.","SME","Firewalls, TCP/IP, DNS, Networking, ServiceNow"
"2637","Senior Network Engineer","Discovery","IT & Telecommunications","Gauteng","Sandton","Full-Time","8.8","Not Specified","Networking","No","Permanent","Senior Network Engineer role at Discovery based in Sandton, focused on network design and related responsibilities.","Large","5G, SD-WAN, MPLS"
"2638","Cloud Engineer","iSanqa","Banking, Finance, Insurance","Gauteng","Johannesburg East","Full-Time","4.5","Bachelor's","Not specified","No","Permanent","Cloud Engineer role at iSanqa based in Johannesburg East, focused on CI/CD and related responsibilities.","SME","Microservices, Serverless, Site Reliability, Azure"
"2639","Service Desk Analyst","Woolworths","IT Recruitment","Gauteng","Centurion","Full-Time","2.6","Diploma","Not specified","No","Contract","Service Desk Analyst role at Woolworths based in Centurion, focused on system maintenance and related responsibilities.","SME","Backup & Recovery, Intune, Ticketing Systems, VPN, DNS, Networking, Exchange, TCP/IP"
"2640","SAP Ariba Functional Lead Consultant","Denel","IT & Telecommunications","Gauteng","Pretoria","Full-Time","6.6","Bachelor's","Not specified","No","Permanent","SAP Ariba Functional Lead Consultant role at Denel based in Pretoria, focused on requirements gathering and related responsibilities.","SME","ServiceNow, Digital Transformation, Functional Specs, SDLC Governance, Solution Design, Scrum, Salesforce, Dynamics 365"
"2641","Data Engineer_Data Analytics Platform","Accenture","IT & Telecommunications","Gauteng","Gauteng","Full-Time","7.8","Diploma","Not specified","No","Permanent","Data Engineer_Data Analytics Platform role at Accenture based in Gauteng, focused on data pipelines and related responsibilities.","SME","Azure Data Factory, Power BI, Azure Data Lake, ETL, Microsoft Fabric, Data Warehousing"
"2642","Test Automation Engineer","Datonomy Solutions","IT & Telecommunications","Gauteng","Johannesburg","Contract","9.4","Not Specified","Not specified","No","Contract","Test Automation Engineer role at Datonomy Solutions based in Johannesburg, focused on performance testing and related responsibilities.","SME","Regression Testing, Performance Testing, Selenium, Test Automation"
"2643","Infrastructure Automation Engineer","Data Monkey (PTY) LTD","Education & Training","Gauteng","Johannesburg North","Full-Time","4.7","Bachelor's","Not specified","No","Permanent","Infrastructure Automation Engineer role at Data Monkey (PTY) LTD based in Johannesburg North, focused on CI/CD and related responsibilities.","SME","CI/CD, Infrastructure as Code, Cloud Architecture, PowerShell, Microservices, GitLab CI"
"2644","BI Analyst","Ad-Hoc","IT Recruitment","Gauteng","Johannesburg","Full-Time","0.8","Not Specified","Not specified","No","Permanent","BI Analyst role at Ad-Hoc based in Johannesburg, focused on BI development and related responsibilities.","SME","SQL, Tableau, Data Analysis, Power BI"
"2645","Product Designer","IBM","FMCG, Retail, Wholesale","Gauteng","Johannesburg","Full-Time","7.7","Diploma","Interaction Design","Yes","Permanent","Product Designer role at IBM based in Johannesburg, focused on usability testing and related responsibilities.","SME","CSS, Design Thinking, Responsive Design, Prototyping, Usability Testing, Adobe XD, HTML, Interaction Design"
"2646","Service Desk Analyst","Goldenrule","Not Specified","Gauteng","Centurion","Full-Time","6.2","Bachelor's","Not specified","Yes","Permanent","Service Desk Analyst role at Goldenrule based in Centurion, focused on user support and related responsibilities.","SME","DHCP, Hardware Troubleshooting, Office 365, Exchange"
"2647","IT Support Technician","Tumaini Consulting","IT & Telecommunications","Gauteng","Midrand","Contract","2.9","Diploma","Not specified","No","Contract","IT Support Technician role at Tumaini Consulting based in Midrand, focused on server management and related responsibilities.","SME","Windows Server, VMware, Hyper-V, Office 365, Linux, ServiceNow"
"2648","Product Owner","Tumaini Consulting","IT Recruitment","Western Cape","Cape Town","Full-Time","0.1","Not Specified","Not specified","No","Permanent","Product Owner role at Tumaini Consulting based in Cape Town, focused on risk management and related responsibilities.","SME","Waterfall, Confluence, Scrum, Agile, Budgeting, PMO"
"2649","RF Engineer","Ability Recruitment","Not Specified","Western Cape","Cape Town","Full-Time","9.2","Bachelor's","Networking","No","Permanent","RF Engineer role at Ability Recruitment based in Cape Town, focused on routing & switching and related responsibilities.","Large","VPN, Routing & Switching, MPLS, Network Monitoring, VoIP, LAN"
"2650","Spring Boot Developer","Anglo American","IT Consulting","Gauteng","Pretoria","Full-Time","4.0","Not Specified","Engineering","No","Permanent","Spring Boot Developer role at Anglo American based in Pretoria, focused on code review and related responsibilities.","SME","Blazor, .NET Core, ASP.NET, TDD, CI/CD"
"2651","AI Software Developer","Top Recruitment","IT & Telecommunications","Gauteng","Johannesburg","Contract","9.4","PhD","Not specified","No","Contract","AI Software Developer role at Top Recruitment based in Johannesburg, focused on AI integration and related responsibilities.","SME","LangChain, LLMs, Speech Recognition, Feature Engineering, Statistics"
"2652","Data Scientist - Agentic AI & MLOps","Amazon Web Services","IT & Telecommunications","Gauteng","Johannesburg","Full-Time","6.5","Bachelor's","Statistics","No","Permanent","Data Scientist - Agentic AI & MLOps role at Amazon Web Services based in Johannesburg, focused on statistical analysis and related responsibilities.","SME","MLOps, Statistical Analysis, Spark, NLP, Data Modelling, Data Governance, RAG, R"
"2653","IT Business Development Manager","Abalobi Solutions","Not Specified","Gauteng","Tshwane (Pretoria)","Full-Time","8.0","National Diploma","Not specified","No","Permanent","IT Business Development Manager role at Abalobi Solutions based in Tshwane (Pretoria), focused on project coordination and related responsibilities.","Large","Microsoft Office, Documentation, Customer Service, Problem Solving, Project Management, Teamwork"
"2654","Junior Data Scientist","Cartrack Pty Ltd","Not Specified","Western Cape","Cape Town: Southern Suburbs","Full-Time","1.1","Master's","Not specified","No","Permanent","Junior Data Scientist role at Cartrack Pty Ltd based in Cape Town: Southern Suburbs, focused on EDA and related responsibilities.","SME","Credit Risk Modelling, SQL, Spark, Data Governance, Model Training, Feature Stores, NumPy, Advanced Analytics"
"2655","Data Analyst (with Geospatial Experience)","Datonomy Solutions","IT & Telecommunications","Gauteng","Gauteng","Contract","4.2","Bachelor's","Not specified","Yes","Contract","Data Analyst (with Geospatial Experience) role at Datonomy Solutions based in Gauteng, focused on dashboards and related responsibilities.","SME","Business Strategy, Power BI, Dashboards, Process Improvement, Anomaly Detection"
"2656","Web Developer","Exceed Human Resource Consultants","IT Services","Gauteng","Johannesburg North","Permanent","2.8","Bachelor's","Information Technology","No","Permanent","Web Developer role at Exceed Human Resource Consultants based in Johannesburg North, focused on testing and related responsibilities.","SME",".NET Core, .NET, Entity Framework, Microservices, ASP.NET, Angular, CSS, Kubernetes"
"2657","Senior Machine Learning Engineer","BCX","IT & Telecommunications","Gauteng","Midrand","Full-Time","5.8","Bachelor's","Not specified","Yes","Permanent","Senior Machine Learning Engineer role at BCX based in Midrand, focused on model development and related responsibilities.","SME","Deep Learning, Computer Vision, AI, scikit-learn, MLOps, OpenAI API"
"2658","IT Project Manager","Exceed Human Resource Consultants","Engineering, Technical, Manufacturing","Gauteng","Menlyn","Full-Time","8.8","Bachelor's","Not specified","No","Permanent","IT Project Manager role at Exceed Human Resource Consultants based in Menlyn, focused on risk management and related responsibilities.","SME","Resource Management, Change Management, Jira, Reporting, PRINCE2, PMP, Confluence"
"2659","Data Scientist (AI & Machine Learning)","Computer Experts Personnel","IT Recruitment","KwaZulu-Natal","Pietermaritzburg","Contract","7.5","Not Specified","Data Science","No","Contract","Data Scientist (AI & Machine Learning) role at Computer Experts Personnel based in Pietermaritzburg, focused on statistical analysis and related responsibilities.","SME","Feature Stores, PyTorch, ETL, Advanced Analytics, AI, Predictive Modelling, Python, Statistical Analysis"
"2660","Spring Boot Developer","Dimension Data","IT & Telecommunications","Gauteng","Pretoria","Full-Time","4.9","Not Specified","Engineering","Yes","Permanent","Spring Boot Developer role at Dimension Data based in Pretoria, focused on testing and related responsibilities.","SME","REST APIs, C#, Docker, Java, Swift"
"2661","IT Coordinator","Gold Fields","Not Specified","Gauteng","Johannesburg","Full-Time","4.5","Diploma","Not specified","No","Permanent","IT Coordinator role at Gold Fields based in Johannesburg, focused on IT support and related responsibilities.","SME","Networking, IT Strategy, Budgeting"
"2662","IT Project Manager","Goldenrule","Banking","Western Cape","Paarl","Full-Time","6.4","Not Specified","Not specified","No","Contract","IT Project Manager role at Goldenrule based in Paarl, focused on risk management and related responsibilities.","Large","Waterfall, Reporting, PMP, Change Management, Risk Management"
"2663","Senior Data Scientist","Sibanye-Stillwater","IT Recruitment","Gauteng","Midrand","Full-Time","9.9","Diploma","Data Science","No","Permanent","Senior Data Scientist role at Sibanye-Stillwater based in Midrand, focused on EDA and related responsibilities.","SME","Credit Risk Modelling, Machine Learning, scikit-learn, SQL, Pandas, NumPy, Feature Stores"
"2664","Senior Data Analyst","Unique Personnel","IT & Telecommunications","Western Cape","Cape Town","Contract","8.3","Bachelor's","Not specified","No","Contract","Senior Data Analyst role at Unique Personnel based in Cape Town, focused on data visualisation and related responsibilities.","SME","SQL, QlikSense, Compliance Data, Power BI, Business Strategy, Data Visualisation, Statistical Analysis"
"2665","Automation Tester","Communicate IT","IT & Telecommunications","Gauteng","Johannesburg","Contract","0.8","Bachelor's","Not specified","No","Contract","Automation Tester role at Communicate IT based in Johannesburg, focused on API testing and related responsibilities.","SME","Regression Testing, Python, Agile Testing, Selenium, API Testing, Postman, CI/CD, Performance Testing"
"2666","Quantitative Analyst","MECS","IT & Telecommunications","Not Specified","Not Specified","Full-Time","4.3","Master's","Mathematics","Yes","Permanent","Quantitative Analyst role at MECS based in Not Specified, focused on EDA and related responsibilities.","SME","ETL, Python, Deep Learning, Data Visualisation, Model Training, PyTorch, Data Governance"
"2667","iOS Developer","Tumaini Consulting","IT Recruitment","Gauteng","Johannesburg","Learnership","4.7","Bachelor's","Computer Science","No","Learnership","iOS Developer role at Tumaini Consulting based in Johannesburg, focused on system architecture and related responsibilities.","Large","Microservices, Angular, Java, CI/CD, React, OOP, Kotlin, HTML"
"2668","IT Business Development Manager","Microsoft","IT Services","Gauteng","Johannesburg","Full-Time","6.9","Bachelor's","Not specified","No","Permanent","IT Business Development Manager role at Microsoft based in Johannesburg, focused on vendor management and related responsibilities.","SME","Data Entry, Documentation, Problem Solving, Time Management"
"2669","AI Engineer","Shoprite","IT & Telecommunications","Not Specified","Not Specified","Full-Time","6.3","Bachelor's","Not specified","No","Permanent","AI Engineer role at Shoprite based in Not Specified, focused on deep learning and related responsibilities.","SME","PyTorch, LangChain, Model Deployment, AI, MLOps, LLMs, AWS SageMaker"
"2670","Desktop Support Technician","Mediro ICT Recruitment","IT & Telecommunications","Gauteng","Johannesburg","Full-Time","7.1","Certification","Not specified","No","Permanent","Desktop Support Technician role at Mediro ICT Recruitment based in Johannesburg, focused on user support and related responsibilities.","SME","VPN, Ticketing Systems, Exchange, Office 365, Patch Management"
"2671","IT Trainer","Exceed Human Resource Consultants","Banking, Finance, Insurance","Not Specified","Not Specified","Full-Time","7.1","Not Specified","Not specified","Yes","Contract","IT Trainer role at Exceed Human Resource Consultants based in Not Specified, focused on documentation and related responsibilities.","Large","Microsoft Office, Problem Solving, Documentation, Data Entry, Teamwork, Time Management, Customer Service"
"2672","Java Developer","Standard Bank","Banking, Finance, Insurance","Western Cape","Cape Town","Full-Time","5.0","Bachelor's","Information Technology","No","Permanent","Java Developer role at Standard Bank based in Cape Town, focused on API development and related responsibilities.","SME","C++, C#, OOP, Software Design"
"2673","Technical Writer","PwC","Transport, Logistics & Freight","Gauteng","Pretoria","Full-Time","2.5","Certification","Not specified","No","Permanent","Technical Writer role at PwC based in Pretoria, focused on technical support and related responsibilities.","SME","Data Entry, Problem Solving, Communication, Customer Service, Project Management, Teamwork, Time Management"
"2674","Design Lead","The Talent Room","IT & Telecommunications","Eastern Cape","East London","Contract","5.5","Diploma","Graphic Design","Yes","Contract","Design Lead role at The Talent Room based in East London, focused on wireframing and related responsibilities.","SME","Information Architecture, Figma, Design Thinking, Interaction Design, Wireframing, Usability Testing, Adobe XD"
"2675","Business Analyst (Commodities & Derivatives)","Nambiti Technologies (Pty) Ltd","IT & Telecommunications","Gauteng","Pretoria","Contract","2.3","Bachelor's","Information Systems","No","Contract","Business Analyst (Commodities & Derivatives) role at Nambiti Technologies (Pty) Ltd based in Pretoria, focused on requirements documentation and related responsibilities.","SME","Requirements Elicitation, Change Management, Requirements Gathering"
"2676","Information Security Officer","Eskom","Mining","Gauteng","Johannesburg","Full-Time","0.1","Diploma","Cyber Security","No","Permanent","Information Security Officer role at Eskom based in Johannesburg, focused on security monitoring and related responsibilities.","SME","Cloud Security, Threat Intelligence, IDS/IPS, Network Security, QRadar"
"2677","Infrastructure Automation Engineer","cloudandthings.io","IT & Telecommunications","Western Cape","CPT - Northern Suburbs","Full-Time","0.1","Bachelor's","Not specified","No","Permanent","Infrastructure Automation Engineer role at cloudandthings.io based in CPT - Northern Suburbs, focused on monitoring and related responsibilities.","SME","Cloud Architecture, Grafana, Infrastructure as Code, Prometheus, ELK Stack, Helm, CI/CD"
"2678","Data Scientist - Agentic AI & MLOps","Super Save t/a Super Save","Not Specified","Gauteng","Sandton","Full-Time","7.6","Diploma","Data Science","No","Permanent","Data Scientist - Agentic AI & MLOps role at Super Save t/a Super Save based in Sandton, focused on model training and related responsibilities.","SME","Cloud Data Platforms, Machine Learning, MLOps, Model Training, Deep Learning, RAG"
"2679","Senior Data Engineer","TAC Recruitment","IT & Telecommunications","Gauteng","Roodepoort","Full-Time","7.6","Bachelor's","Not specified","No","Permanent","Senior Data Engineer role at TAC Recruitment based in Roodepoort, focused on data integration and related responsibilities.","SME","GCP, Microsoft Fabric, AWS"
"2680","Angular Developer","Professional Recruitment Partners","IT & Telecommunications","Gauteng","Johannesburg","Full-Time","4.8","Bachelor's","Not specified","No","Permanent","Angular Developer role at Professional Recruitment Partners based in Johannesburg, focused on code review and related responsibilities.","SME","Docker, JavaScript, Git, React Native"
"2681","Wireless Engineer","MSP Staffing Pty Ltd","IT Recruitment","Gauteng","Johannesburg","Full-Time","4.0","Bachelor's","Telecommunications","No","Permanent","Wireless Engineer role at MSP Staffing Pty Ltd based in Johannesburg, focused on wireless and related responsibilities.","SME","RF, TCP/IP, VPN"
"2682","Azure Engineer","Nedbank","IT & Telecommunications","Remote / Not Specified","Remote","Full-Time","0.9","Not Specified","Not specified","No","Permanent","Azure Engineer role at Nedbank based in Remote, focused on infrastructure automation and related responsibilities.","SME","Grafana, Helm, Kubernetes"
"2683","IT Generalist","NBC Holdings Pty Ltd","IT & Telecommunications","Western Cape","Cape Town","Full-Time","0.6","Bachelor's","Not specified","No","Permanent","IT Generalist role at NBC Holdings Pty Ltd based in Cape Town, focused on software installation and related responsibilities.","SME","Project Management, Networking, Active Directory, Vendor Management, Troubleshooting"
"2684","C# Developer","Top Recruitment","IT Recruitment","Not Specified","Not Specified","Permanent","0.3","Bachelor's","Engineering","No","Permanent","C# Developer role at Top Recruitment based in Not Specified, focused on API development and related responsibilities.","SME","MVC, .NET, CI/CD"
"2685","Data Analyst (with Geospatial Experience)","Network IT","Business Services","Not Specified","Not Specified","Contract","4.1","Bachelor's","Not specified","No","Contract","Data Analyst (with Geospatial Experience) role at Network IT based in Not Specified, focused on data visualisation and related responsibilities.","SME","BI, Financial Data Analysis, QlikSense, Fraud Detection, Process Improvement, SQL"
"2686","Digital Marketing Specialist","Tumaini Consulting","Banking, Finance, Insurance","Gauteng","Johannesburg North","Full-Time","2.2","Bachelor's","Not specified","No","Permanent","Digital Marketing Specialist role at Tumaini Consulting based in Johannesburg North, focused on documentation and related responsibilities.","SME","Problem Solving, Teamwork, Time Management, Documentation, Communication"
"2687","Infrastructure Automation Engineer","Credico Financial Services (Pty) Ltd","IT & Telecommunications","Gauteng","Johannesburg","Full-Time","4.3","Diploma/Degree","Not specified","No","Contract","Infrastructure Automation Engineer role at Credico Financial Services (Pty) Ltd based in Johannesburg, focused on cloud architecture and related responsibilities.","SME","Site Reliability, GitHub Actions, Azure, Terraform, Python"
"2688","Data Engineer - Lead","Sandi Crowther Recruitment","IT & Telecommunications","Gauteng","Johannesburg East","Full-Time","6.5","Not Specified","Not specified","No","Permanent","Data Engineer - Lead role at Sandi Crowther Recruitment based in Johannesburg East, focused on cloud data platforms and related responsibilities.","SME","GCP, SQL, Data Integration, Airflow, ELT, Data Lakes, SSIS"
"2689","Digital Marketing Specialist","Vodacom","IT & Telecommunications","Not Specified","Not Specified","Full-Time","0.9","Bachelor's","Not specified","No","Permanent","Digital Marketing Specialist role at Vodacom based in Not Specified, focused on technical support and related responsibilities.","Large","Time Management, Teamwork, Data Entry, Problem Solving, Microsoft Office"
"2690","Spring Boot Developer","iLaunch (Pty) Ltd","IT & Telecommunications","Gauteng","Centurion","Full-Time","0.6","Not Specified","Computer Science","No","Permanent","Spring Boot Developer role at iLaunch (Pty) Ltd based in Centurion, focused on deployment and related responsibilities.","SME","HTML, C#, CI/CD, JavaScript, TypeScript"
"2691","Salesforce Consultant","IQbusiness","IT Recruitment","Gauteng","Johannesburg","Full-Time","0.8","Bachelor's","Not specified","Partial","Permanent","Salesforce Consultant role at IQbusiness based in Johannesburg, focused on process mapping and related responsibilities.","SME","Stakeholder Management, Scrum, Project Management"
"2692","UX Researcher","Ad-Hoc","IT Recruitment","Gauteng","Menlyn","Full-Time","0.1","Bachelor's","Not specified","No","Permanent","UX Researcher role at Ad-Hoc based in Menlyn, focused on wireframing and related responsibilities.","SME","Information Architecture, Design Systems, Usability Testing, Design Thinking"
"2693","Protocol Software Developer","Goldman Tech Resourcing (Pty) Ltd","Engineering, Technical, Manufacturing","KwaZulu-Natal","Durban South","Full-Time","2.4","Bachelor's","Software Engineering","No","Permanent","Protocol Software Developer role at Goldman Tech Resourcing (Pty) Ltd based in Durban South, focused on API development and related responsibilities.","SME","Vue.js, Xamarin, React Native, CI/CD, C#"
"2694","AI Automation Engineer","Nedbank","IT Recruitment","Gauteng","Centurion","Full-Time","0.0","Bachelor's","Not specified","No","Permanent","AI Automation Engineer role at Nedbank based in Centurion, focused on AI integration and related responsibilities.","Large","AI, Data Science, OpenAI API, PyTorch"
"2695","Senior Machine Learning Engineer","Nedbank","IT & Telecommunications","Gauteng","Rosebank","Full-Time","5.3","Honours","Not specified","No","Permanent","Senior Machine Learning Engineer role at Nedbank based in Rosebank, focused on computer vision and related responsibilities.","SME","Feature Engineering, Azure AI, Statistics"
"2696","IT Support Engineer","SALT","IT Recruitment","Gauteng","Roodepoort","Full-Time","0.3","Diploma","Not specified","No","Permanent","IT Support Engineer role at SALT based in Roodepoort, focused on security patches and related responsibilities.","SME","Hardware Troubleshooting, DNS, Active Directory, ITIL, ServiceNow, Server Maintenance, Hyper-V"
"2697","DevOps Engineer","Catch Recruit","Banking, Finance, Insurance","Not Specified","Not Specified","Permanent","0.3","Bachelor's","Not specified","No","Permanent","DevOps Engineer role at Catch Recruit based in Not Specified, focused on cloud architecture and related responsibilities.","Large","GitLab CI, ELK Stack, Terraform, Python, Serverless, Containerisation"
"2698","Information Technology Officer","Abalobi Solutions","IT & Telecommunications","Not Specified","Not Specified","Full-Time","6.5","Bachelor's","Not specified","No","Permanent","Information Technology Officer role at Abalobi Solutions based in Not Specified, focused on network management and related responsibilities.","SME","ITIL, Documentation, Compliance, IT Strategy, Linux, Windows, Vendor Management"
"2699","Business Analyst (Learning Management Systems)","Unique Personnel","FMCG, Retail, Wholesale","Western Cape","Wynberg","Full-Time","4.2","Not Specified","Information Systems","No","Permanent","Business Analyst (Learning Management Systems) role at Unique Personnel based in Wynberg, focused on requirements documentation and related responsibilities.","SME","SQL, Jira, Confluence, Documentation, Digital Transformation, SDLC, ERP Implementation, Requirements Elicitation"
"2700","IT Generalist","Eskom","IT Consulting","Gauteng","Johannesburg North","Full-Time","7.1","Diploma","Not specified","No","Contract","IT Generalist role at Eskom based in Johannesburg North, focused on software installation and related responsibilities.","SME","IT Strategy, ITIL, Documentation, Active Directory"
"2701","Infrastructure Engineer","Titanium Talent","IT & Telecommunications","Gauteng","Johannesburg","Full-Time","2.7","Not Specified","Not specified","No","Permanent","Infrastructure Engineer role at Titanium Talent based in Johannesburg, focused on monitoring and related responsibilities.","SME","CI/CD, ELK Stack, Helm, Docker, GitLab CI, Ansible, Cloud Architecture"
"2702","IT Support Engineer","Anglo American","IT & Telecommunications","Gauteng","Melrose Arch","Full-Time","6.9","Diploma","Not specified","No","Permanent","IT Support Engineer role at Anglo American based in Melrose Arch, focused on troubleshooting and related responsibilities.","SME","Office 365, Intune, Backup & Recovery"
"2703","IT Coordinator","Eskom","Engineering, Technical, Manufacturing","Remote / Not Specified","Remote","Full-Time","4.3","Bachelor's","Not specified","No","Permanent","IT Coordinator role at Eskom based in Remote, focused on system administration and related responsibilities.","SME","Networking, Software Installation, Hardware, IT Strategy, Windows"
"2704","Python Developer","Mediro ICT Recruitment","Not Specified","Western Cape","Cape Town","Contract","4.4","Bachelor's","Software Engineering","No","Contract","Python Developer role at Mediro ICT Recruitment based in Cape Town, focused on software design and related responsibilities.","SME","Vue.js, Kotlin, Software Design, Python, TypeScript, Entity Framework"
"2705","Infrastructure Automation Engineer","IBM","IT & Telecommunications","Gauteng","Johannesburg","Full-Time","7.9","Bachelor's","Not specified","No","Permanent","Infrastructure Automation Engineer role at IBM based in Johannesburg, focused on CI/CD and related responsibilities.","SME","Python, Docker, PowerShell, Grafana, GCP"
"2706","Technology Consultant","The Individual Touch","IT & Telecommunications","Gauteng","Centurion","Full-Time","0.5","Bachelor's","Not specified","No","Permanent","Technology Consultant role at The Individual Touch based in Centurion, focused on digital transformation and related responsibilities.","SME","Digital Transformation, Dynamics 365, BRDs, Solution Design"
"2707","IT Technician","Gold Fields","IT & Telecommunications","Gauteng","Midrand","Permanent","3.0","Bachelor's","Not specified","No","Permanent","IT Technician role at Gold Fields based in Midrand, focused on security patches and related responsibilities.","SME","Backup & Recovery, TCP/IP, Firewalls"
"2708","Business Analyst (Banking)","Reworks Solution LLC","IT & Telecommunications","Gauteng","Johannesburg","Full-Time","4.8","Bachelor's","Business Administration","No","Permanent","Business Analyst (Banking) role at Reworks Solution LLC based in Johannesburg, focused on UAT and related responsibilities.","SME","Jira, Change Management, Digital Transformation, BRDs, Power BI, SQL"
"2709","Senior Data Scientist","BHP","IT & Telecommunications","Gauteng","Midrand","Permanent","6.7","Master's","Statistics","No","Permanent","Senior Data Scientist role at BHP based in Midrand, focused on statistical analysis and related responsibilities.","SME","Model Training, Feature Stores, Data Governance, AI, R, Data Visualisation, LLMs, Deep Learning"
"2710","UX Consultant","Momentum","Banking, Finance, Insurance","Not Specified","Not Specified","Full-Time","0.7","Bachelor's","Interaction Design","No","Permanent","UX Consultant role at Momentum based in Not Specified, focused on usability testing and related responsibilities.","SME","Visual Design, CSS, Accessibility"
"2711","Manual Tester","Career Lab Pty Ltd","IT & Telecommunications","Gauteng","Johannesburg","Full-Time","0.6","Bachelor's","Not specified","No","Contract","Manual Tester role at Career Lab Pty Ltd based in Johannesburg, focused on test automation and related responsibilities.","SME","Cypress, UAT, Bug Tracking, API Testing, Python, Java, Postman"
"2712","IT Project Manager","Catch Recruit","Education & Training","Western Cape","Cape Town","Contract","8.6","Not Specified","Not specified","No","Contract","IT Project Manager role at Catch Recruit based in Cape Town, focused on agile delivery and related responsibilities.","SME","Confluence, PMP, PRINCE2, Waterfall, Change Management, Scrum, PMO, Stakeholder Management"
"2713","Senior Data Analyst","Ability Recruitment","Business Services","KwaZulu-Natal","Durban","Full-Time","7.7","Certification","Not specified","No","Permanent","Senior Data Analyst role at Ability Recruitment based in Durban, focused on data visualisation and related responsibilities.","SME","BI, Statistical Analysis, Tableau, Data Mapping, Business Strategy, Data Governance"
"2714","Data Engineer - Lead","Denel","IT & Telecommunications","Not Specified","Not Specified","Full-Time","9.0","Bachelor's","Not specified","No","Permanent","Data Engineer - Lead role at Denel based in Not Specified, focused on data integration and related responsibilities.","SME","Hadoop, Data Modelling, Power BI, Airflow, Data Lakes, Python, Databricks, SQL"
"2715","Desktop Support Technician","wePlace (Pty) Ltd","IT Recruitment","Gauteng","Pretoria","Full-Time","4.9","Bachelor's","Not specified","Yes","Permanent","Desktop Support Technician role at wePlace (Pty) Ltd based in Pretoria, focused on security patches and related responsibilities.","SME","Printers, Backup & Recovery, ITIL, Hardware Troubleshooting, Hyper-V, Desktop Support"
"2716","Senior ETL Developer & Database Administrator","BHP","Business Services","Gauteng","Johannesburg North","Contract","6.0","Diploma","Not specified","No","Contract","Senior ETL Developer & Database Administrator role at BHP based in Johannesburg North, focused on cloud data platforms and related responsibilities.","Large","Azure Data Factory, Hadoop, Databricks, ETL, Data Modelling"
"2717","Digital Marketing Specialist","cloudandthings.io","Not Specified","KwaZulu-Natal","Durban","Full-Time","4.9","Bachelor's","Not specified","No","Permanent","Digital Marketing Specialist role at cloudandthings.io based in Durban, focused on vendor management and related responsibilities.","SME","Communication, Time Management, Project Management, Teamwork, Microsoft Office"
"2718","Developer and Data Engineer","BHP","IT & Telecommunications","Western Cape","Cape Town","Full-Time","4.2","Bachelor's","Not specified","No","Permanent","Developer and Data Engineer role at BHP based in Cape Town, focused on cloud data platforms and related responsibilities.","SME","GCP, Azure, ETL, ELT, Dataflow, Microsoft Fabric, Data Architecture, Hadoop"
"2719","ICT Technician","The Foschini Group","IT & Telecommunications","Not Specified","Not Specified","Full-Time","2.1","Not Specified","Not specified","No","Permanent","ICT Technician role at The Foschini Group based in Not Specified, focused on server management and related responsibilities.","SME","Hyper-V, Desktop Support, ITIL, DNS"
"2720","IT Project Manager","Network IT","Not Specified","Remote / Not Specified","Remote","Contract","8.2","Bachelor's","Not specified","No","Contract","IT Project Manager role at Network IT based in Remote, focused on project planning and related responsibilities.","Large","SAFe, Stakeholder Management, Resource Management"
"2721","SAP Functional Consultant","Old Mutual","IT & Telecommunications","Gauteng","Johannesburg","Full-Time","6.7","Bachelor's","Not specified","No","Permanent","SAP Functional Consultant role at Old Mutual based in Johannesburg, focused on requirements gathering and related responsibilities.","SME","IT Strategy, SAP Ariba, Project Management, Vendor Management, SDLC Governance, Digital Transformation"
"2722","Data Engineer - Databricks","Computer Experts Personnel","IT & Telecommunications","Western Cape","Cape Winelands: Stellenbosch","Full-Time","4.8","Bachelor's","Not specified","No","Contract","Data Engineer - Databricks role at Computer Experts Personnel based in Cape Winelands: Stellenbosch, focused on data pipelines and related responsibilities.","SME","ELT, ETL, Data Architecture, Azure Data Lake, Data Pipelines, SQL, Spark"
"2723","Java Developer","E-Merge IT Recruitment","IT & Telecommunications","Western Cape","Stellenbosch","Contract","0.6","Not Specified","Software Engineering","No","Contract","Java Developer role at E-Merge IT Recruitment based in Stellenbosch, focused on testing and related responsibilities.","SME","JavaScript, Microservices, Java, C++, OOP"
"2724","Java Developer","Salix Recruitment","IT & Telecommunications","Not Specified","Not Specified","Full-Time","4.5","Not Specified","Software Engineering","No","Contract","Java Developer role at Salix Recruitment based in Not Specified, focused on software design and related responsibilities.","SME","Docker, ASP.NET, CI/CD, Node.js, Java, Vue.js, Code Review, Git"
"2725","Data Engineer - Lead","KPMG","IT & Telecommunications","Gauteng","Sandton","Full-Time","6.0","Bachelor's","Not specified","No","Permanent","Data Engineer - Lead role at KPMG based in Sandton, focused on data integration and related responsibilities.","SME","Microsoft Fabric, ETL, Python, Azure Data Factory, SSIS"
"2726","Data Scientist (Entry)","QE Services","Not Specified","Gauteng","Centurion","Full-Time","0.9","Honours","Data Science","No","Permanent","Data Scientist (Entry) role at QE Services based in Centurion, focused on statistical analysis and related responsibilities.","SME","ETL, Spark, Statistical Analysis, Pandas, Data Governance"
"2727","IT Project Manager","Prudent HR Solutions Pty Ltd","IT & Telecommunications","Gauteng","Johannesburg","Full-Time","6.9","Not Specified","Not specified","No","Permanent","IT Project Manager role at Prudent HR Solutions Pty Ltd based in Johannesburg, focused on stakeholder management and related responsibilities.","SME","Vendor Management, Stakeholder Management, Resource Management"
"2728","iOS Developer","DevologyX","IT Recruitment","Gauteng","Menlyn","Full-Time","7.9","Diploma","Computer Science","Yes","Permanent","iOS Developer role at DevologyX based in Menlyn, focused on code review and related responsibilities.","SME","Microservices, CI/CD, Spring Boot, React, Git, C++, JavaScript"
"2729","Database Developer","Amazon Web Services","IT & Telecommunications","Gauteng","Germiston","Full-Time","2.9","Bachelor's","Computer Science","No","Permanent","Database Developer role at Amazon Web Services based in Germiston, focused on ETL and related responsibilities.","SME","MongoDB, Database Design, T-SQL, Backup & Recovery, PostgreSQL, MySQL, SQL, SSIS"
"2730","Security Engineer","Paracon - Western Cape","Banking, Finance, Insurance","Not Specified","Not Specified","Contract","0.6","Bachelor's","Cyber Security","No","Contract","Security Engineer role at Paracon - Western Cape based in Not Specified, focused on security monitoring and related responsibilities.","SME","Vulnerability Management, IT Audit, IAM, GRC, Firewalls, Risk Assessment, Network Security"
"2731","Software Developer","Massmart","Not Specified","Western Cape","Rondebosch","Full-Time","4.1","Bachelor's","Computer Science","No","Permanent","Software Developer role at Massmart based in Rondebosch, focused on code review and related responsibilities.","SME","Kubernetes, Xamarin, Blazor, Flutter, Docker, Software Design"
"2732","TigerGraph Data Scientist","Ad-Hoc","IT & Telecommunications","KwaZulu-Natal","Pietermaritzburg","Contract","4.0","Bachelor's","Not specified","No","Contract","TigerGraph Data Scientist role at Ad-Hoc based in Pietermaritzburg, focused on data governance and related responsibilities.","SME","Graph Modelling, Model Training, MLOps"
"2733","Scrum Master","Sibanye-Stillwater","IT Recruitment","Western Cape","CPT - Northern Suburbs","Contract","0.6","Not Specified","Not specified","No","Contract","Scrum Master role at Sibanye-Stillwater based in CPT - Northern Suburbs, focused on project planning and related responsibilities.","SME","Agile, Waterfall, PMP, Risk Management, Budgeting"
"2734","Data Analyst (Business Intelligence focus)","iOCO","Not Specified","Western Cape","Somerset West","Full-Time","4.1","Bachelor's","Not specified","No","Permanent","Data Analyst (Business Intelligence focus) role at iOCO based in Somerset West, focused on reporting and related responsibilities.","SME","Reporting, Data Analysis, QlikSense"
"2735","Solutions Consultant","IBM","Banking, Finance, Insurance","Gauteng","Johannesburg","Full-Time","0.7","Bachelor's","Not specified","No","Permanent","Solutions Consultant role at IBM based in Johannesburg, focused on stakeholder engagement and related responsibilities.","SME","Digital Transformation, Stakeholder Management, Business Process Mapping, Functional Specs, SAP Ariba, Solution Design, Change Management"
"2736","Data Engineer - Lead","iLaunch (Pty) Ltd","IT & Telecommunications","Western Cape","Cape Town: Northern Suburbs","Full-Time","8.9","Bachelor's","Not specified","No","Permanent","Data Engineer - Lead role at iLaunch (Pty) Ltd based in Cape Town: Northern Suburbs, focused on data architecture and related responsibilities.","SME","Data Modelling, Azure Data Factory, Power BI, GCP, Spark, Data Pipelines, SQL"
"2737","Node.js Developer","MECS","IT & Telecommunications","Western Cape","Cape Town","Permanent","4.1","Not Specified","Engineering","No","Permanent","Node.js Developer role at MECS based in Cape Town, focused on code review and related responsibilities.","SME","Swift, Software Design, Vue.js, Entity Framework, Python, React, HTML, React Native"
"2738","Senior Machine Learning Engineer","Hicell V- Shops Pty Ltd","Not Specified","Gauteng","Johannesburg North","Full-Time","5.1","Not Specified","Not specified","Yes","Permanent","Senior Machine Learning Engineer role at Hicell V- Shops Pty Ltd based in Johannesburg North, focused on NLP and related responsibilities.","SME","NLP, Feature Engineering, TensorFlow"
"2739","SAP Expert Functional Consultant","Capitec Bank LTD","Engineering, Technical, Manufacturing","Gauteng","Pretoria","Full-Time","2.6","Bachelor's","Not specified","No","Permanent","SAP Expert Functional Consultant role at Capitec Bank LTD based in Pretoria, focused on requirements gathering and related responsibilities.","SME","SDLC Governance, Salesforce, Project Management, Functional Specs, Requirements Gathering, ERP, IT Strategy"
"2740","Software Engineer","The Talent Room","Banking, Finance, Insurance","Gauteng","Johannesburg North","Contract","4.8","Bachelor's","Information Technology","Yes","Contract","Software Engineer role at The Talent Room based in Johannesburg North, focused on code review and related responsibilities.","SME","Docker, Kotlin, Software Design, Code Review, ASP.NET"
"2741","IT Generalist","Excellent Staffing","Not Specified","Gauteng","Johannesburg","Full-Time","4.0","Bachelor's","Not specified","No","Permanent","IT Generalist role at Excellent Staffing based in Johannesburg, focused on software installation and related responsibilities.","Large","Software Installation, Networking, Documentation, Hardware, Microsoft 365, Compliance, Budgeting"
"2742","Senior Software Developer","Massmart","IT & Telecommunications","Western Cape","Cape Town","Full-Time","5.5","Bachelor's","Computer Science","No","Contract","Senior Software Developer role at Massmart based in Cape Town, focused on agile development and related responsibilities.","SME","Docker, React, CSS, .NET, Kubernetes, HTML"
"2743","Digital Marketing Specialist","Goldenrule","IT & Telecommunications","Gauteng","Johannesburg North","Full-Time","2.3","Not Specified","Not specified","No","Permanent","Digital Marketing Specialist role at Goldenrule based in Johannesburg North, focused on project coordination and related responsibilities.","SME","Project Management, Teamwork, Time Management, Microsoft Office, Communication, Customer Service, Problem Solving, Documentation"
"2744","Build/Release Engineer","The Recruitment Pig","IT & Telecommunications","Not Specified","Not Specified","Full-Time","0.2","Bachelor's","Not specified","No","Permanent","Build/Release Engineer role at The Recruitment Pig based in Not Specified, focused on CI/CD and related responsibilities.","SME","GitLab CI, Python, Bash"
"2745","Security Operations Analyst","SALT","IT & Telecommunications","Gauteng","Pretoria","Full-Time","0.7","Bachelor's","Information Technology","No","Permanent","Security Operations Analyst role at SALT based in Pretoria, focused on security monitoring and related responsibilities.","Large","SOC, IT Audit, Network Security, CISA, Forensics, POPIA, Compliance, SIEM"
"2746","Spring Boot Developer","Catch Recruit","Banking, Finance, Insurance","Gauteng","Sandton","Full-Time","6.8","Bachelor's","Software Engineering","No","Permanent","Spring Boot Developer role at Catch Recruit based in Sandton, focused on API development and related responsibilities.","SME","Kubernetes, Kotlin, Docker, Angular"
"2747","Data Entry Clerk","DevologyX","IT & Telecommunications","Gauteng","Rosebank","Full-Time","1.7","Not Specified","Not specified","No","Permanent","Data Entry Clerk role at DevologyX based in Rosebank, focused on technical support and related responsibilities.","SME","Documentation, Teamwork, Data Entry, Project Management, Microsoft Office, Time Management, Customer Service, Problem Solving"
"2748","Data Scientist","Reworks Solution LLC","Banking, Finance, Insurance","Gauteng","Roodepoort","Contract","2.8","Master's","Computer Science","No","Contract","Data Scientist role at Reworks Solution LLC based in Roodepoort, focused on model training and related responsibilities.","SME","Deep Learning, MLOps, Cloud Data Platforms, Data Modelling, Feature Stores"
"2749","Network Technician","Network Finance.","Engineering, Technical, Manufacturing","Gauteng","Midrand","Permanent","7.8","Bachelor's","Information Technology","No","Permanent","Network Technician role at Network Finance. based in Midrand, focused on telecom systems and related responsibilities.","SME","Network Design, Network Monitoring, VoIP, LAN, Cisco, CCNP, WAN"
"2750","Post-Sales Engineer","Zeal HR","IT & Telecommunications","Gauteng","Randburg","Full-Time","2.0","Bachelor's","Not specified","No","Permanent","Post-Sales Engineer role at Zeal HR based in Randburg, focused on vendor management and related responsibilities.","SME","Project Management, Data Entry, Problem Solving"
"2751","SAP Expert Functional Consultant","Humankind Group","Banking, Finance, Insurance","Gauteng","Centurion","Full-Time","4.8","Bachelor's","Not specified","Yes","Permanent","SAP Expert Functional Consultant role at Humankind Group based in Centurion, focused on solution design and related responsibilities.","SME","Vendor Management, ServiceNow, Digital Transformation, Scrum, Change Management, SAP Ariba, Process Flows"
"2752","Senior Data Scientist","Pick n Pay","IT Recruitment","Western Cape","Cape Town","Full-Time","6.2","Honours","Computer Science","No","Permanent","Senior Data Scientist role at Pick n Pay based in Cape Town, focused on data governance and related responsibilities.","SME","Statistical Analysis, Data Governance, Data Visualisation, Predictive Modelling"
"2753","PMO Analyst","Paracon - Western Cape","Recruitment","Gauteng","Johannesburg","Full-Time","4.4","Bachelor's","Not specified","No","Permanent","PMO Analyst role at Paracon - Western Cape based in Johannesburg, focused on budgeting and related responsibilities.","SME","Agile, SDLC, Resource Management, PMP, Waterfall, Scrum"
"2754","Python Developer","Data Monkey (PTY) LTD","IT Recruitment","Western Cape","Cape Town: City Bowl","Full-Time","4.6","Not Specified","Computer Science","No","Permanent","Python Developer role at Data Monkey (PTY) LTD based in Cape Town: City Bowl, focused on API development and related responsibilities.","SME","HTML, C#, Git, Vue.js, PHP, TDD, MVC"
"2755","Intermediate Software Developer","Abalobi Solutions","Media, Advertising, PR","Gauteng","Johannesburg","Full-Time","4.4","Not Specified","Engineering","No","Permanent","Intermediate Software Developer role at Abalobi Solutions based in Johannesburg, focused on software design and related responsibilities.","SME","CI/CD, React, HTML, Microservices"
"2756","UX/UI Designer","TAC Recruitment","IT Recruitment","Gauteng","Johannesburg North","Full-Time","3.0","Not Specified","Graphic Design","No","Contract","UX/UI Designer role at TAC Recruitment based in Johannesburg North, focused on usability testing and related responsibilities.","SME","CSS, Design Thinking, Figma, User Research, Interaction Design, Wireframing"
"2757","Delivery Manager","Old Mutual","IT Recruitment","Western Cape","CPT - Northern Suburbs","Contract","7.6","Not Specified","Not specified","No","Contract","Delivery Manager role at Old Mutual based in CPT - Northern Suburbs, focused on budgeting and related responsibilities.","SME","Scrum, Vendor Management, Agile, MS Project, Budgeting, Project Planning, SDLC"
"2758","Service Desk Analyst","BHP","IT Recruitment","Mpumalanga","Nelspruit","Contract","7.3","Not Specified","Not specified","No","Contract","Service Desk Analyst role at BHP based in Nelspruit, focused on security patches and related responsibilities.","SME","Desktop Support, ServiceNow, Exchange, Printers, Backup & Recovery, SCCM, Firewalls"
"2759","Senior Database Administrator","Prudent HR Solutions Pty Ltd","Banking, Finance, Insurance","Gauteng","Johannesburg","Full-Time","8.1","Not Specified","Information Systems","No","Permanent","Senior Database Administrator role at Prudent HR Solutions Pty Ltd based in Johannesburg, focused on data modelling and related responsibilities.","SME","Performance Tuning, Database Design, Backup & Recovery, SQL Server, T-SQL, MongoDB"
"2760","Network Engineer","Interdot","IT & Telecommunications","Not Specified","Not Specified","Full-Time","2.4","Not Specified","Networking","No","Permanent","Network Engineer role at Interdot based in Not Specified, focused on routing & switching and related responsibilities.","SME","Wireshark, CCNA, Wireless, VPN, Cisco"
"2761","Helpdesk Analyst","The Recruitment Pig","IT & Telecommunications","Gauteng","Johannesburg","Full-Time","4.7","Diploma","Not specified","No","Contract","Helpdesk Analyst role at The Recruitment Pig based in Johannesburg, focused on server management and related responsibilities.","SME","VMware, SCCM, DNS"
"2762","Delivery Manager","Old Mutual","IT & Telecommunications","Gauteng","Midrand","Full-Time","8.8","Honours","Not specified","No","Contract","Delivery Manager role at Old Mutual based in Midrand, focused on agile delivery and related responsibilities.","SME","Agile, Project Planning, Confluence, Budgeting, Vendor Management, MS Project, Stakeholder Management"
"2763","Quantitative Analyst","Falcorp Resourcing","IT & Telecommunications","Western Cape","Cape Town","Full-Time","0.1","Master's","Computer Science","No","Permanent","Quantitative Analyst role at Falcorp Resourcing based in Cape Town, focused on data pipelines and related responsibilities.","SME","NLP, NumPy, TensorFlow, Advanced Analytics"
"2764","IT Technician","Sanlam","IT Consulting","Gauteng","Johannesburg","Full-Time","6.2","Not Specified","Not specified","No","Permanent","IT Technician role at Sanlam based in Johannesburg, focused on system maintenance and related responsibilities.","SME","Firewalls, SCCM, VPN, Server Maintenance, Backup & Recovery"
"2765","Node.js Developer","Zeal HR","FMCG, Retail, Wholesale","Eastern Cape","Port Elizabeth","Full-Time","0.6","Not Specified","Information Technology","No","Permanent","Node.js Developer role at Zeal HR based in Port Elizabeth, focused on code review and related responsibilities.","Large","Docker, Vue.js, CI/CD, PHP, Spring Boot"
"2766","Data Engineer (Microsoft Fabric)","Absa","Education & Training","Western Cape","Cape Town","Full-Time","2.8","Bachelor's","Not specified","No","Permanent","Data Engineer (Microsoft Fabric) role at Absa based in Cape Town, focused on data warehousing and related responsibilities.","SME","Hadoop, Data Lakes, Databricks, GCP, CI/CD, Data Warehousing, Spark, ELT"
"2767","Business Analyst (Product Office)","iSanqa","IT & Telecommunications","Gauteng","Fourways","Full-Time","2.7","Not Specified","Not specified","No","Permanent","Business Analyst (Product Office) role at iSanqa based in Fourways, focused on process analysis and related responsibilities.","SME","Agile/Scrum, SQL, Documentation, Digital Transformation"
"2768","Telecom Technician","BCX","IT & Telecommunications","Western Cape","Cape Town","Full-Time","4.7","Not Specified","Telecommunications","No","Permanent","Telecom Technician role at BCX based in Cape Town, focused on routing & switching and related responsibilities.","SME","CCNA, CCNP, Wireshark, Wireless, BGP, Network Infrastructure, MPLS"
"2769","Service Desk Analyst","NBC Holdings Pty Ltd","Banking, Finance, Insurance","Not Specified","Not Specified","Contract","0.3","Bachelor's","Not specified","No","Contract","Service Desk Analyst role at NBC Holdings Pty Ltd based in Not Specified, focused on troubleshooting and related responsibilities.","Large","SharePoint, Office 365, VPN, Microsoft 365, Backup & Recovery, DHCP, TCP/IP, SCCM"
"2770","IT Systems Administrator","Google","IT & Telecommunications","Remote / Not Specified","Remote","Full-Time","4.4","Bachelor's","Not specified","No","Permanent","IT Systems Administrator role at Google based in Remote, focused on server management and related responsibilities.","SME","SCCM, Firewalls, Office 365, Windows Server, Server Maintenance, Patch Management, VMware, ServiceNow"
"2771","SEO Specialist","Microsoft","Not Specified","Gauteng","Midrand","Full-Time","7.1","Not Specified","Not specified","No","Permanent","SEO Specialist role at Microsoft based in Midrand, focused on documentation and related responsibilities.","SME","Microsoft Office, Teamwork, Problem Solving, Time Management, Data Entry, Communication, Customer Service"
"2772","Data Scientist (AI & Machine Learning)","Sabenza IT Recruitment","IT Recruitment","Not Specified","Not Specified","Permanent","7.4","Bachelor's","Data Science","No","Permanent","Data Scientist (AI & Machine Learning) role at Sabenza IT Recruitment based in Not Specified, focused on predictive modelling and related responsibilities.","SME","Model Training, Spark, TensorFlow, Data Pipelines"
"2773","Senior Software Developer","BCX","IT & Telecommunications","Western Cape","Cape Town","Full-Time","7.8","Diploma/Degree","Information Technology","No","Contract","Senior Software Developer role at BCX based in Cape Town, focused on code review and related responsibilities.","SME","Flutter, Microservices, Spring Boot, Node.js, Angular, C#, Xamarin"
"2774","Database Administrator","Datonomy Solutions","IT & Telecommunications","Western Cape","Cape Town","Full-Time","4.6","Not Specified","Information Technology","No","Contract","Database Administrator role at Datonomy Solutions based in Cape Town, focused on ETL and related responsibilities.","SME","MySQL, SQL, Oracle, SSIS, Indexing, T-SQL"
"2775","Systems Administrator","Amazon Web Services","IT & Telecommunications","Gauteng","Fourways","Full-Time","2.8","Not Specified","Not specified","No","Permanent","Systems Administrator role at Amazon Web Services based in Fourways, focused on troubleshooting and related responsibilities.","SME","Linux, DNS, Printers, VMware, Patch Management"
"2776","Cybersecurity Analyst","iLaunch (Pty) Ltd","IT & Telecommunications","Not Specified","Not Specified","Full-Time","7.9","Bachelor's","Information Technology","No","Permanent","Cybersecurity Analyst role at iLaunch (Pty) Ltd based in Not Specified, focused on compliance and related responsibilities.","SME","Splunk, Threat Intelligence, IT Audit, Cloud Security, EDR, CISA, POPIA, QRadar"
"2777","Interaction Designer","Sibanye-Stillwater","IT Recruitment","Gauteng","Johannesburg","Contract","0.3","Not Specified","Graphic Design","Partial","Contract","Interaction Designer role at Sibanye-Stillwater based in Johannesburg, focused on design systems and related responsibilities.","SME","Usability Testing, Visual Design, HTML, Information Architecture, Figma, Design Thinking, Accessibility"
"2778","Penetration Tester","Karebo Group","IT Recruitment","Gauteng","Johannesburg","Full-Time","4.2","Bachelor's","Computer Science","No","Permanent","Penetration Tester role at Karebo Group based in Johannesburg, focused on risk assessment and related responsibilities.","SME","Security Architecture, IAM, Forensics, SOC, Firewalls, GRC, IT Audit"
"2779","Business Analyst (Learning Management Systems)","Paracon - Western Cape","Not Specified","Gauteng","Sandton","Full-Time","4.1","Diploma","Business Administration","Yes","Permanent","Business Analyst (Learning Management Systems) role at Paracon - Western Cape based in Sandton, focused on requirements documentation and related responsibilities.","SME","SQL, Requirements Elicitation, ERP Implementation, Change Management, Digital Transformation"
"2780","Technology Consultant","Sanlam","IT & Telecommunications","KwaZulu-Natal","Richards Bay","Full-Time","2.3","Bachelor's","Not specified","No","Permanent","Technology Consultant role at Sanlam based in Richards Bay, focused on digital transformation and related responsibilities.","Large","Solution Design, Dynamics 365, ServiceNow, Change Management, SDLC Governance, Scrum"
"2781","Intermediate Software Developer","Catch Recruit","Banking, Finance, Insurance","Western Cape","Cape Town","Full-Time","4.5","Bachelor's","Computer Science","No","Permanent","Intermediate Software Developer role at Catch Recruit based in Cape Town, focused on system architecture and related responsibilities.","SME","Code Review, Laravel, Vue.js, React, Flutter"
"2782","Computer Vision Engineer","bbe Recruitment","Banking, Finance, Insurance","Gauteng","Pretoria","Full-Time","0.6","Not Specified","Not specified","No","Permanent","Computer Vision Engineer role at bbe Recruitment based in Pretoria, focused on NLP and related responsibilities.","SME","Speech Recognition, Machine Learning, Statistics, RAG"
"2783","IT Generalist","BHP","IT & Telecommunications","Not Specified","Not Specified","Full-Time","7.8","Bachelor's","Not specified","Yes","Permanent","IT Generalist role at BHP based in Not Specified, focused on software installation and related responsibilities.","SME","Active Directory, Windows, Vendor Management, Microsoft 365, Budgeting, Software Installation, Linux, Networking"
"2784","QA Analyst","iOCO","IT Recruitment","Gauteng","Johannesburg","Full-Time","6.2","Bachelor's","Not specified","No","Permanent","QA Analyst role at iOCO based in Johannesburg, focused on API testing and related responsibilities.","Large","JUnit, Playwright, JMeter, C#, Agile Testing, Cypress"
"2785","Node.js Developer","Datafin IT Recruitment","IT & Telecommunications","Gauteng","Johannesburg","Full-Time","1.0","Bachelor's","Not specified","No","Permanent","Node.js Developer role at Datafin IT Recruitment based in Johannesburg, focused on system architecture and related responsibilities.","Large","Swift, .NET Core, Flutter, C++, ASP.NET, HTML, Node.js"
"2786","Frontend Developer","Staff Unlimited","IT Consulting","Remote / Not Specified","Remote","Full-Time","4.5","Bachelor's","Information Technology","No","Contract","Frontend Developer role at Staff Unlimited based in Remote, focused on deployment and related responsibilities.","SME","Microservices, JavaScript, C#"
"2787","ServiceNow Consultant","Unique Personnel","Mining","Gauteng","Johannesburg","Full-Time","4.7","Bachelor's","Not specified","No","Contract","ServiceNow Consultant role at Unique Personnel based in Johannesburg, focused on requirements gathering and related responsibilities.","SME","Project Management, ServiceNow, IT Strategy, Vendor Management"
"2788","IT Business Development Manager","Sabenza IT Recruitment","IT & Telecommunications","Western Cape","Cape Town","Full-Time","6.3","Bachelor's","Not specified","No","Permanent","IT Business Development Manager role at Sabenza IT Recruitment based in Cape Town, focused on training and related responsibilities.","SME","Problem Solving, Customer Service, Project Management, Communication, Time Management"
"2789","Desktop Support Technician","Sasol","IT & Telecommunications","Gauteng","Johannesburg","Full-Time","2.4","Diploma","Not specified","No","Permanent","Desktop Support Technician role at Sasol based in Johannesburg, focused on server management and related responsibilities.","SME","Desktop Support, Active Directory, Firewalls"
"2790","BI Analyst","First National Bank","IT Recruitment","Gauteng","Tshwane (Pretoria)","Full-Time","10.4","Bachelor's","Not specified","No","Contract","BI Analyst role at First National Bank based in Tshwane (Pretoria), focused on data visualisation and related responsibilities.","SME","SQL, Excel, ETL, Data Warehousing, Data Governance, Statistical Analysis, Power BI, Data Analysis"
"2791","Cloud Architect","RedM Professional Services","IT & Telecommunications","Not Specified","Not Specified","Full-Time","5.0","Bachelor's","Not specified","No","Permanent","Cloud Architect role at RedM Professional Services based in Not Specified, focused on deployment pipelines and related responsibilities.","SME","Containerisation, ELK Stack, Linux, Azure, AWS"
"2792","UI Designer","RedM Professional Services","IT Recruitment","Gauteng","Johannesburg","Full-Time","7.3","Not Specified","Interaction Design","No","Contract","UI Designer role at RedM Professional Services based in Johannesburg, focused on usability testing and related responsibilities.","SME","Responsive Design, Wireframing, Figma"
"2793","Technology Consultant","Ability Recruitment","Agriculture, Forestry, Environmental","Western Cape","Stellenbosch","Full-Time","4.1","Bachelor's","Not specified","No","Permanent","Technology Consultant role at Ability Recruitment based in Stellenbosch, focused on solution design and related responsibilities.","SME","Business Process Mapping, Solution Design, SAP, SDLC Governance, Salesforce, Functional Specs, ServiceNow"
"2794","Data Engineer - Databricks","Datonomy Solutions","IT Recruitment","Gauteng","Johannesburg","Full-Time","4.9","Bachelor's","Not specified","No","Permanent","Data Engineer - Databricks role at Datonomy Solutions based in Johannesburg, focused on data pipelines and related responsibilities.","SME","Data Integration, Airflow, Data Lakes, Data Modelling, Azure"
"2795","C# Developer","QE Services","IT & Telecommunications","Western Cape","Stellenbosch","Full-Time","7.6","Bachelor's","Information Technology","No","Permanent","C# Developer role at QE Services based in Stellenbosch, focused on system architecture and related responsibilities.","SME","CSS, MVC, Blazor"
"2796","SAP Ariba Functional Lead Consultant","Gold Fields","Banking, Finance, Insurance","Gauteng","Johannesburg","Full-Time","5.8","Bachelor's","Not specified","No","Permanent","SAP Ariba Functional Lead Consultant role at Gold Fields based in Johannesburg, focused on requirements gathering and related responsibilities.","SME","Dynamics 365, Change Management, Business Process Mapping"
"2797","Vue.js Developer","The Recruitment Pig","Not Specified","Gauteng","Johannesburg","Full-Time","0.8","Bachelor's","Not specified","Yes","Permanent","Vue.js Developer role at The Recruitment Pig based in Johannesburg, focused on software design and related responsibilities.","SME","Swift, C#, CI/CD"
"2798","Fleet and Data Analyst","TAC Recruitment","Business Services","KwaZulu-Natal","Durban Central","Full-Time","0.4","Bachelor's","Not specified","No","Contract","Fleet and Data Analyst role at TAC Recruitment based in Durban Central, focused on dashboards and related responsibilities.","SME","Process Improvement, ETL, Data Governance, Anomaly Detection, Fraud Detection"
"2799","ServiceNow Consultant","Discovery","IT & Telecommunications","Gauteng","Johannesburg","Full-Time","4.9","Not Specified","Not specified","Yes","Permanent","ServiceNow Consultant role at Discovery based in Johannesburg, focused on solution design and related responsibilities.","SME","Agile, Vendor Management, ERP, Dynamics 365, Requirements Gathering"
"2800","UI Designer","Abalobi Solutions","Banking, Finance, Insurance","Not Specified","Not Specified","Full-Time","0.7","Bachelor's","Graphic Design","No","Permanent","UI Designer role at Abalobi Solutions based in Not Specified, focused on user research and related responsibilities.","SME","Interaction Design, Responsive Design, Usability Testing"
"2801","Network Technician","Nambiti Technologies (Pty) Ltd","Banking, Finance, Insurance","Gauteng","Menlyn","Full-Time","4.1","Bachelor's","Information Technology","No","Permanent","Network Technician role at Nambiti Technologies (Pty) Ltd based in Menlyn, focused on routing & switching and related responsibilities.","SME","SD-WAN, RF, Routing & Switching, Wireless, WAN, LAN"
"2802","AI Automation Engineer","Massmart","IT & Telecommunications","Western Cape","Cape Town: Southern Suburbs","Full-Time","0.9","Honours","Not specified","Yes","Permanent","AI Automation Engineer role at Massmart based in Cape Town: Southern Suburbs, focused on NLP and related responsibilities.","SME","MLOps, TensorFlow, AWS SageMaker, scikit-learn, Neural Networks"
"2803","Software Developer II","Hicell V- Shops Pty Ltd","Energy & Clean Tech","Gauteng","Johannesburg","Full-Time","0.9","Bachelor's","Computer Science","Yes","Contract","Software Developer II role at Hicell V- Shops Pty Ltd based in Johannesburg, focused on code review and related responsibilities.","SME","Microservices, Vue.js, Xamarin, Angular, JavaScript, CI/CD, Code Review, ASP.NET"
"2804","Full Stack Developer","iSanqa","IT & Telecommunications","Gauteng","Centurion","Full-Time","2.4","Diploma","Engineering","No","Permanent","Full Stack Developer role at iSanqa based in Centurion, focused on code review and related responsibilities.","SME","C#, Vue.js, Blazor, TypeScript"
"2805","Software Engineer","Titanium Talent","Not Specified","Western Cape","Stellenbosch","Contract","2.4","Bachelor's","Engineering","No","Contract","Software Engineer role at Titanium Talent based in Stellenbosch, focused on testing and related responsibilities.","SME","Python, Spring Boot, TypeScript, CI/CD, JavaScript, MVC, .NET Core, REST APIs"
"2806","IT Sales Executive","The Talent Room","IT & Telecommunications","KwaZulu-Natal","Durban","Full-Time","2.6","Diploma","Not specified","Yes","Permanent","IT Sales Executive role at The Talent Room based in Durban, focused on vendor management and related responsibilities.","SME","Communication, Project Management, Time Management, Microsoft Office"
"2807","IT Specialist","iLaunch (Pty) Ltd","IT & Telecommunications","Remote / Not Specified","Remote","Full-Time","0.6","Not Specified","Not specified","No","Permanent","IT Specialist role at iLaunch (Pty) Ltd based in Remote, focused on software installation and related responsibilities.","SME","ITIL, IT Strategy, Compliance, Budgeting, Microsoft 365, Vendor Management, IT Support"
"2808","Business Analyst (Managed Print Services)","Mediro ICT Recruitment","IT & Telecommunications","Western Cape","Cape Town","Full-Time","0.8","Bachelor's","Information Systems","No","Permanent","Business Analyst (Managed Print Services) role at Mediro ICT Recruitment based in Cape Town, focused on stakeholder engagement and related responsibilities.","SME","SOPs, Confluence, Data Mapping, Architecture Alignment"
"2809","IT Technician","Nambiti Technologies (Pty) Ltd","Not Specified","Western Cape","Cape Town: Southern Suburbs","Full-Time","5.0","National Diploma","Not specified","Yes","Permanent","IT Technician role at Nambiti Technologies (Pty) Ltd based in Cape Town: Southern Suburbs, focused on troubleshooting and related responsibilities.","SME","Hardware Troubleshooting, Server Maintenance, ServiceNow, Linux, Microsoft 365, Desktop Support"
"2810","SQL Developer","iLaunch (Pty) Ltd","IT & Telecommunications","Remote / Not Specified","Remote","Full-Time","0.3","Bachelor's","Not specified","No","Permanent","SQL Developer role at iLaunch (Pty) Ltd based in Remote, focused on data modelling and related responsibilities.","SME","Performance Tuning, Redis, MongoDB"
"2811","Business Analyst (Learning Management Systems)","PwC","Banking, Finance, Insurance","Western Cape","Cape Town","Full-Time","7.6","Bachelor's","Finance","No","Permanent","Business Analyst (Learning Management Systems) role at PwC based in Cape Town, focused on requirements documentation and related responsibilities.","Large","Functional Specs, SDLC, Data Mapping, Change Management"
"2812","Machine Learning Engineer","bbe Recruitment","IT & Telecommunications","Gauteng","Johannesburg North","Full-Time","4.9","Not Specified","Not specified","No","Contract","Machine Learning Engineer role at bbe Recruitment based in Johannesburg North, focused on deep learning and related responsibilities.","Large","Machine Learning, Computer Vision, Data Science"
"2813","Build/Release Engineer","Paracon - Western Cape","IT & Telecommunications","Gauteng","Bryanston","Full-Time","0.8","Bachelor's","Not specified","No","Permanent","Build/Release Engineer role at Paracon - Western Cape based in Bryanston, focused on infrastructure automation and related responsibilities.","SME","Helm, GitHub Actions, Azure"
"2814","Junior Business Analyst","Karebo Group","IT & Telecommunications","Not Specified","Not Specified","Full-Time","0.1","Bachelor's","Business Administration","No","Permanent","Junior Business Analyst role at Karebo Group based in Not Specified, focused on stakeholder engagement and related responsibilities.","SME","Requirements Gathering, Architecture Alignment, Digital Transformation, Business Process Improvement, Power BI, ERP Implementation, Functional Specs, SQL"
"2815","GRC Analyst","Abalobi Solutions","IT & Telecommunications","KwaZulu-Natal","Durban South","Full-Time","4.7","Bachelor's","Not specified","No","Permanent","GRC Analyst role at Abalobi Solutions based in Durban South, focused on compliance and related responsibilities.","SME","Cloud Security, Forensics, GRC, Splunk, Firewalls"
"2816","Business Analyst (Managed Print Services)","Eskom","IT & Telecommunications","Gauteng","Roodepoort","Full-Time","4.4","Bachelor's","Business Administration","No","Permanent","Business Analyst (Managed Print Services) role at Eskom based in Roodepoort, focused on requirements documentation and related responsibilities.","SME","Requirements Elicitation, Functional Specs, Agile/Scrum"
"2817","Junior Software Developer","Psybergate (Pty) Ltd","IT & Telecommunications","Not Specified","Not Specified","Full-Time","1.3","Diploma","Computer Science","No","Permanent","Junior Software Developer role at Psybergate (Pty) Ltd based in Not Specified, focused on code review and related responsibilities.","SME","Angular, Microservices, TDD, Xamarin, TypeScript, Entity Framework, Spring Boot"
"2818","Site Reliability Engineer","Titanium Talent","IT & Telecommunications","Western Cape","Stellenbosch","Full-Time","4.6","Not Specified","Not specified","Yes","Permanent","Site Reliability Engineer role at Titanium Talent based in Stellenbosch, focused on infrastructure automation and related responsibilities.","SME","DevOps, Linux, Serverless, Helm"
"2819","Mobile Developer","Discovery","Not Specified","Not Specified","Not Specified","Full-Time","0.3","Not Specified","Engineering","Yes","Permanent","Mobile Developer role at Discovery based in Not Specified, focused on API development and related responsibilities.","SME","Software Design, HTML, Vue.js, Git"
"2820","Software Engineer","Hicell V- Shops Pty Ltd","IT & Telecommunications","Remote / Not Specified","Remote","Full-Time","0.5","Bachelor's","Not specified","No","Permanent","Software Engineer role at Hicell V- Shops Pty Ltd based in Remote, focused on testing and related responsibilities.","SME","Angular, Node.js, TDD, React, Software Design, HTML"
"2821","Security Consultant","Gold Fields","IT & Telecommunications","Gauteng","Johannesburg North","Full-Time","1.0","Honours","Not specified","No","Permanent","Security Consultant role at Gold Fields based in Johannesburg North, focused on risk assessment and related responsibilities.","Large","Network Security, IAM, SIEM, Forensics"
"2822","Junior Data Scientist","Titanium Talent","IT & Telecommunications","Western Cape","Cape Town: Northern Suburbs","Full-Time","2.0","Master's","Data Science","No","Permanent","Junior Data Scientist role at Titanium Talent based in Cape Town: Northern Suburbs, focused on data pipelines and related responsibilities.","SME","Data Visualisation, TensorFlow, Graph Modelling"
"2823","Data Scientist - Agentic AI & MLOps","Gold Fields","IT & Telecommunications","Not Specified","Not Specified","Full-Time","4.5","Bachelor's","Data Science","No","Permanent","Data Scientist - Agentic AI & MLOps role at Gold Fields based in Not Specified, focused on data governance and related responsibilities.","SME","NumPy, Advanced Analytics, Deep Learning, AI, Feature Stores, Statistical Analysis, NLP"
"2824","Infrastructure Engineer","Microsoft","Not Specified","Gauteng","Menlyn","Full-Time","4.4","Bachelor's","Not specified","No","Permanent","Infrastructure Engineer role at Microsoft based in Menlyn, focused on deployment pipelines and related responsibilities.","SME","Linux, CI/CD, GitLab CI"
"2825","Data Solutions Analyst","Abalobi Solutions","IT & Telecommunications","Gauteng","Centurion","Full-Time","2.4","Bachelor's","Not specified","No","Contract","Data Solutions Analyst role at Abalobi Solutions based in Centurion, focused on dashboards and related responsibilities.","Large","Statistical Analysis, Anomaly Detection, Reporting, Process Improvement, ETL, Data Governance, Compliance Data, Data Visualisation"
"2826","Software Developer II","Credico Financial Services (Pty) Ltd","IT & Telecommunications","Remote / Not Specified","Remote","Full-Time","0.7","Bachelor's","Computer Science","No","Permanent","Software Developer II role at Credico Financial Services (Pty) Ltd based in Remote, focused on API development and related responsibilities.","SME","Git, TDD, Kubernetes, React Native, Flutter, Swift, C#, ASP.NET"
"2827","Data Specialist (Engineer/Scientist)","Discovery","IT & Telecommunications","Gauteng","Johannesburg North","Full-Time","2.6","Honours","Computer Science","No","Permanent","Data Specialist (Engineer/Scientist) role at Discovery based in Johannesburg North, focused on model training and related responsibilities.","SME","Graph Modelling, AI, Cloud Data Platforms, PyTorch"
"2828","Business Analyst (Commodities & Derivatives)","Colibri Recruitment","Engineering, Technical, Manufacturing","Gauteng","Rosebank","Full-Time","0.1","Bachelor's","Business Administration","No","Permanent","Business Analyst (Commodities & Derivatives) role at Colibri Recruitment based in Rosebank, focused on process analysis and related responsibilities.","SME","Power BI, Process Flows, SOPs, Documentation, Change Management"
"2829","Computer Vision Engineer","Excellent Staffing","IT & Telecommunications","Gauteng","Johannesburg","Full-Time","4.6","Not Specified","Not specified","No","Permanent","Computer Vision Engineer role at Excellent Staffing based in Johannesburg, focused on model development and related responsibilities.","SME","Data Science, AI, Statistics, Speech Recognition"
"2830","Backend Developer","Ability Recruitment","Mining","Gauteng","Johannesburg","Full-Time","2.4","Bachelor's","Information Technology","No","Permanent","Backend Developer role at Ability Recruitment based in Johannesburg, focused on system architecture and related responsibilities.","SME","Software Design, Vue.js, SDLC, HTML, C++, Microservices, .NET"
"2831","Cloud Engineer","Newsclip Media Monitoring (Pty) Ltd.","IT Recruitment","Gauteng","Johannesburg North","Full-Time","7.2","Diploma","Not specified","No","Contract","Cloud Engineer role at Newsclip Media Monitoring (Pty) Ltd. based in Johannesburg North, focused on deployment pipelines and related responsibilities.","SME","Site Reliability, CI/CD, Serverless, Python, Linux, GitHub Actions, Bash"
"2832","Data Scientist (Entry)","Shoprite","Engineering, Technical, Manufacturing","Gauteng","Roodepoort","Full-Time","1.2","Diploma","Data Science","No","Contract","Data Scientist (Entry) role at Shoprite based in Roodepoort, focused on data governance and related responsibilities.","SME","Model Training, Spark, NumPy, scikit-learn, Data Modelling"
"2833","Telecom Technician","EY","IT Recruitment","Western Cape","Cape Town","Full-Time","4.5","Diploma","Not specified","No","Permanent","Telecom Technician role at EY based in Cape Town, focused on network design and related responsibilities.","SME","Network Monitoring, MPLS, Routing & Switching, BGP, SD-WAN, Transmission, Cisco"
"2834","Machine Learning Engineer","Anglo American","IT & Telecommunications","Gauteng","Johannesburg","Full-Time","4.6","Not Specified","Not specified","No","Permanent","Machine Learning Engineer role at Anglo American based in Johannesburg, focused on MLOps and related responsibilities.","SME","MLOps, RAG, LangChain"
"2835","Software Developer","Nigel Frank International","IT & Telecommunications","Not Specified","Not Specified","Full-Time","6.7","Bachelor's","Information Technology","No","Permanent","Software Developer role at Nigel Frank International based in Not Specified, focused on testing and related responsibilities.","SME","Kotlin, OOP, MVC, Java, Flutter"
"2836","Platform Engineer","MECS","IT & Telecommunications","Gauteng","Johannesburg North","Full-Time","4.4","Not Specified","Not specified","No","Permanent","Platform Engineer role at MECS based in Johannesburg North, focused on infrastructure automation and related responsibilities.","SME","Terraform, Infrastructure as Code, DevOps, Kubernetes, Azure, Jenkins"
"2837","ICT Technician","Amazon Web Services","IT Recruitment","Gauteng","Johannesburg","Full-Time","4.7","Certification","Not specified","No","Permanent","ICT Technician role at Amazon Web Services based in Johannesburg, focused on network administration and related responsibilities.","SME","Active Directory, Firewalls, SCCM"
"2838","AWS Engineer","iSanqa","IT & Telecommunications","Gauteng","Menlyn","Full-Time","6.1","Bachelor's","Not specified","No","Permanent","AWS Engineer role at iSanqa based in Menlyn, focused on monitoring and related responsibilities.","Large","Azure, Kubernetes, Jenkins, Grafana, Containerisation"
"2839","IT Business Development Manager","Ad-Hoc","IT & Telecommunications","Gauteng","Midrand","Full-Time","5.8","Bachelor's","Not specified","No","Contract","IT Business Development Manager role at Ad-Hoc based in Midrand, focused on documentation and related responsibilities.","SME","Microsoft Office, Problem Solving, Documentation, Communication"
"2840","Data Scientist","Interdot","IT & Telecommunications","Gauteng","Johannesburg","Full-Time","0.9","Diploma","Statistics","No","Permanent","Data Scientist role at Interdot based in Johannesburg, focused on statistical analysis and related responsibilities.","SME","NLP, Advanced Analytics, ETL, EDA, Graph Modelling, Predictive Modelling"
"2841","Systems Administrator","Parvana","IT & Telecommunications","Gauteng","Fourways","Full-Time","4.8","Bachelor's","Not specified","No","Permanent","Systems Administrator role at Parvana based in Fourways, focused on security patches and related responsibilities.","SME","Active Directory, Hardware Troubleshooting, Firewalls, Linux"
"2842","Software Developer II","Microsoft","IT & Telecommunications","Not Specified","Not Specified","Contract","4.7","Diploma","Computer Science","No","Contract","Software Developer II role at Microsoft based in Not Specified, focused on software design and related responsibilities.","SME","MVC, Entity Framework, C++"
"2843","Azure Engineer","Computer Experts Personnel","IT & Telecommunications","Gauteng","Gauteng","Full-Time","0.5","Diploma","Not specified","No","Permanent","Azure Engineer role at Computer Experts Personnel based in Gauteng, focused on cloud architecture and related responsibilities.","SME","Containerisation, ELK Stack, Cloud Architecture"
"2844","5G Systems Engineer","Standard Bank","IT & Telecommunications","Western Cape","Wynberg","Full-Time","4.1","Bachelor's","Networking","No","Permanent","5G Systems Engineer role at Standard Bank based in Wynberg, focused on network design and related responsibilities.","SME","Network Security, LAN, CCNA, BGP, Fibre Optics, WAN, Wi-Fi 6"
"2845","Delivery Manager","Sandi Crowther Recruitment","IT & Telecommunications","Western Cape","Cape Town: City Bowl","Contract","6.8","Bachelor's","Not specified","No","Contract","Delivery Manager role at Sandi Crowther Recruitment based in Cape Town: City Bowl, focused on budgeting and related responsibilities.","SME","Stakeholder Management, PRINCE2, Jira, Reporting, Scrum"
"2846","Information Security Officer","Mediro ICT Recruitment","Mining","Western Cape","Cape Town","Full-Time","0.2","Not Specified","Computer Science","No","Permanent","Information Security Officer role at Mediro ICT Recruitment based in Cape Town, focused on compliance and related responsibilities.","SME","Risk Assessment, Compliance, CISA, SIEM, Security Architecture, IT Audit"
"2847","Database Administrator","Colibri Recruitment","IT & Telecommunications","Gauteng","Midrand","Full-Time","2.0","Bachelor's","Not specified","No","Permanent","Database Administrator role at Colibri Recruitment based in Midrand, focused on performance tuning and related responsibilities.","SME","Performance Tuning, Oracle, Data Warehousing, PL/SQL, Backup & Recovery, Redis, Database Design"
"2848","Content Manager","Absa","IT & Telecommunications","Gauteng","Johannesburg","Full-Time","9.0","Bachelor's","Not specified","Yes","Permanent","Content Manager role at Absa based in Johannesburg, focused on documentation and related responsibilities.","SME","Communication, Project Management, Problem Solving, Teamwork, Microsoft Office, Documentation"
"2849","IT Consultant","Communicate Finance","IT Recruitment","Gauteng","Johannesburg East","Contract","0.6","Bachelor's","Not specified","No","Contract","IT Consultant role at Communicate Finance based in Johannesburg East, focused on solution design and related responsibilities.","SME","IT Strategy, Stakeholder Management, Digital Transformation, ServiceNow"
"2850","Senior AI Engineer","Cartrack Pty Ltd","IT Recruitment","Western Cape","Stellenbosch","Full-Time","6.0","PhD","Not specified","No","Permanent","Senior AI Engineer role at Cartrack Pty Ltd based in Stellenbosch, focused on AI integration and related responsibilities.","SME","TensorFlow, RAG, LangChain"
"2851","Junior Software Developer","Nambiti Technologies (Pty) Ltd","IT & Telecommunications","Remote / Not Specified","Remote","Full-Time","1.8","Bachelor's","Information Technology","No","Permanent","Junior Software Developer role at Nambiti Technologies (Pty) Ltd based in Remote, focused on system architecture and related responsibilities.","SME","React Native, Entity Framework, TDD, .NET Core, Java, React"
"2852","Technology Consultant","Attain People","IT & Telecommunications","Gauteng","Johannesburg","Full-Time","4.2","Diploma","Not specified","No","Permanent","Technology Consultant role at Attain People based in Johannesburg, focused on digital transformation and related responsibilities.","Large","Vendor Management, Change Management, Stakeholder Management, Project Management, SDLC Governance, BRDs, Scrum, Agile"
"2853","AI Engineer (Expert)","DevologyX","IT & Telecommunications","Gauteng","Johannesburg","Full-Time","0.1","Bachelor's","Not specified","No","Permanent","AI Engineer (Expert) role at DevologyX based in Johannesburg, focused on deep learning and related responsibilities.","SME","Computer Vision, OpenAI API, RAG, Transformers, Deep Learning"
"2854","Performance Tester","Discovery","IT & Telecommunications","Not Specified","Not Specified","Full-Time","4.4","Bachelor's","Not specified","No","Permanent","Performance Tester role at Discovery based in Not Specified, focused on API testing and related responsibilities.","Large","Regression Testing, JUnit, C#, Jira, Java, Cypress, Performance Testing, API Testing"
"2855","AI Engineer","Absa","Mining","Western Cape","Cape Town","Full-Time","4.5","Bachelor's","Not specified","No","Contract","AI Engineer role at Absa based in Cape Town, focused on MLOps and related responsibilities.","SME","Machine Learning, Azure AI, TensorFlow"
"2856","Database Analyst","KPMG","IT & Telecommunications","Gauteng","Johannesburg North","Full-Time","4.7","Bachelor's","Information Systems","Yes","Permanent","Database Analyst role at KPMG based in Johannesburg North, focused on performance tuning and related responsibilities.","SME","High Availability, T-SQL, Replication, Indexing, Redis, MySQL, MongoDB, Oracle"
"2857","Data Scientist - Agentic AI & MLOps","TooMuchWifi","IT & Telecommunications","Not Specified","Not Specified","Full-Time","4.8","Diploma","Statistics","No","Permanent","Data Scientist - Agentic AI & MLOps role at TooMuchWifi based in Not Specified, focused on data governance and related responsibilities.","SME","Feature Stores, NumPy, Advanced Analytics, Deep Learning, Python, Machine Learning"
"2858","Backend Developer","Accenture","IT & Telecommunications","Western Cape","Cape Town","Full-Time","2.2","Not Specified","Not specified","No","Contract","Backend Developer role at Accenture based in Cape Town, focused on software design and related responsibilities.","SME","Python, TDD, MVC, Entity Framework, SDLC, React, C#, Microservices"
"2859","Product Owner","Tumaini Consulting","IT & Telecommunications","Not Specified","Not Specified","Full-Time","2.5","Bachelor's","Not specified","No","Permanent","Product Owner role at Tumaini Consulting based in Not Specified, focused on stakeholder management and related responsibilities.","Large","Budgeting, Vendor Management, PMP, SAFe, PRINCE2, PMO, Waterfall"
"2860","Fibre Optic Engineer","E-Merge IT Recruitment","IT & Telecommunications","Western Cape","Cape Town: City Bowl","Full-Time","2.8","Bachelor's","Information Technology","No","Permanent","Fibre Optic Engineer role at E-Merge IT Recruitment based in Cape Town: City Bowl, focused on routing & switching and related responsibilities.","SME","SD-WAN, 5G, RF, BGP, Wireshark, MPLS, Wi-Fi 6"
"2861","ServiceNow Consultant","Network IT","IT & Telecommunications","Gauteng","Pretoria","Full-Time","6.6","Not Specified","Not specified","No","Permanent","ServiceNow Consultant role at Network IT based in Pretoria, focused on digital transformation and related responsibilities.","SME","BRDs, SAP, SDLC Governance"
"2862","AWS Engineer","BHP","IT & Telecommunications","Western Cape","Cape Town","Full-Time","4.8","Bachelor's","Not specified","No","Permanent","AWS Engineer role at BHP based in Cape Town, focused on monitoring and related responsibilities.","SME","Prometheus, Microservices, CI/CD, Ansible, Python, ELK Stack"
"2863","Data Engineer - Databricks","Sandi Crowther Recruitment","Energy & Clean Tech","Gauteng","Menlyn","Full-Time","6.7","Bachelor's","Not specified","No","Permanent","Data Engineer - Databricks role at Sandi Crowther Recruitment based in Menlyn, focused on data pipelines and related responsibilities.","SME","Azure Data Factory, Spark, BigQuery, Python"
"2864","ICT Specialist","The Foschini Group","IT & Telecommunications","Gauteng","Johannesburg","Full-Time","7.1","Bachelor's","Not specified","No","Permanent","ICT Specialist role at The Foschini Group based in Johannesburg, focused on IT support and related responsibilities.","SME","ITIL, Project Management, Budgeting, Troubleshooting, IT Strategy, Linux"
"2865","Web Developer","Shoprite","IT & Telecommunications","Gauteng","Johannesburg","Full-Time","2.7","Bachelor's","Not specified","No","Permanent","Web Developer role at Shoprite based in Johannesburg, focused on deployment and related responsibilities.","SME","Python, Software Design, SDLC, ASP.NET"
"2866","Dynamics 365 Consultant","Computer Experts Personnel","IT Recruitment","Western Cape","CPT - Northern Suburbs","Full-Time","4.9","Diploma","Not specified","No","Permanent","Dynamics 365 Consultant role at Computer Experts Personnel based in CPT - Northern Suburbs, focused on solution design and related responsibilities.","SME","IT Strategy, SAP Ariba, SAP, Salesforce"
"2867","Frontend Developer","Sandi Crowther Recruitment","IT Consulting","Gauteng","Kempton Park","Full-Time","4.7","Diploma","Engineering","No","Permanent","Frontend Developer role at Sandi Crowther Recruitment based in Kempton Park, focused on agile development and related responsibilities.","Large","Spring Boot, .NET Core, C#, SDLC, Node.js"
"2868","Dynamics 365 Consultant","Datafin IT Recruitment","Banking, Finance, Insurance","Gauteng","Johannesburg North","Full-Time","4.3","Bachelor's","Not specified","Yes","Permanent","Dynamics 365 Consultant role at Datafin IT Recruitment based in Johannesburg North, focused on digital transformation and related responsibilities.","SME","SAP, Requirements Gathering, Change Management, Solution Design, Functional Specs, Scrum"
"2869","Quantitative Analyst","Prudent HR Solutions Pty Ltd","IT & Telecommunications","Gauteng","Johannesburg East","Full-Time","4.1","Bachelor's","Data Science","No","Permanent","Quantitative Analyst role at Prudent HR Solutions Pty Ltd based in Johannesburg East, focused on predictive modelling and related responsibilities.","SME","Graph Modelling, MLOps, EDA, SQL, Python, Data Governance, scikit-learn, Data Visualisation"
"2870","Test Automation Engineer","Exceed Human Resource Consultants","IT & Telecommunications","KwaZulu-Natal","Durban South","Full-Time","4.5","Bachelor's","Not specified","No","Permanent","Test Automation Engineer role at Exceed Human Resource Consultants based in Durban South, focused on performance testing and related responsibilities.","SME","JMeter, UAT, Jira, C#, Regression Testing"
"2871","Senior Software Developer","NBC Holdings Pty Ltd","IT & Telecommunications","Gauteng","Johannesburg North","Full-Time","5.3","Not Specified","Computer Science","No","Permanent","Senior Software Developer role at NBC Holdings Pty Ltd based in Johannesburg North, focused on API development and related responsibilities.","SME","Kubernetes, .NET Core, Laravel, MVC, HTML, Code Review"
"2872","Product Owner","SALT","IT Recruitment","Not Specified","Not Specified","Full-Time","6.9","Bachelor's","Not specified","No","Permanent","Product Owner role at SALT based in Not Specified, focused on project planning and related responsibilities.","SME","PRINCE2, Budgeting, Reporting"
"2873","Developer and Data Engineer","Communicate IT","IT & Telecommunications","Not Specified","Not Specified","Full-Time","4.2","Diploma","Not specified","No","Permanent","Developer and Data Engineer role at Communicate IT based in Not Specified, focused on ETL and related responsibilities.","SME","Cloud Data Solutions, AWS, ETL, Data Lakes"
"2874","Vue.js Developer","Credico Financial Services (Pty) Ltd","IT Consulting","Gauteng","Centurion","Full-Time","2.8","Bachelor's","Computer Science","No","Permanent","Vue.js Developer role at Credico Financial Services (Pty) Ltd based in Centurion, focused on API development and related responsibilities.","SME",".NET, React, Blazor, Swift, Software Design, Git, MVC"
"2875","React Developer","Network Contracting Solutions","IT & Telecommunications","Western Cape","Cape Town: Helderberg","Full-Time","6.4","Not Specified","Computer Science","No","Contract","React Developer role at Network Contracting Solutions based in Cape Town: Helderberg, focused on agile development and related responsibilities.","SME","Git, PHP, OOP, .NET, Python, C#"
"2876","Dynamics 365 Consultant","Interdot","IT Recruitment","Western Cape","Stellenbosch","Full-Time","0.7","Bachelor's","Not specified","Yes","Permanent","Dynamics 365 Consultant role at Interdot based in Stellenbosch, focused on stakeholder engagement and related responsibilities.","SME","ERP, Solution Design, Scrum, Requirements Gathering, Vendor Management"
"2877","SAP Ariba Functional Lead Consultant","Eskom","IT Recruitment","Not Specified","Not Specified","Full-Time","5.6","Bachelor's","Not specified","No","Permanent","SAP Ariba Functional Lead Consultant role at Eskom based in Not Specified, focused on digital transformation and related responsibilities.","SME","ServiceNow, Dynamics 365, Digital Transformation, Functional Specs"
"2878","Senior ETL Developer & Database Administrator","Gold Fields","IT Consulting","Gauteng","Johannesburg","Full-Time","6.5","Honours","Not specified","No","Permanent","Senior ETL Developer & Database Administrator role at Gold Fields based in Johannesburg, focused on data pipelines and related responsibilities.","Large","Cloud Data Solutions, Kafka, Azure Data Lake, Dataflow, Data Integration"
"2879","Protocol Software Developer","DevologyX","IT Recruitment","Western Cape","Cape Town","Full-Time","0.1","Bachelor's","Software Engineering","No","Permanent","Protocol Software Developer role at DevologyX based in Cape Town, focused on agile development and related responsibilities.","SME","OOP, Swift, Java, Python, Spring Boot"
"2880",".NET Developer","Nigel Frank International","IT & Telecommunications","Western Cape","Cape Town","Full-Time","2.6","Not Specified","Not specified","No","Permanent",".NET Developer role at Nigel Frank International based in Cape Town, focused on code review and related responsibilities.","SME","Kubernetes, Java, C++, REST APIs, Vue.js, TDD, Python, Code Review"
"2881","Senior Business Analyst","IQbusiness","IT & Telecommunications","Gauteng","Johannesburg East","Full-Time","5.7","Not Specified","Business Administration","No","Permanent","Senior Business Analyst role at IQbusiness based in Johannesburg East, focused on requirements documentation and related responsibilities.","SME","Process Mapping, ERP Implementation, BRDs, Digital Transformation, Business Process Improvement, Requirements Elicitation, Change Management"
"2882","SQL Developer","DevologyX","IT & Telecommunications","Western Cape","Cape Town","Full-Time","4.5","Bachelor's","Information Technology","No","Permanent","SQL Developer role at DevologyX based in Cape Town, focused on ETL and related responsibilities.","Large","Performance Tuning, Redis, Backup & Recovery, Database Design, MySQL, T-SQL, Replication, SSIS"
"2883","Temp Systems Administrator","Old Mutual","IT & Telecommunications","Not Specified","Not Specified","Full-Time","0.7","Not Specified","Not specified","Yes","Permanent","Temp Systems Administrator role at Old Mutual based in Not Specified, focused on security patches and related responsibilities.","SME","Printers, Networking, Hyper-V, SharePoint, Office 365, Patch Management"
"2884","Angular Developer","Exceed Human Resource Consultants","IT & Telecommunications","Gauteng","Johannesburg","Full-Time","11.0","Bachelor's","Computer Science","No","Permanent","Angular Developer role at Exceed Human Resource Consultants based in Johannesburg, focused on testing and related responsibilities.","SME","SDLC, PHP, JavaScript"
"2885","Database Developer","Professional Recruitment Partners","IT & Telecommunications","Not Specified","Not Specified","Full-Time","2.1","Bachelor's","Information Technology","No","Permanent","Database Developer role at Professional Recruitment Partners based in Not Specified, focused on backup & recovery and related responsibilities.","SME","SQL, ETL, PostgreSQL, MongoDB"
"2886","Finance Data Analyst","The Foschini Group","IT & Telecommunications","Gauteng","Midrand","Full-Time","7.2","Bachelor's","Not specified","No","Permanent","Finance Data Analyst role at The Foschini Group based in Midrand, focused on data analysis and related responsibilities.","SME","Azure Data Fundamentals, Process Improvement, Data Mapping, Business Strategy, SQL"
"2887","QA Lead","iLaunch (Pty) Ltd","Not Specified","Western Cape","CPT - Northern Suburbs","Full-Time","6.2","Not Specified","Not specified","No","Contract","QA Lead role at iLaunch (Pty) Ltd based in CPT - Northern Suburbs, focused on bug tracking and related responsibilities.","SME","TestNG, Manual Testing, JUnit, Test Automation, API Testing, Regression Testing"
"2888","IT Trainer","Shoprite","IT Recruitment","Gauteng","Johannesburg North","Contract","4.8","Bachelor's","Not specified","No","Contract","IT Trainer role at Shoprite based in Johannesburg North, focused on documentation and related responsibilities.","Large","Communication, Data Entry, Documentation, Teamwork, Time Management, Customer Service, Problem Solving"
"2889","Build/Release Engineer","Capita South Africa","Banking, Finance, Insurance","Gauteng","Johannesburg","Full-Time","7.9","Bachelor's","Not specified","No","Permanent","Build/Release Engineer role at Capita South Africa based in Johannesburg, focused on cloud architecture and related responsibilities.","SME","AWS, Terraform, Grafana, Kubernetes, Python, DevOps"
"2890","Software Developer II","Gold Fields","Banking, Finance, Insurance","Not Specified","Not Specified","Full-Time","2.0","Not Specified","Computer Science","No","Permanent","Software Developer II role at Gold Fields based in Not Specified, focused on agile development and related responsibilities.","SME","Kotlin, Laravel, React, Microservices, Spring Boot, Swift, Code Review, SDLC"
"2891","Senior ETL Developer & Database Administrator","Colibri Recruitment","IT & Telecommunications","Gauteng","Pretoria","Full-Time","7.3","Bachelor's","Not specified","No","Permanent","Senior ETL Developer & Database Administrator role at Colibri Recruitment based in Pretoria, focused on data warehousing and related responsibilities.","SME","Azure Data Factory, Databricks, Azure, Azure Data Lake, Kafka, Hadoop, Data Modelling, Data Lakes"
"2892","Junior Business Analyst","Sandi Crowther Recruitment","IT & Telecommunications","Gauteng","Sandton","Full-Time","0.2","Bachelor's","Finance","No","Permanent","Junior Business Analyst role at Sandi Crowther Recruitment based in Sandton, focused on process analysis and related responsibilities.","SME","Data Mapping, Business Process Improvement, Process Flows, Confluence, Process Mapping, Power BI, Requirements Gathering"
"2893","Junior Software Developer","Momentum","Agriculture, Forestry, Environmental","Gauteng","Pretoria","Full-Time","0.8","Bachelor's","Engineering","No","Contract","Junior Software Developer role at Momentum based in Pretoria, focused on code review and related responsibilities.","SME","Python, Java, OOP, Kubernetes, MVC, C++, Kotlin"
"2894","Node.js Developer","IQbusiness","IT & Telecommunications","Gauteng","Midrand","Full-Time","0.5","Bachelor's","Computer Science","No","Permanent","Node.js Developer role at IQbusiness based in Midrand, focused on deployment and related responsibilities.","SME","Blazor, MVC, JavaScript"
"2895","IT Coordinator","Sibanye-Stillwater","IT & Telecommunications","KwaZulu-Natal","Pietermaritzburg","Full-Time","0.2","Not Specified","Not specified","No","Contract","IT Coordinator role at Sibanye-Stillwater based in Pietermaritzburg, focused on system administration and related responsibilities.","Large","Compliance, Microsoft 365, Documentation"
"2896","Cybersecurity Engineer","Anglo American","IT & Telecommunications","Not Specified","Not Specified","Full-Time","0.3","Bachelor's","Information Technology","No","Permanent","Cybersecurity Engineer role at Anglo American based in Not Specified, focused on security monitoring and related responsibilities.","SME","Cloud Security, CISA, SIEM, SOC, POPIA, CISSP, Vulnerability Management, GRC"
"2897","Fibre Optic Engineer","BCX","Banking, Finance, Insurance","Western Cape","Cape Town","Full-Time","4.6","Bachelor's","Engineering","No","Permanent","Fibre Optic Engineer role at BCX based in Cape Town, focused on wireless and related responsibilities.","Large","Fibre Optics, RF, Network Monitoring, WAN, Routing & Switching"
"2898","Vue.js Developer","Data Monkey (PTY) LTD","IT & Telecommunications","KwaZulu-Natal","Durban","Full-Time","4.3","Bachelor's","Information Technology","No","Permanent","Vue.js Developer role at Data Monkey (PTY) LTD based in Durban, focused on agile development and related responsibilities.","SME","Blazor, CI/CD, Vue.js, Microservices, Kubernetes, SDLC"
"2899","Desktop Support Technician","Career Lab Pty Ltd","Engineering, Technical, Manufacturing","Gauteng","Centurion","Full-Time","6.2","Bachelor's","Not specified","No","Contract","Desktop Support Technician role at Career Lab Pty Ltd based in Centurion, focused on security patches and related responsibilities.","SME","Microsoft 365, DNS, Linux, Active Directory"
"2900","Security Consultant","Eskom","IT & Telecommunications","Not Specified","Not Specified","Full-Time","0.2","Bachelor's","Cyber Security","No","Permanent","Security Consultant role at Eskom based in Not Specified, focused on risk assessment and related responsibilities.","SME","Vulnerability Management, Splunk, IAM, Penetration Testing, Firewalls"
"2901","IT Technician","Nigel Frank International","FMCG, Retail, Wholesale","Western Cape","Cape Town","Full-Time","4.9","Bachelor's","Not specified","No","Permanent","IT Technician role at Nigel Frank International based in Cape Town, focused on user support and related responsibilities.","SME","ITIL, Intune, Windows Server"
"2902","Data Engineer (Microsoft Fabric)","Pick n Pay","Media, Advertising, PR","Gauteng","Centurion","Full-Time","0.5","Bachelor's","Not specified","No","Permanent","Data Engineer (Microsoft Fabric) role at Pick n Pay based in Centurion, focused on data pipelines and related responsibilities.","SME","Databricks, ELT, Azure Data Factory"
"2903","Azure Engineer","Top Recruitment","Not Specified","Not Specified","Not Specified","Full-Time","4.5","Not Specified","Not specified","Yes","Permanent","Azure Engineer role at Top Recruitment based in Not Specified, focused on monitoring and related responsibilities.","SME","Azure, Python, AWS, Grafana, CI/CD, GitHub Actions, DevOps"
"2904","Machine Learning Engineer","Attain People","IT & Telecommunications","Gauteng","Johannesburg","Contract","7.0","Master's","Not specified","No","Contract","Machine Learning Engineer role at Attain People based in Johannesburg, focused on model development and related responsibilities.","SME","Reinforcement Learning, LLMs, Model Deployment"
"2905","Field Support Engineer","Catch Recruit","IT & Telecommunications","Western Cape","Cape Town","Full-Time","6.6","National Diploma","Not specified","No","Permanent","Field Support Engineer role at Catch Recruit based in Cape Town, focused on network administration and related responsibilities.","SME","Windows Server, Microsoft 365, Hyper-V, ITIL, VMware, ServiceNow, Ticketing Systems, DNS"
"2906","Solutions Consultant","The Foschini Group","Banking, Finance, Insurance","Not Specified","Not Specified","Full-Time","0.9","Not Specified","Not specified","No","Permanent","Solutions Consultant role at The Foschini Group based in Not Specified, focused on solution design and related responsibilities.","SME","Dynamics 365, Vendor Management, ServiceNow, Functional Specs, Stakeholder Management, Digital Transformation, Solution Design"
"2907","Intermediate Data Engineer","Datonomy Solutions","IT & Telecommunications","Gauteng","Centurion","Contract","4.4","Certification","Not specified","No","Contract","Intermediate Data Engineer role at Datonomy Solutions based in Centurion, focused on data pipelines and related responsibilities.","SME","Data Lakes, BigQuery, SQL, Data Warehousing"
"2908","SEO Specialist","Datafin IT Recruitment","IT & Telecommunications","Western Cape","Cape Town","Full-Time","4.8","National Diploma","Not specified","No","Contract","SEO Specialist role at Datafin IT Recruitment based in Cape Town, focused on technical support and related responsibilities.","SME","Project Management, Communication, Microsoft Office, Documentation, Time Management, Data Entry, Customer Service, Problem Solving"
"2909","Vue.js Developer","Tumaini Consulting","IT & Telecommunications","Gauteng","Midrand","Full-Time","1.0","Bachelor's","Not specified","No","Permanent","Vue.js Developer role at Tumaini Consulting based in Midrand, focused on deployment and related responsibilities.","Large","TypeScript, Vue.js, Python, PHP, React Native"
"2910","Temp Systems Administrator","Discovery","IT & Telecommunications","Not Specified","Not Specified","Full-Time","6.6","Bachelor's","Not specified","No","Permanent","Temp Systems Administrator role at Discovery based in Not Specified, focused on network administration and related responsibilities.","SME","Server Maintenance, Linux, Backup & Recovery, Windows Server"
"2911","Data Scientist (Pipeline)","E and D Recruiters","IT & Telecommunications","Western Cape","Cape Town: City Bowl","Permanent","2.8","Bachelor's","Data Science","Yes","Permanent","Data Scientist (Pipeline) role at E and D Recruiters based in Cape Town: City Bowl, focused on data pipelines and related responsibilities.","Large","Feature Stores, TensorFlow, Data Modelling, Statistical Analysis, Advanced Analytics, Deep Learning"
"2912","AI Engineer","Reworks Solution LLC","IT & Telecommunications","Gauteng","Johannesburg North","Full-Time","5.0","Not Specified","Not specified","Yes","Contract","AI Engineer role at Reworks Solution LLC based in Johannesburg North, focused on AI integration and related responsibilities.","SME","Model Deployment, Statistics, Transformers, Reinforcement Learning, Neural Networks, RAG, MLOps"
"2913","Data Scientist","Sabenza IT Recruitment","IT & Telecommunications","Gauteng","Randburg","Full-Time","11.9","Bachelor's","Data Science","No","Permanent","Data Scientist role at Sabenza IT Recruitment based in Randburg, focused on data governance and related responsibilities.","SME","NumPy, Data Governance, R"
"2914","BI Analyst","Catch Recruit","IT Consulting","Western Cape","Cape Town","Full-Time","7.3","Bachelor's","Not specified","No","Permanent","BI Analyst role at Catch Recruit based in Cape Town, focused on BI development and related responsibilities.","SME","QlikSense, Process Improvement, Azure Data Fundamentals"
"2915","Quantitative Analyst","Interdot","IT & Telecommunications","Gauteng","Johannesburg North","Full-Time","4.2","Bachelor's","Statistics","No","Contract","Quantitative Analyst role at Interdot based in Johannesburg North, focused on predictive modelling and related responsibilities.","SME","Data Visualisation, Pandas, MLOps"
"2916","ICT Officer","Paracon - Western Cape","Banking, Finance, Insurance","Gauteng","Sandton","Full-Time","0.7","Bachelor's","Not specified","No","Permanent","ICT Officer role at Paracon - Western Cape based in Sandton, focused on software installation and related responsibilities.","SME","ITIL, Documentation, Vendor Management"
"2917","DevOps Engineer","AO Connect Solutions","IT Consulting","Gauteng","Ekurhuleni (East Rand)","Full-Time","4.6","Diploma","Not specified","No","Permanent","DevOps Engineer role at AO Connect Solutions based in Ekurhuleni (East Rand), focused on deployment pipelines and related responsibilities.","SME","AWS, Ansible, GitHub Actions"
"2918","Web Developer","Sanlam","IT Recruitment","Western Cape","Cape Town","Full-Time","2.9","Not Specified","Software Engineering","No","Permanent","Web Developer role at Sanlam based in Cape Town, focused on software design and related responsibilities.","SME","Blazor, PHP, React"
"2919","Senior Data Analyst","Parvana","Mining","Remote / Not Specified","Remote","Full-Time","7.4","Bachelor's","Not specified","No","Permanent","Senior Data Analyst role at Parvana based in Remote, focused on reporting and related responsibilities.","SME","Financial Data Analysis, SQL, Compliance Data, Excel, Data Governance, Power BI"
"2920","Computer Vision Engineer","PwC","IT & Telecommunications","Gauteng","Menlyn","Full-Time","0.6","Diploma","Not specified","No","Permanent","Computer Vision Engineer role at PwC based in Menlyn, focused on MLOps and related responsibilities.","SME","Feature Engineering, scikit-learn, Transformers, Deep Learning, Reinforcement Learning, Machine Learning"
"2921","IT Project Manager","Paracon - Western Cape","IT & Telecommunications","Not Specified","Not Specified","Full-Time","6.8","Not Specified","Not specified","No","Permanent","IT Project Manager role at Paracon - Western Cape based in Not Specified, focused on project planning and related responsibilities.","SME","SDLC, PMP, Risk Management, Confluence, Jira, Change Management, Waterfall, MS Project"
"2922","Business Analyst (Learning Management Systems)","Catch Recruit","Banking, Finance, Insurance","Western Cape","Cape Town","Full-Time","4.4","Bachelor's","Finance","No","Permanent","Business Analyst (Learning Management Systems) role at Catch Recruit based in Cape Town, focused on requirements documentation and related responsibilities.","SME","SDLC, Change Management, Functional Specs"
"2923","IT Generalist","Eskom","IT & Telecommunications","Gauteng","Johannesburg","Full-Time","0.9","Not Specified","Not specified","No","Permanent","IT Generalist role at Eskom based in Johannesburg, focused on system administration and related responsibilities.","SME","ITIL, Budgeting, Linux, Vendor Management"
"2924","SAP Expert Functional Consultant","Computer Experts Personnel","IT & Telecommunications","Not Specified","Not Specified","Full-Time","4.6","Not Specified","Not specified","No","Contract","SAP Expert Functional Consultant role at Computer Experts Personnel based in Not Specified, focused on requirements gathering and related responsibilities.","SME","SAP Ariba, ServiceNow, Salesforce, Agile"
"2925","Threat Intelligence Analyst","Hicell V- Shops Pty Ltd","IT & Telecommunications","Eastern Cape","East London","Full-Time","7.2","Bachelor's","Cyber Security","No","Permanent","Threat Intelligence Analyst role at Hicell V- Shops Pty Ltd based in East London, focused on incident response and related responsibilities.","SME","Firewalls, IT Audit, POPIA"
"2926","Senior Business Analyst","RedM Professional Services","IT & Telecommunications","Gauteng","Midrand","Full-Time","5.7","Not Specified","Not specified","No","Contract","Senior Business Analyst role at RedM Professional Services based in Midrand, focused on stakeholder engagement and related responsibilities.","Large","Agile/Scrum, SDLC, Change Management"
"2927","Quantitative Analyst","Anglo American","Engineering, Technical, Manufacturing","KwaZulu-Natal","Durban","Full-Time","4.0","Bachelor's","Data Science","No","Permanent","Quantitative Analyst role at Anglo American based in Durban, focused on data pipelines and related responsibilities.","SME","Advanced Analytics, Pandas, R, Spark, NLP"
"2928","Web Developer","Parvana","IT & Telecommunications","Gauteng","Midrand","Full-Time","4.5","Not Specified","Computer Science","No","Permanent","Web Developer role at Parvana based in Midrand, focused on API development and related responsibilities.","SME","Entity Framework, C++, .NET Core"
"2929","IT Support Technician","Denel","Banking, Finance, Insurance","Gauteng","Johannesburg East","Full-Time","0.2","Bachelor's","Not specified","No","Permanent","IT Support Technician role at Denel based in Johannesburg East, focused on server management and related responsibilities.","SME","Hardware Troubleshooting, DHCP, Networking, Firewalls, VPN, Linux"
"2930","Data Scientist","Capita South Africa","IT & Telecommunications","Western Cape","Cape Town","Full-Time","4.2","Bachelor's","Computer Science","No","Permanent","Data Scientist role at Capita South Africa based in Cape Town, focused on model training and related responsibilities.","Large","RAG, NLP, Predictive Modelling, EDA, Data Modelling, PyTorch"
"2931","Frontend Developer","Zeal HR","IT & Telecommunications","KwaZulu-Natal","Durban South","Full-Time","4.8","Not Specified","Computer Science","No","Permanent","Frontend Developer role at Zeal HR based in Durban South, focused on API development and related responsibilities.","SME","Node.js, MVC, REST APIs, CI/CD, TypeScript, C++, Docker"
"2932","AI Software Developer","Future Careers","IT Consulting","Gauteng","Gauteng","Full-Time","2.1","PhD","Not specified","No","Permanent","AI Software Developer role at Future Careers based in Gauteng, focused on NLP and related responsibilities.","SME","RAG, NLP, Computer Vision, Feature Engineering, Deep Learning, Data Science, Speech Recognition"
"2933","Data Entry Clerk","Psybergate (Pty) Ltd","Education & Training","Gauteng","Centurion","Contract","1.3","Bachelor's","Not specified","No","Contract","Data Entry Clerk role at Psybergate (Pty) Ltd based in Centurion, focused on technical support and related responsibilities.","SME","Project Management, Problem Solving, Microsoft Office"
"2934","Temp Systems Administrator","Hicell V- Shops Pty Ltd","IT & Telecommunications","Gauteng","Midrand","Full-Time","2.6","Bachelor's","Not specified","No","Permanent","Temp Systems Administrator role at Hicell V- Shops Pty Ltd based in Midrand, focused on troubleshooting and related responsibilities.","SME","Networking, SharePoint, DNS"
"2935","NOC Engineer","E and D Recruiters","Business Services","Not Specified","Not Specified","Full-Time","7.5","Diploma","Telecommunications","No","Permanent","NOC Engineer role at E and D Recruiters based in Not Specified, focused on telecom systems and related responsibilities.","SME","CCNA, 5G, Transmission, Cisco, Network Infrastructure, VoIP"
"2936","Data Scientist (Entry)","The Individual Touch","IT Recruitment","Western Cape","Cape Town: Southern Suburbs","Contract","1.1","Diploma","Statistics","No","Contract","Data Scientist (Entry) role at The Individual Touch based in Cape Town: Southern Suburbs, focused on model training and related responsibilities.","SME","scikit-learn, Model Training, SQL, Data Governance, Data Visualisation, Advanced Analytics, Statistical Analysis"
"2937","Fleet and Data Analyst","Prudent HR Solutions Pty Ltd","IT & Telecommunications","Gauteng","Pretoria","Full-Time","0.8","Bachelor's","Not specified","No","Permanent","Fleet and Data Analyst role at Prudent HR Solutions Pty Ltd based in Pretoria, focused on BI development and related responsibilities.","SME","QlikSense, Statistical Analysis, Dashboards, Data Visualisation, Power BI, Data Warehousing, Data Cleansing"
"2938","GRC Analyst","Ad-Hoc","IT & Telecommunications","Western Cape","Cape Town: City Bowl","Full-Time","2.2","Bachelor's","Information Technology","No","Permanent","GRC Analyst role at Ad-Hoc based in Cape Town: City Bowl, focused on compliance and related responsibilities.","SME","CISA, SIEM, IAM, Security Architecture, Threat Intelligence, CISSP"
"2939","IT Business Development Manager","BHP","IT & Telecommunications","Not Specified","Not Specified","Full-Time","7.8","Not Specified","Not specified","No","Contract","IT Business Development Manager role at BHP based in Not Specified, focused on training and related responsibilities.","SME","Communication, Customer Service, Project Management, Problem Solving"
"2940","Data Engineer","Data Monkey (PTY) LTD","IT Consulting","Gauteng","Roodepoort","Full-Time","0.2","Bachelor's","Not specified","No","Permanent","Data Engineer role at Data Monkey (PTY) LTD based in Roodepoort, focused on data pipelines and related responsibilities.","SME","Cloud Data Solutions, Data Pipelines, Data Lakes, Python, ELT, Microsoft Fabric, Airflow, CI/CD"
"2941","Quantitative Analyst","Data Monkey (PTY) LTD","IT & Telecommunications","Gauteng","Midrand","Full-Time","0.8","Bachelor's","Data Science","No","Permanent","Quantitative Analyst role at Data Monkey (PTY) LTD based in Midrand, focused on model training and related responsibilities.","SME","Model Training, R, NLP, Python"
"2942","Cybersecurity Specialist","Interdot","FMCG, Retail, Wholesale","Gauteng","Sandton","Full-Time","6.1","Not Specified","Computer Science","No","Permanent","Cybersecurity Specialist role at Interdot based in Sandton, focused on risk assessment and related responsibilities.","SME","Incident Response, Compliance, IDS/IPS, Splunk, Firewalls, CISA, ISO 27001"
"2943","SAP Expert Functional Consultant","Goldman Tech Resourcing (Pty) Ltd","IT Consulting","Gauteng","Johannesburg","Full-Time","0.2","Bachelor's","Not specified","No","Permanent","SAP Expert Functional Consultant role at Goldman Tech Resourcing (Pty) Ltd based in Johannesburg, focused on process mapping and related responsibilities.","SME","ServiceNow, ERP, Scrum, Digital Transformation, Dynamics 365, Stakeholder Management, SAP Ariba"
"2944","Product Owner","Future Careers","IT & Telecommunications","Gauteng","Pretoria","Full-Time","0.9","Not Specified","Not specified","Yes","Permanent","Product Owner role at Future Careers based in Pretoria, focused on stakeholder management and related responsibilities.","SME","Budgeting, Agile, Vendor Management, Stakeholder Management, PRINCE2, SAFe"
"2945","Senior Software Developer","Datonomy Solutions","IT & Telecommunications","Gauteng","Johannesburg","Full-Time","6.0","Not Specified","Computer Science","No","Permanent","Senior Software Developer role at Datonomy Solutions based in Johannesburg, focused on code review and related responsibilities.","SME",".NET, Xamarin, Docker, Entity Framework, Kubernetes, Vue.js, PHP, HTML"
"2946","SEO Specialist","Computer Experts Personnel","IT & Telecommunications","Gauteng","Sandton","Full-Time","4.1","Bachelor's","Not specified","No","Permanent","SEO Specialist role at Computer Experts Personnel based in Sandton, focused on documentation and related responsibilities.","Large","Data Entry, Documentation, Microsoft Office, Time Management, Customer Service, Teamwork, Problem Solving"
"2947","Salesforce Consultant","Credico Financial Services (Pty) Ltd","Mining","Gauteng","Johannesburg North","Full-Time","4.7","Diploma","Not specified","No","Permanent","Salesforce Consultant role at Credico Financial Services (Pty) Ltd based in Johannesburg North, focused on process mapping and related responsibilities.","SME","SDLC Governance, Vendor Management, Agile, Process Flows, BRDs"
"2948","ISP Core Network Engineer","Datafin IT Recruitment","Banking, Finance, Insurance","Gauteng","Johannesburg","Full-Time","4.8","Bachelor's","Not specified","No","Permanent","ISP Core Network Engineer role at Datafin IT Recruitment based in Johannesburg, focused on routing & switching and related responsibilities.","SME","Network Infrastructure, Fibre Optics, CCNP, Network Monitoring, Wireless"
"2949","IT Project Manager","Old Mutual","IT & Telecommunications","Gauteng","Johannesburg","Full-Time","5.8","Not Specified","Not specified","No","Permanent","IT Project Manager role at Old Mutual based in Johannesburg, focused on risk management and related responsibilities.","SME","Risk Management, SDLC, Stakeholder Management, Agile, Scrum, Project Planning"
"2950","Node.js Developer","Network Finance.","Health, Fitness, Medical","Gauteng","Johannesburg","Full-Time","0.7","Bachelor's","Information Technology","No","Permanent","Node.js Developer role at Network Finance. based in Johannesburg, focused on testing and related responsibilities.","SME",".NET, Kotlin, Code Review, Git, REST APIs"
"2951","Mobile Developer","Interdot","IT & Telecommunications","Western Cape","Cape Town","Full-Time","4.5","Bachelor's","Computer Science","No","Permanent","Mobile Developer role at Interdot based in Cape Town, focused on API development and related responsibilities.","SME","HTML, SDLC, Java, C#, CI/CD, Python, Node.js"
"2952","iOS Developer","Nedbank","IT & Telecommunications","Gauteng","Sandton","Full-Time","2.7","Not Specified","Information Technology","No","Permanent","iOS Developer role at Nedbank based in Sandton, focused on deployment and related responsibilities.","SME","SQL, REST APIs, Laravel, Git, TypeScript, Docker"
"2953","DevOps Engineer","BCX","FMCG, Retail, Wholesale","KwaZulu-Natal","Durban South","Full-Time","0.2","Bachelor's","Not specified","No","Permanent","DevOps Engineer role at BCX based in Durban South, focused on containerisation and related responsibilities.","SME","Docker, DevOps, Ansible, PowerShell, Terraform"
"2954","Technical Writer","Super Save t/a Super Save","IT & Telecommunications","Not Specified","Not Specified","Full-Time","0.3","Bachelor's","Not specified","No","Permanent","Technical Writer role at Super Save t/a Super Save based in Not Specified, focused on technical support and related responsibilities.","SME","Communication, Data Entry, Microsoft Office, Project Management, Time Management"
"2955","SQL Developer","TAC Recruitment","IT & Telecommunications","Gauteng","Johannesburg","Full-Time","0.3","Not Specified","Information Systems","No","Permanent","SQL Developer role at TAC Recruitment based in Johannesburg, focused on data modelling and related responsibilities.","SME","Replication, SQL, T-SQL, Performance Tuning, High Availability"
"2956","ICT Specialist","Karebo Group","IT & Telecommunications","Western Cape","Cape Town","Full-Time","4.3","Certification","Not specified","No","Permanent","ICT Specialist role at Karebo Group based in Cape Town, focused on hardware maintenance and related responsibilities.","Large","Software Installation, Troubleshooting, Budgeting, Active Directory, Project Management"
"2957","Information Security Officer","Prudent HR Solutions Pty Ltd","IT & Telecommunications","Not Specified","Not Specified","Contract","4.5","Bachelor's","Computer Science","No","Contract","Information Security Officer role at Prudent HR Solutions Pty Ltd based in Not Specified, focused on compliance and related responsibilities.","SME","Forensics, Threat Intelligence, CISA, Firewalls, CISSP, ISO 27001, Vulnerability Management, IAM"
"2958","Security Engineer","Computer Experts Personnel","Not Specified","Western Cape","Cape Town: Southern Suburbs","Permanent","2.9","Not Specified","Cyber Security","No","Permanent","Security Engineer role at Computer Experts Personnel based in Cape Town: Southern Suburbs, focused on threat detection and related responsibilities.","SME","Security Architecture, QRadar, CompTIA Security+, Cloud Security, CISSP, IT Audit"
"2959","Junior QA Engineer","Capita South Africa","Engineering, Technical, Manufacturing","Gauteng","Centurion","Full-Time","0.6","Bachelor's","Not specified","No","Permanent","Junior QA Engineer role at Capita South Africa based in Centurion, focused on API testing and related responsibilities.","SME","CI/CD, Selenium, Postman, Python, Performance Testing, Java, Jira"
"2960","ICT Systems Administrator","Quest Staffing Solutions","IT & Telecommunications","Gauteng","Johannesburg","Full-Time","0.4","Certification","Not specified","No","Permanent","ICT Systems Administrator role at Quest Staffing Solutions based in Johannesburg, focused on user support and related responsibilities.","SME","Networking, SharePoint, DNS, TCP/IP"
"2961","MLOps Engineer","NBC Holdings Pty Ltd","IT & Telecommunications","Gauteng","Johannesburg","Full-Time","0.5","Bachelor's","Not specified","No","Permanent","MLOps Engineer role at NBC Holdings Pty Ltd based in Johannesburg, focused on AI integration and related responsibilities.","SME","Speech Recognition, Neural Networks, OpenAI API, Feature Engineering"
"2962","Collections Data Analyst","Datafin IT Recruitment","Banking, Finance, Insurance","Gauteng","Johannesburg","Full-Time","2.7","Bachelor's","Not specified","No","Contract","Collections Data Analyst role at Datafin IT Recruitment based in Johannesburg, focused on dashboards and related responsibilities.","SME","SQL, Data Cleansing, Statistical Analysis, Reporting, Data Analysis, Power BI"
"2963","Technical Consultant","IQbusiness","Business Services","Gauteng","Fourways","Full-Time","4.1","National Diploma/Degree","Not specified","No","Permanent","Technical Consultant role at IQbusiness based in Fourways, focused on solution design and related responsibilities.","SME","Salesforce, BRDs, ServiceNow, IT Strategy, Project Management, Business Process Mapping"
"2964","Data Engineer - Databricks","Vodacom","IT & Telecommunications","Gauteng","Johannesburg North","Full-Time","4.7","Not Specified","Not specified","No","Permanent","Data Engineer - Databricks role at Vodacom based in Johannesburg North, focused on data warehousing and related responsibilities.","Large","Data Pipelines, Data Warehousing, Data Modelling, Power BI"
"2965","Business Analyst & Product Owner","Karebo Group","Agriculture, Forestry, Environmental","Gauteng","JHB - Eastern Suburbs","Full-Time","4.2","Bachelor's","Not specified","No","Permanent","Business Analyst & Product Owner role at Karebo Group based in JHB - Eastern Suburbs, focused on requirements documentation and related responsibilities.","SME","SDLC, Digital Transformation, ERP Implementation, SOPs, Architecture Alignment"
"2966","Computer Vision Engineer","SALT","IT & Telecommunications","Gauteng","Midrand","Contract","2.6","Master's","Not specified","No","Contract","Computer Vision Engineer role at SALT based in Midrand, focused on NLP and related responsibilities.","SME","Neural Networks, LangChain, TensorFlow, scikit-learn, Data Science, RAG, NLP, Reinforcement Learning"
"2967","QA Engineer","SALT","Banking, Finance, Insurance","Gauteng","Fourways","Permanent","2.4","Bachelor's","Not specified","No","Permanent","QA Engineer role at SALT based in Fourways, focused on regression testing and related responsibilities.","SME","Regression Testing, Playwright, Test Automation"
"2968","SAP Supply Chain Functional Consultant","Hicell V- Shops Pty Ltd","IT & Telecommunications","Gauteng","Johannesburg East","Full-Time","4.0","Not Specified","Not specified","No","Permanent","SAP Supply Chain Functional Consultant role at Hicell V- Shops Pty Ltd based in Johannesburg East, focused on solution design and related responsibilities.","SME","Functional Specs, Project Management, SDLC Governance, ERP, Digital Transformation, Requirements Gathering, SAP Ariba, Vendor Management"
"2969","React Developer","Unique Personnel","IT & Telecommunications","Gauteng","Johannesburg","Full-Time","4.5","Not Specified","Not specified","No","Permanent","React Developer role at Unique Personnel based in Johannesburg, focused on software design and related responsibilities.","Large","PHP, Laravel, Swift, Microservices, C++, SDLC, SQL, Xamarin"
"2970","Data Scientist (Entry)","Massmart","Agriculture, Forestry, Environmental","Western Cape","Cape Town: Northern Suburbs","Full-Time","0.8","Bachelor's","Data Science","No","Permanent","Data Scientist (Entry) role at Massmart based in Cape Town: Northern Suburbs, focused on statistical analysis and related responsibilities.","Large","Predictive Modelling, scikit-learn, Python, TensorFlow, Feature Stores, Pandas"
"2971","Technical Consultant","Sanlam","IT & Telecommunications","Gauteng","Johannesburg","Full-Time","4.9","Bachelor's","Not specified","No","Permanent","Technical Consultant role at Sanlam based in Johannesburg, focused on digital transformation and related responsibilities.","SME","Requirements Gathering, Vendor Management, Dynamics 365, BRDs, Digital Transformation, Agile"
"2972","IT Consultant","Ability Recruitment","IT & Telecommunications","Not Specified","Not Specified","Learnership","2.9","Bachelor's","Not specified","No","Learnership","IT Consultant role at Ability Recruitment based in Not Specified, focused on requirements gathering and related responsibilities.","SME","Stakeholder Management, IT Strategy, SAP Ariba, Scrum"
"2973","SAP Functional Consultant","E-Merge IT Recruitment","IT Recruitment","Western Cape","Stellenbosch","Full-Time","6.3","Bachelor's","Not specified","Yes","Contract","SAP Functional Consultant role at E-Merge IT Recruitment based in Stellenbosch, focused on stakeholder engagement and related responsibilities.","SME","ERP, SDLC Governance, IT Strategy, ServiceNow, SAP, Scrum"
"2974","Data Scientist (Pipeline)","The Individual Touch","IT & Telecommunications","Western Cape","Stellenbosch","Contract","4.6","PhD","Computer Science","No","Contract","Data Scientist (Pipeline) role at The Individual Touch based in Stellenbosch, focused on statistical analysis and related responsibilities.","SME","Advanced Analytics, Feature Stores, Data Governance, ETL, MLOps"
"2975","Infrastructure Engineer","IQbusiness","IT & Telecommunications","Gauteng","Johannesburg","Full-Time","4.9","Not Specified","Not specified","No","Contract","Infrastructure Engineer role at IQbusiness based in Johannesburg, focused on cloud architecture and related responsibilities.","SME","DevOps, Ansible, Site Reliability, Serverless, GCP, Kubernetes, Infrastructure as Code"
"2976","iOS Developer","EY","IT & Telecommunications","Gauteng","Johannesburg North","Contract","7.9","Bachelor's","Engineering","No","Contract","iOS Developer role at EY based in Johannesburg North, focused on deployment and related responsibilities.","SME","Swift, JavaScript, Microservices, .NET Core, Angular"
"2977","SAP Ariba Functional Lead Consultant","Top Recruitment","IT & Telecommunications","Not Specified","Not Specified","Full-Time","7.2","Bachelor's","Not specified","No","Permanent","SAP Ariba Functional Lead Consultant role at Top Recruitment based in Not Specified, focused on solution design and related responsibilities.","SME","ServiceNow, Solution Design, SAP, Project Management, SDLC Governance, SAP Ariba, Requirements Gathering, Dynamics 365"
"2978","Dynamics 365 Consultant","Super Save t/a Super Save","IT Consulting","Gauteng","Fourways","Full-Time","4.1","Diploma","Not specified","Yes","Permanent","Dynamics 365 Consultant role at Super Save t/a Super Save based in Fourways, focused on digital transformation and related responsibilities.","Large","SAP Ariba, Agile, Scrum, BRDs, ServiceNow, SAP, SDLC Governance"
"2979","Senior DevOps Engineer","Newsclip Media Monitoring (Pty) Ltd.","Engineering, Technical, Manufacturing","Gauteng","Johannesburg North","Full-Time","8.7","Honours","Not specified","No","Permanent","Senior DevOps Engineer role at Newsclip Media Monitoring (Pty) Ltd. based in Johannesburg North, focused on cloud architecture and related responsibilities.","SME","Jenkins, Containerisation, GitHub Actions, Monitoring, GitLab CI"
"2980","Senior Data Scientist","Microsoft","Transport, Logistics & Freight","Gauteng","Pretoria","Full-Time","7.5","Honours","Computer Science","No","Permanent","Senior Data Scientist role at Microsoft based in Pretoria, focused on machine learning and related responsibilities.","SME","SQL, scikit-learn, R, Machine Learning, Advanced Analytics"
"2981","ICT Manager","Quest Staffing Solutions","IT & Telecommunications","Gauteng","Midrand","Full-Time","5.9","Bachelor's","Not specified","No","Permanent","ICT Manager role at Quest Staffing Solutions based in Midrand, focused on network management and related responsibilities.","Large","ITIL, Troubleshooting, Documentation, IT Support, Microsoft 365, Software Installation"
"2982","Technical Writer","PwC","Not Specified","Not Specified","Not Specified","Full-Time","4.0","Not Specified","Not specified","No","Permanent","Technical Writer role at PwC based in Not Specified, focused on vendor management and related responsibilities.","SME","Communication, Data Entry, Customer Service, Documentation, Project Management"
"2983","Data Scientist (Entry)","Sabenza IT Recruitment","FMCG, Retail, Wholesale","Western Cape","Cape Town","Full-Time","1.1","Bachelor's","Computer Science","No","Permanent","Data Scientist (Entry) role at Sabenza IT Recruitment based in Cape Town, focused on data pipelines and related responsibilities.","SME","Pandas, Cloud Data Platforms, RAG, Credit Risk Modelling, EDA, Data Visualisation"
"2984","React Developer","Eskom","IT & Telecommunications","Gauteng","Johannesburg","Full-Time","0.3","Not Specified","Computer Science","No","Permanent","React Developer role at Eskom based in Johannesburg, focused on API development and related responsibilities.","SME","React Native, Node.js, SQL, TypeScript"
"2985","Cloud Engineer","Discovery","Not Specified","KwaZulu-Natal","Pietermaritzburg","Full-Time","4.7","Bachelor's","Not specified","No","Permanent","Cloud Engineer role at Discovery based in Pietermaritzburg, focused on containerisation and related responsibilities.","Large","PowerShell, Grafana, Containerisation, AWS, Kubernetes, Python, CI/CD, Terraform"
"2986","Telecommunications Engineer","Gold Fields","IT & Telecommunications","Gauteng","Johannesburg","Full-Time","1.0","Bachelor's","Telecommunications","No","Permanent","Telecommunications Engineer role at Gold Fields based in Johannesburg, focused on network design and related responsibilities.","SME","Wi-Fi 6, VPN, CCNA"
"2987","ServiceNow Consultant","Abalobi Solutions","IT Consulting","Gauteng","Centurion","Full-Time","0.1","Not Specified","Not specified","No","Permanent","ServiceNow Consultant role at Abalobi Solutions based in Centurion, focused on process mapping and related responsibilities.","Large","Salesforce, SDLC Governance, Project Management, BRDs, Requirements Gathering, Functional Specs"
"2988","Senior Data Scientist","SALT","IT & Telecommunications","Western Cape","Cape Town","Full-Time","9.9","Bachelor's","Data Science","No","Permanent","Senior Data Scientist role at SALT based in Cape Town, focused on data governance and related responsibilities.","SME","ETL, Pandas, Predictive Modelling"
"2989","Vue.js Developer","IBM","IT Recruitment","Not Specified","Not Specified","Contract","0.8","Bachelor's","Not specified","Yes","Contract","Vue.js Developer role at IBM based in Not Specified, focused on system architecture and related responsibilities.","SME","CSS, Swift, Laravel, CI/CD, Entity Framework, SDLC, React Native, JavaScript"
"2990","Data Scientist","Datafin IT Recruitment","IT & Telecommunications","Western Cape","Cape Town","Full-Time","4.9","Bachelor's","Not specified","No","Permanent","Data Scientist role at Datafin IT Recruitment based in Cape Town, focused on predictive modelling and related responsibilities.","SME","Data Visualisation, scikit-learn, SQL"
"2991","Angular Developer","BCX","IT & Telecommunications","Gauteng","Pretoria","Full-Time","0.9","Bachelor's","Engineering","No","Permanent","Angular Developer role at BCX based in Pretoria, focused on agile development and related responsibilities.","Large","CSS, Python, Node.js, Code Review, Vue.js, Swift, PHP, Spring Boot"
"2992","AI Research Scientist","PM Connection","Education & Training","Gauteng","Johannesburg","Full-Time","0.7","Honours","Not specified","No","Permanent","AI Research Scientist role at PM Connection based in Johannesburg, focused on computer vision and related responsibilities.","SME","Feature Engineering, MLOps, AWS SageMaker, Machine Learning, RAG"
"2993","Service Desk Analyst","Catch Recruit","IT & Telecommunications","Gauteng","Johannesburg","Full-Time","0.6","Certification","Not specified","No","Permanent","Service Desk Analyst role at Catch Recruit based in Johannesburg, focused on troubleshooting and related responsibilities.","SME","VPN, ITIL, Linux, Intune, VMware"
"2994","Spring Boot Developer","E and D Recruiters","IT & Telecommunications","Gauteng","Centurion","Full-Time","0.4","Bachelor's","Information Technology","No","Permanent","Spring Boot Developer role at E and D Recruiters based in Centurion, focused on software design and related responsibilities.","SME","Node.js, CI/CD, TDD, Python, Vue.js, REST APIs"
"2995","Full Stack Developer","Deloitte","IT & Telecommunications","Gauteng","Johannesburg North","Full-Time","4.1","Bachelor's","Computer Science","No","Permanent","Full Stack Developer role at Deloitte based in Johannesburg North, focused on system architecture and related responsibilities.","SME","SQL, PHP, .NET Core, JavaScript"
"2996","Machine Learning Engineer","Capitec Bank LTD","IT & Telecommunications","Western Cape","Claremont","Full-Time","4.7","Not Specified","Not specified","No","Permanent","Machine Learning Engineer role at Capitec Bank LTD based in Claremont, focused on deep learning and related responsibilities.","SME","Model Deployment, scikit-learn, LangChain, PyTorch, Neural Networks, AWS SageMaker, Transformers, Data Science"
"2997","IT Support Technician","Hicell V- Shops Pty Ltd","IT & Telecommunications","Gauteng","Gauteng","Full-Time","4.4","National Diploma","Not specified","No","Permanent","IT Support Technician role at Hicell V- Shops Pty Ltd based in Gauteng, focused on troubleshooting and related responsibilities.","SME","ServiceNow, SharePoint, Exchange, TCP/IP"
"2998","Senior IT Project Manager","wePlace (Pty) Ltd","Banking, Finance, Insurance","Gauteng","Johannesburg","Full-Time","9.3","Bachelor's","Not specified","No","Permanent","Senior IT Project Manager role at wePlace (Pty) Ltd based in Johannesburg, focused on risk management and related responsibilities.","SME","Confluence, Risk Management, MS Project, PMP"
"2999","Junior Data Scientist","Sasol","Health, Fitness, Medical","Gauteng","Menlyn","Permanent","1.7","Master's","Data Science","No","Permanent","Junior Data Scientist role at Sasol based in Menlyn, focused on model training and related responsibilities.","SME","Cloud Data Platforms, RAG, TensorFlow, scikit-learn, Data Governance, Feature Stores, Statistical Analysis"
"3000","Data Specialist (Engineer/Scientist)","Nambiti Technologies (Pty) Ltd","Banking, Finance, Insurance","Gauteng","JHB - Northern Suburbs","Full-Time","4.5","Bachelor's","Data Science","No","Permanent","Data Specialist (Engineer/Scientist) role at Nambiti Technologies (Pty) Ltd based in JHB - Northern Suburbs, focused on data governance and related responsibilities.","SME","Model Training, Data Pipelines, NLP, EDA, Python, LLMs, ETL"
"3001","Systems Administrator","bbe Recruitment","IT & Telecommunications","Not Specified","Not Specified","Contract","4.6","Bachelor's","Not specified","No","Contract","Systems Administrator role at bbe Recruitment based in Not Specified, focused on troubleshooting and related responsibilities.","SME","Windows Server, Exchange, Backup & Recovery"
"3002","Business Analyst (Learning Management Systems)","MTN","IT Services","Western Cape","Cape Town","Full-Time","0.1","Not Specified","Information Systems","No","Permanent","Business Analyst (Learning Management Systems) role at MTN based in Cape Town, focused on stakeholder engagement and related responsibilities.","Large","Documentation, Power BI, Requirements Gathering, SQL, UAT, Confluence"
"3003","Junior Data Analyst","Telkom","IT & Telecommunications","Gauteng","Johannesburg","Full-Time","1.3","Not Specified","Not specified","No","Permanent","Junior Data Analyst role at Telkom based in Johannesburg, focused on dashboards and related responsibilities.","SME","BI, SQL, Business Strategy, Data Cleansing, Compliance Data, Data Visualisation"
"3004","DevOps Engineer","Denel","Not Specified","KwaZulu-Natal","Richards Bay","Full-Time","0.5","Diploma/Degree","Not specified","No","Permanent","DevOps Engineer role at Denel based in Richards Bay, focused on monitoring and related responsibilities.","SME","Containerisation, GitLab CI, Bash, DevOps, GCP, GitHub Actions"
"3005","TigerGraph Data Scientist","DevologyX","Health, Fitness, Medical","Eastern Cape","East London","Full-Time","4.3","Not Specified","Computer Science","No","Permanent","TigerGraph Data Scientist role at DevologyX based in East London, focused on model training and related responsibilities.","SME","R, SQL, Model Training, Data Governance, EDA, Statistical Analysis, Advanced Analytics"
"3006","Business Analyst (Technology)","Nigel Frank International","Not Specified","Not Specified","Not Specified","Full-Time","0.6","Not Specified","Business Administration","No","Permanent","Business Analyst (Technology) role at Nigel Frank International based in Not Specified, focused on requirements documentation and related responsibilities.","SME","Digital Transformation, Requirements Elicitation, Stakeholder Engagement, Business Process Improvement, BRDs, Documentation, Architecture Alignment"
"3007","Data Scientist - Agentic AI & MLOps","Credico Financial Services (Pty) Ltd","IT & Telecommunications","Western Cape","Somerset West","Contract","0.6","Honours","Not specified","No","Contract","Data Scientist - Agentic AI & MLOps role at Credico Financial Services (Pty) Ltd based in Somerset West, focused on EDA and related responsibilities.","Large","TensorFlow, Statistical Analysis, Data Visualisation, RAG, Spark, Data Governance, Data Pipelines, Graph Modelling"
"3008","Junior Software Developer","Parvana","Banking, Finance, Insurance","Gauteng","Pretoria","Full-Time","1.9","Bachelor's","Information Technology","No","Permanent","Junior Software Developer role at Parvana based in Pretoria, focused on API development and related responsibilities.","SME","REST APIs, PHP, Code Review, TDD, .NET Core, Kubernetes, Laravel, Kotlin"
"3009","Network Technician","The Foschini Group","IT & Telecommunications","Western Cape","Cape Town: City Bowl","Full-Time","0.6","Diploma","Networking","No","Permanent","Network Technician role at The Foschini Group based in Cape Town: City Bowl, focused on network security and related responsibilities.","SME","CCNA, Network Monitoring, Firewalls, Wi-Fi 6, CCNP, Wireless, RF"
"3010","Site Reliability Engineer","First National Bank","Not Specified","Gauteng","Midrand","Contract","4.5","Bachelor's","Not specified","No","Contract","Site Reliability Engineer role at First National Bank based in Midrand, focused on monitoring and related responsibilities.","SME","Linux, Docker, Terraform, GitLab CI, Monitoring, Bash"
"3011","Computer Vision Engineer","Shoprite","IT & Telecommunications","Not Specified","Not Specified","Contract","0.1","Bachelor's","Not specified","No","Contract","Computer Vision Engineer role at Shoprite based in Not Specified, focused on MLOps and related responsibilities.","SME","RAG, MLOps, PyTorch, Neural Networks"
"3012","Infrastructure Automation Engineer","Super Save t/a Super Save","IT & Telecommunications","Gauteng","Menlyn","Contract","7.5","Bachelor's","Not specified","No","Contract","Infrastructure Automation Engineer role at Super Save t/a Super Save based in Menlyn, focused on containerisation and related responsibilities.","Large","Serverless, GitHub Actions, Containerisation"
"3013","Software Engineer","Woolworths","IT Recruitment","Western Cape","Cape Winelands: Stellenbosch","Full-Time","7.6","Bachelor's","Computer Science","No","Permanent","Software Engineer role at Woolworths based in Cape Winelands: Stellenbosch, focused on code review and related responsibilities.","SME","Git, JavaScript, MVC, Entity Framework, React Native, Vue.js, Laravel"
"3014","AWS Engineer","The Foschini Group","Energy & Clean Tech","Gauteng","Johannesburg","Contract","2.8","Not Specified","Not specified","No","Contract","AWS Engineer role at The Foschini Group based in Johannesburg, focused on CI/CD and related responsibilities.","SME","ELK Stack, CI/CD, Monitoring"
"3015","Data Warehouse Developer","Transnet","IT Consulting","Western Cape","Stellenbosch","Full-Time","4.3","Bachelor's","Not specified","Yes","Permanent","Data Warehouse Developer role at Transnet based in Stellenbosch, focused on data modelling and related responsibilities.","SME","Performance Tuning, Redis, PostgreSQL"
"3016","Data Scientist (Entry)","Top Recruitment","IT & Telecommunications","Gauteng","Johannesburg","Full-Time","1.1","Honours","Computer Science","No","Permanent","Data Scientist (Entry) role at Top Recruitment based in Johannesburg, focused on EDA and related responsibilities.","Large","Machine Learning, Data Pipelines, Data Modelling, R, Data Governance"
"3017","SOC Analyst","Denel","IT & Telecommunications","Western Cape","Cape Town: City Bowl","Full-Time","6.2","Bachelor's","Cyber Security","No","Permanent","SOC Analyst role at Denel based in Cape Town: City Bowl, focused on risk assessment and related responsibilities.","SME","SIEM, CISA, Forensics, CompTIA Security+, Security Architecture, EDR"
"3018","Automation Tester","Nambiti Technologies (Pty) Ltd","IT & Telecommunications","Not Specified","Not Specified","Full-Time","4.7","Not Specified","Not specified","No","Permanent","Automation Tester role at Nambiti Technologies (Pty) Ltd based in Not Specified, focused on performance testing and related responsibilities.","SME","Playwright, Test Automation, UAT, Regression Testing, TestNG, Manual Testing, CI/CD"
"3019","SAP Supply Chain Functional Consultant","Telkom","IT & Telecommunications","Western Cape","Cape Town: Southern Suburbs","Contract","0.5","Bachelor's","Not specified","Yes","Contract","SAP Supply Chain Functional Consultant role at Telkom based in Cape Town: Southern Suburbs, focused on process mapping and related responsibilities.","SME","Vendor Management, Functional Specs, SAP, ServiceNow, ERP, Stakeholder Management, Change Management"
"3020","IT Systems Administrator","Sibanye-Stillwater","IT & Telecommunications","Not Specified","Not Specified","Full-Time","2.5","Diploma","Not specified","No","Contract","IT Systems Administrator role at Sibanye-Stillwater based in Not Specified, focused on user support and related responsibilities.","SME","SCCM, DHCP, DNS, TCP/IP, VMware, Patch Management, ITIL, Printers"
"3021","ISP Core Network Engineer","Nedbank","Banking, Finance, Insurance","Gauteng","Midrand","Full-Time","0.6","Bachelor's","Not specified","No","Permanent","ISP Core Network Engineer role at Nedbank based in Midrand, focused on routing & switching and related responsibilities.","SME","Wireless, WAN, TCP/IP, LAN"
"3022","Data Engineer - Lead","Network IT","IT Recruitment","Western Cape","Cape Town","Full-Time","5.9","Diploma","Not specified","No","Permanent","Data Engineer - Lead role at Network IT based in Cape Town, focused on ETL and related responsibilities.","SME","Data Pipelines, SSIS, ETL, AWS, Cloud Data Solutions, ELT, Spark, Azure"
"3023","ICT Officer","Amazon Web Services","IT & Telecommunications","Not Specified","Not Specified","Full-Time","4.9","Bachelor's","Not specified","No","Permanent","ICT Officer role at Amazon Web Services based in Not Specified, focused on network management and related responsibilities.","SME","Microsoft 365, Hardware, Troubleshooting, ITIL"
"3024","Dynamics 365 Consultant","Imizizi","Banking","Gauteng","Johannesburg","Full-Time","2.5","Not Specified","Not specified","No","Permanent","Dynamics 365 Consultant role at Imizizi based in Johannesburg, focused on stakeholder engagement and related responsibilities.","SME","Agile, Digital Transformation, SAP, Change Management, Process Flows"
"3025",".NET Developer","Falcorp Resourcing","Not Specified","Western Cape","Cape Town: Northern Suburbs","Full-Time","2.6","Bachelor's","Engineering","No","Contract",".NET Developer role at Falcorp Resourcing based in Cape Town: Northern Suburbs, focused on software design and related responsibilities.","SME","Laravel, Kotlin, PHP, C#, .NET Core, Code Review, Microservices"
"3026","Desktop Support Technician","iSanqa","IT & Telecommunications","Western Cape","Cape Town: Northern Suburbs","Full-Time","4.9","Bachelor's","Not specified","Yes","Contract","Desktop Support Technician role at iSanqa based in Cape Town: Northern Suburbs, focused on user support and related responsibilities.","SME","Server Maintenance, Intune, Backup & Recovery, Firewalls, Desktop Support"
"3027","Data Governance Analyst","Telkom","IT & Telecommunications","Gauteng","Johannesburg","Contract","7.6","Not Specified","Not specified","No","Contract","Data Governance Analyst role at Telkom based in Johannesburg, focused on data analysis and related responsibilities.","SME","Data Cleansing, Compliance Data, Anomaly Detection, Data Warehousing, SQL"
"3028","ICT Manager","Credico Financial Services (Pty) Ltd","Recruitment","Gauteng","Johannesburg","Full-Time","8.3","Not Specified","Not specified","No","Permanent","ICT Manager role at Credico Financial Services (Pty) Ltd based in Johannesburg, focused on IT support and related responsibilities.","SME","Compliance, Vendor Management, Windows, ITIL, Documentation"
"3029","Intermediate Data Engineer","Momentum","IT Consulting","Western Cape","Cape Town: Northern Suburbs","Full-Time","2.7","Bachelor's","Not specified","No","Permanent","Intermediate Data Engineer role at Momentum based in Cape Town: Northern Suburbs, focused on cloud data platforms and related responsibilities.","SME","Hadoop, Data Warehousing, ETL, Azure Data Factory"
"3030","Data Scientist (AI & Machine Learning)","Data Monkey (PTY) LTD","Not Specified","Gauteng","Johannesburg North","Contract","2.8","Diploma","Computer Science","Yes","Contract","Data Scientist (AI & Machine Learning) role at Data Monkey (PTY) LTD based in Johannesburg North, focused on machine learning and related responsibilities.","SME","Data Governance, AI, Model Training, Predictive Modelling, Feature Stores"
"3031","IT Auditor","SALT","Recruitment","Gauteng","Midrand","Full-Time","0.7","Bachelor's","Information Technology","Yes","Contract","IT Auditor role at SALT based in Midrand, focused on penetration testing and related responsibilities.","SME","ISO 27001, Compliance, IT Audit"
"3032","Data Warehouse Developer","The Recruitment Pig","Banking, Finance, Insurance","Not Specified","Not Specified","Full-Time","10.8","Not Specified","Computer Science","No","Permanent","Data Warehouse Developer role at The Recruitment Pig based in Not Specified, focused on database design and related responsibilities.","SME","PL/SQL, SQL, PostgreSQL, High Availability"
"3033","SAP Senior Functional Consultant","Karebo Group","IT & Telecommunications","Gauteng","Midrand","Full-Time","7.2","Bachelor's","Not specified","No","Permanent","SAP Senior Functional Consultant role at Karebo Group based in Midrand, focused on digital transformation and related responsibilities.","SME","Stakeholder Management, Requirements Gathering, ERP, SAP Ariba, ServiceNow, Vendor Management"
"3034","Senior Data Engineer","Parvana","IT & Telecommunications","Western Cape","Rondebosch","Full-Time","8.1","Bachelor's","Not specified","Yes","Permanent","Senior Data Engineer role at Parvana based in Rondebosch, focused on data warehousing and related responsibilities.","SME","Data Pipelines, Spark, Power BI"
"3035","Helpdesk Analyst","JMR Software (Pty) Ltd","IT & Telecommunications","Gauteng","Menlyn","Full-Time","6.9","Bachelor's","Not specified","No","Contract","Helpdesk Analyst role at JMR Software (Pty) Ltd based in Menlyn, focused on troubleshooting and related responsibilities.","SME","Office 365, Firewalls, Backup & Recovery"
"3036","Node.js Developer","Shoprite","Engineering, Technical, Manufacturing","Western Cape","Cape Winelands: Stellenbosch","Full-Time","2.8","Not Specified","Information Technology","Yes","Permanent","Node.js Developer role at Shoprite based in Cape Winelands: Stellenbosch, focused on software design and related responsibilities.","SME","TypeScript, .NET Core, C#, Python, Microservices"
"3037","Information Security Officer","Transnet","IT & Telecommunications","KwaZulu-Natal","Umhlanga","Full-Time","4.5","Bachelor's","Not specified","Yes","Permanent","Information Security Officer role at Transnet based in Umhlanga, focused on penetration testing and related responsibilities.","SME","IT Audit, ISO 27001, Compliance, QRadar, POPIA, CompTIA Security+"
"3038","Senior ETL Developer & Database Administrator","Transnet","IT & Telecommunications","Gauteng","Johannesburg North","Full-Time","7.6","Bachelor's","Not specified","No","Permanent","Senior ETL Developer & Database Administrator role at Transnet based in Johannesburg North, focused on cloud data platforms and related responsibilities.","SME","Data Architecture, SQL, Data Warehousing, Azure"
"3039","Senior AI Engineer","Reworks Solution LLC","IT & Telecommunications","Gauteng","Centurion","Full-Time","8.6","Honours","Not specified","No","Permanent","Senior AI Engineer role at Reworks Solution LLC based in Centurion, focused on deep learning and related responsibilities.","Large","LangChain, PyTorch, Machine Learning, RAG"
"3040","Senior Software Developer","Woolworths","IT & Telecommunications","Gauteng","Menlyn","Full-Time","8.4","Not Specified","Computer Science","No","Permanent","Senior Software Developer role at Woolworths based in Menlyn, focused on system architecture and related responsibilities.","SME",".NET, CI/CD, Flutter, Java, Node.js, Git"
"3041","Data Scientist (AI & Machine Learning)","IQbusiness","Banking, Finance, Insurance","Gauteng","Johannesburg","Full-Time","8.0","Master's","Data Science","No","Permanent","Data Scientist (AI & Machine Learning) role at IQbusiness based in Johannesburg, focused on statistical analysis and related responsibilities.","SME","TensorFlow, NumPy, Data Governance, Deep Learning"
"3042","C# Developer","Psybergate (Pty) Ltd","Not Specified","Gauteng","Johannesburg","Full-Time","1.0","Bachelor's","Not specified","No","Permanent","C# Developer role at Psybergate (Pty) Ltd based in Johannesburg, focused on testing and related responsibilities.","SME","Vue.js, Laravel, C#, C++"
"3043","Python Developer","The Individual Touch","IT & Telecommunications","Gauteng","Johannesburg","Permanent","4.9","Bachelor's","Computer Science","No","Permanent","Python Developer role at The Individual Touch based in Johannesburg, focused on code review and related responsibilities.","SME","React, REST APIs, HTML, SQL, Code Review, React Native, SDLC"
"3044","Cybersecurity Engineer","Cartrack Pty Ltd","IT & Telecommunications","Not Specified","Not Specified","Full-Time","4.3","Not Specified","Information Technology","No","Permanent","Cybersecurity Engineer role at Cartrack Pty Ltd based in Not Specified, focused on risk assessment and related responsibilities.","SME","SOC, IAM, Threat Intelligence, Risk Assessment, POPIA"
"3045","Data Scientist - Agentic AI & MLOps","Dimension Data","IT & Telecommunications","Western Cape","Stellenbosch","Contract","4.6","Master's","Data Science","No","Contract","Data Scientist - Agentic AI & MLOps role at Dimension Data based in Stellenbosch, focused on data governance and related responsibilities.","SME","Graph Modelling, Advanced Analytics, Machine Learning, Statistical Analysis, RAG, TensorFlow"
"3046","React Developer","Sanlam","Transport, Logistics & Freight","Not Specified","Not Specified","Full-Time","0.9","Bachelor's","Computer Science","No","Permanent","React Developer role at Sanlam based in Not Specified, focused on deployment and related responsibilities.","SME","CSS, TDD, Kotlin, Code Review"
"3047","Site Reliability Engineer","Google","IT & Telecommunications","Gauteng","Johannesburg","Full-Time","0.6","Not Specified","Not specified","No","Contract","Site Reliability Engineer role at Google based in Johannesburg, focused on cloud architecture and related responsibilities.","SME","Kubernetes, GitHub Actions, Ansible, Cloud Architecture"
"3048","AI Engineer (Expert)","BCX","Recruitment","Gauteng","Pretoria","Contract","4.5","Bachelor's","Not specified","Yes","Contract","AI Engineer (Expert) role at BCX based in Pretoria, focused on model development and related responsibilities.","SME","Statistics, Transformers, Machine Learning, Neural Networks, Reinforcement Learning"
"3049","Infrastructure Automation Engineer","Nigel Frank International","Engineering, Technical, Manufacturing","Gauteng","Midrand","Full-Time","4.8","Bachelor's","Not specified","No","Permanent","Infrastructure Automation Engineer role at Nigel Frank International based in Midrand, focused on CI/CD and related responsibilities.","SME","Prometheus, GCP, Docker, Python, Helm, Microservices, Ansible, PowerShell"
"3050","Data Engineer (Microsoft Fabric)","Future Careers","Agriculture, Forestry, Environmental","Gauteng","Johannesburg","Full-Time","6.5","Bachelor's","Not specified","No","Permanent","Data Engineer (Microsoft Fabric) role at Future Careers based in Johannesburg, focused on ETL and related responsibilities.","SME","SQL, AWS, Spark, Azure Data Factory, Databricks, Azure, Kafka, ELT"
"3051","SAP Expert Functional Consultant","Shoprite","IT & Telecommunications","Not Specified","Not Specified","Full-Time","4.8","Bachelor's","Not specified","No","Permanent","SAP Expert Functional Consultant role at Shoprite based in Not Specified, focused on digital transformation and related responsibilities.","SME","Business Process Mapping, SDLC Governance, Salesforce, Digital Transformation, ServiceNow, Solution Design"
"3052","Senior Data Scientist","Google","IT & Telecommunications","Gauteng","Pretoria","Full-Time","7.3","Master's","Statistics","No","Permanent","Senior Data Scientist role at Google based in Pretoria, focused on statistical analysis and related responsibilities.","SME","scikit-learn, PyTorch, Statistical Analysis, Cloud Data Platforms, EDA, Deep Learning, SQL"
"3053","AWS Engineer","MSP Staffing Pty Ltd","Education & Training","Gauteng","Menlyn","Full-Time","0.8","Bachelor's","Not specified","No","Permanent","AWS Engineer role at MSP Staffing Pty Ltd based in Menlyn, focused on monitoring and related responsibilities.","SME","Monitoring, Infrastructure as Code, Bash, Helm"
"3054","Business Analyst (Product Office)","Imizizi","Health, Fitness, Medical","Not Specified","Not Specified","Full-Time","0.4","Bachelor's","Business Administration","No","Permanent","Business Analyst (Product Office) role at Imizizi based in Not Specified, focused on stakeholder engagement and related responsibilities.","Large","Business Process Improvement, Process Flows, Requirements Gathering"
"3055","Junior Data Analyst","Sabenza IT Recruitment","IT & Telecommunications","Gauteng","Pretoria","Contract","1.9","Bachelor's","Not specified","No","Contract","Junior Data Analyst role at Sabenza IT Recruitment based in Pretoria, focused on data visualisation and related responsibilities.","SME","Data Mapping, Power BI, Dashboards"
"3056","Database Developer","Goldenrule","IT & Telecommunications","Western Cape","CPT - Northern Suburbs","Permanent","0.4","Not Specified","Information Technology","No","Permanent","Database Developer role at Goldenrule based in CPT - Northern Suburbs, focused on performance tuning and related responsibilities.","SME","MySQL, PL/SQL, Backup & Recovery, SQL Server, MongoDB, T-SQL, Redis"
"3057","Senior Database Administrator","Data Monkey (PTY) LTD","IT Recruitment","Western Cape","Bellville","Full-Time","7.3","Not Specified","Computer Science","Partial","Permanent","Senior Database Administrator role at Data Monkey (PTY) LTD based in Bellville, focused on database design and related responsibilities.","Large","Oracle, SSIS, Indexing, MySQL, Redis, High Availability, ETL, Database Design"
"3058","Business Analyst & Product Owner","DevologyX","Health, Fitness, Medical","Remote / Not Specified","Remote","Full-Time","2.6","Bachelor's","Finance","No","Permanent","Business Analyst & Product Owner role at DevologyX based in Remote, focused on requirements documentation and related responsibilities.","SME","Documentation, UAT, Business Process Improvement, Process Flows, Requirements Elicitation, Architecture Alignment"
"3059","DevOps Engineer","Communicate Finance","IT Recruitment","Western Cape","Cape Town","Full-Time","5.0","Bachelor's","Not specified","No","Permanent","DevOps Engineer role at Communicate Finance based in Cape Town, focused on deployment pipelines and related responsibilities.","SME","CI/CD, Terraform, Site Reliability, Microservices, Monitoring"
"3060","Build/Release Engineer","Standard Bank","IT Recruitment","Not Specified","Not Specified","Full-Time","2.5","Diploma","Not specified","No","Permanent","Build/Release Engineer role at Standard Bank based in Not Specified, focused on containerisation and related responsibilities.","SME","ELK Stack, Serverless, Jenkins, Azure, AWS, Linux, Docker"
"3061","Data Scientist (Pipeline)","Momentum","IT & Telecommunications","Gauteng","Gauteng","Contract","4.1","Bachelor's","Statistics","No","Contract","Data Scientist (Pipeline) role at Momentum based in Gauteng, focused on machine learning and related responsibilities.","SME","Python, Pandas, Data Visualisation, MLOps, ETL"
"3062","Product Owner","SALT","IT & Telecommunications","Not Specified","Not Specified","Full-Time","2.2","Bachelor's","Not specified","No","Contract","Product Owner role at SALT based in Not Specified, focused on budgeting and related responsibilities.","SME","Agile, PMO, Project Planning"
"3063","Junior Software Developer","iOCO","IT & Telecommunications","Gauteng","Johannesburg","Full-Time","1.6","Bachelor's","Computer Science","No","Permanent","Junior Software Developer role at iOCO based in Johannesburg, focused on agile development and related responsibilities.","SME","Node.js, ASP.NET, Java, React Native, Laravel, MVC, C++"
"3064","SAP Expert Functional Consultant","Sabenza IT Recruitment","IT & Telecommunications","Gauteng","Johannesburg","Full-Time","4.2","Not Specified","Not specified","No","Permanent","SAP Expert Functional Consultant role at Sabenza IT Recruitment based in Johannesburg, focused on digital transformation and related responsibilities.","SME","Agile, SAP, Project Management, Business Process Mapping"
"3065","Software Developer","Pick n Pay","IT & Telecommunications","KwaZulu-Natal","Durban","Full-Time","5.0","Bachelor's","Information Technology","Yes","Permanent","Software Developer role at Pick n Pay based in Durban, focused on deployment and related responsibilities.","SME","Python, JavaScript, Kotlin, .NET Core, React, ASP.NET, OOP"
"3066","Security Operations Analyst","Sanlam","IT Recruitment","Gauteng","Roodepoort","Contract","2.4","Bachelor's","Computer Science","No","Contract","Security Operations Analyst role at Sanlam based in Roodepoort, focused on risk assessment and related responsibilities.","SME","QRadar, Forensics, IAM, Cloud Security"
"3067","Intermediate Data Engineer","BCX","Banking, Finance, Insurance","Western Cape","Cape Town","Permanent","4.1","Bachelor's","Not specified","No","Permanent","Intermediate Data Engineer role at BCX based in Cape Town, focused on data warehousing and related responsibilities.","SME","Data Architecture, BigQuery, Databricks, Airflow, Azure Data Factory, Microsoft Fabric, Azure, SQL"
"3068","UX/UI Designer","Quest Staffing Solutions","IT & Telecommunications","Western Cape","Cape Town: Northern Suburbs","Full-Time","6.0","Bachelor's","Computer Science","No","Permanent","UX/UI Designer role at Quest Staffing Solutions based in Cape Town: Northern Suburbs, focused on prototyping and related responsibilities.","SME","Interaction Design, Responsive Design, Adobe XD, Usability Testing, HTML"
"3069","AI Engineer (Entry)","Interdot","IT & Telecommunications","Gauteng","Johannesburg","Full-Time","0.3","Honours","Not specified","No","Permanent","AI Engineer (Entry) role at Interdot based in Johannesburg, focused on computer vision and related responsibilities.","Large","PyTorch, MLOps, LangChain, Transformers, TensorFlow, NLP, AI"
"3070","Quantitative Analyst","Vodacom","Mining","Western Cape","Stellenbosch","Contract","2.8","Honours","Not specified","No","Contract","Quantitative Analyst role at Vodacom based in Stellenbosch, focused on machine learning and related responsibilities.","SME","Feature Stores, NumPy, LLMs"
"3071","Java Developer","Reworks Solution LLC","IT Recruitment","Gauteng","Johannesburg","Full-Time","4.3","Diploma","Information Technology","No","Permanent","Java Developer role at Reworks Solution LLC based in Johannesburg, focused on software design and related responsibilities.","SME","Kubernetes, ASP.NET, Kotlin, Python, SDLC"
"3072","Software Developer II","E-Merge IT Recruitment","IT & Telecommunications","Gauteng","Johannesburg","Full-Time","4.7","Bachelor's","Computer Science","No","Permanent","Software Developer II role at E-Merge IT Recruitment based in Johannesburg, focused on code review and related responsibilities.","SME","React Native, Vue.js, Xamarin, SDLC, HTML, C#, Laravel, Java"
"3073","UI Designer","Network Contracting Solutions","IT & Telecommunications","Gauteng","Midrand","Contract","4.0","Bachelor's","Graphic Design","No","Contract","UI Designer role at Network Contracting Solutions based in Midrand, focused on wireframing and related responsibilities.","Large","Interaction Design, CSS, User Research"
"3074","AI Engineer","Ad-Hoc","Not Specified","Gauteng","Johannesburg","Full-Time","4.6","Honours","Not specified","No","Permanent","AI Engineer role at Ad-Hoc based in Johannesburg, focused on model development and related responsibilities.","SME","Python, Computer Vision, NLP, TensorFlow, Statistics"
"3075","Backend Developer","BCX","IT & Telecommunications","Gauteng","Johannesburg North","Full-Time","0.1","Bachelor's","Not specified","No","Permanent","Backend Developer role at BCX based in Johannesburg North, focused on system architecture and related responsibilities.","SME","Node.js, SQL, OOP, SDLC, Laravel, Entity Framework"
"3076","Pre-Sales Engineer","iOCO","IT & Telecommunications","Western Cape","Stellenbosch","Full-Time","2.8","Certification","Not specified","Yes","Permanent","Pre-Sales Engineer role at iOCO based in Stellenbosch, focused on training and related responsibilities.","Large","Communication, Project Management, Customer Service, Data Entry"
"3077","IT Systems Administrator","Network Contracting Solutions","Health, Fitness, Medical","Western Cape","Cape Town: Southern Suburbs","Full-Time","2.8","Bachelor's","Not specified","No","Permanent","IT Systems Administrator role at Network Contracting Solutions based in Cape Town: Southern Suburbs, focused on network administration and related responsibilities.","SME","Patch Management, DHCP, TCP/IP"
"3078","Data Scientist - Agentic AI & MLOps","BCX","IT & Telecommunications","Not Specified","Not Specified","Full-Time","0.7","Bachelor's","Statistics","No","Permanent","Data Scientist - Agentic AI & MLOps role at BCX based in Not Specified, focused on predictive modelling and related responsibilities.","SME","EDA, SQL, NLP, MLOps, scikit-learn, Machine Learning, LLMs, Deep Learning"
"3079","Build/Release Engineer","MTN","IT Consulting","Gauteng","Johannesburg North","Full-Time","4.6","Bachelor's","Not specified","No","Permanent","Build/Release Engineer role at MTN based in Johannesburg North, focused on cloud architecture and related responsibilities.","SME","DevOps, GitHub Actions, Microservices, Prometheus, Linux, Bash, Jenkins"
"3080","Data Scientist","MSP Staffing Pty Ltd","IT & Telecommunications","KwaZulu-Natal","Durban","Full-Time","4.6","Master's","Mathematics","No","Permanent","Data Scientist role at MSP Staffing Pty Ltd based in Durban, focused on data governance and related responsibilities.","SME","Pandas, R, Predictive Modelling, EDA"
"3081","Pre-Sales Engineer","Samaha Consulting","IT & Telecommunications","Gauteng","Midrand","Full-Time","1.0","Not Specified","Not specified","No","Permanent","Pre-Sales Engineer role at Samaha Consulting based in Midrand, focused on documentation and related responsibilities.","Large","Communication, Teamwork, Customer Service"
"3082","Fibre Optic Engineer","Sandi Crowther Recruitment","IT & Telecommunications","Gauteng","Midrand","Full-Time","0.1","Bachelor's","Networking","No","Contract","Fibre Optic Engineer role at Sandi Crowther Recruitment based in Midrand, focused on fibre optics and related responsibilities.","Large","VPN, Fibre Optics, Transmission, Wireless"
"3083","Machine Learning Engineer","Quest Staffing Solutions","IT & Telecommunications","Gauteng","Johannesburg","Full-Time","4.0","Honours","Not specified","No","Permanent","Machine Learning Engineer role at Quest Staffing Solutions based in Johannesburg, focused on deep learning and related responsibilities.","SME","LangChain, NLP, Reinforcement Learning, Statistics, Machine Learning, Data Science"
"3084","Business Analyst (Property Industry)","Karebo Group","IT & Telecommunications","Western Cape","Cape Town","Contract","4.6","Bachelor's","Business Administration","No","Contract","Business Analyst (Property Industry) role at Karebo Group based in Cape Town, focused on requirements documentation and related responsibilities.","SME","Stakeholder Engagement, Agile/Scrum, Change Management, Business Process Improvement"
"3085","Data Scientist (AI & Machine Learning)","Sandi Crowther Recruitment","IT & Telecommunications","Not Specified","Not Specified","Permanent","7.3","Master's","Data Science","No","Permanent","Data Scientist (AI & Machine Learning) role at Sandi Crowther Recruitment based in Not Specified, focused on statistical analysis and related responsibilities.","SME","Spark, MLOps, NLP, Predictive Modelling, Deep Learning, Data Pipelines, NumPy"
"3086","Data Specialist (Engineer/Scientist)","Newsclip Media Monitoring (Pty) Ltd.","Banking, Finance, Insurance","Gauteng","Johannesburg","Full-Time","7.5","Bachelor's","Computer Science","No","Contract","Data Specialist (Engineer/Scientist) role at Newsclip Media Monitoring (Pty) Ltd. based in Johannesburg, focused on data pipelines and related responsibilities.","SME","RAG, Cloud Data Platforms, Pandas, Statistical Analysis, Machine Learning, Data Modelling, Data Visualisation"
"3087","Data Scientist (AI & Machine Learning)","Google","IT & Telecommunications","Gauteng","Johannesburg East","Permanent","0.1","Not Specified","Mathematics","No","Permanent","Data Scientist (AI & Machine Learning) role at Google based in Johannesburg East, focused on data governance and related responsibilities.","SME","Data Modelling, Data Governance, LLMs"
"3088","SEO Specialist","Parvana","IT Recruitment","Gauteng","Centurion","Full-Time","0.8","Bachelor's","Not specified","No","Permanent","SEO Specialist role at Parvana based in Centurion, focused on vendor management and related responsibilities.","Large","Data Entry, Communication, Customer Service, Documentation, Time Management, Microsoft Office"
"3089","Data Warehouse Developer","Datafin IT Recruitment","Not Specified","Gauteng","Johannesburg South","Contract","4.1","Not Specified","Computer Science","No","Contract","Data Warehouse Developer role at Datafin IT Recruitment based in Johannesburg South, focused on database design and related responsibilities.","SME","Indexing, PL/SQL, Performance Tuning"
"3090","SQL Developer","Ad-Hoc","Not Specified","Gauteng","Johannesburg North","Contract","7.3","Bachelor's","Computer Science","No","Contract","SQL Developer role at Ad-Hoc based in Johannesburg North, focused on data modelling and related responsibilities.","Large","SQL Server, SSIS, ETL, Oracle, SQL, PostgreSQL, Replication"
"3091","Database Developer","Communicate Finance","IT & Telecommunications","Western Cape","Cape Town: Southern Suburbs","Full-Time","4.2","Bachelor's","Computer Science","No","Permanent","Database Developer role at Communicate Finance based in Cape Town: Southern Suburbs, focused on ETL and related responsibilities.","SME","SQL, MySQL, Backup & Recovery, Data Warehousing, PL/SQL, PostgreSQL, Database Design"
"3092","Senior Data Scientist","Catch Recruit","Banking, Finance, Insurance","Gauteng","Gauteng","Full-Time","8.0","Master's","Computer Science","No","Permanent","Senior Data Scientist role at Catch Recruit based in Gauteng, focused on data governance and related responsibilities.","SME","Machine Learning, Deep Learning, Predictive Modelling, Data Pipelines, Data Visualisation, R"
"3093","Information Technology Officer","Ability Recruitment","Education & Training","Western Cape","Cape Town: Northern Suburbs","Full-Time","4.0","Bachelor's","Not specified","No","Permanent","Information Technology Officer role at Ability Recruitment based in Cape Town: Northern Suburbs, focused on hardware maintenance and related responsibilities.","SME","Hardware, Active Directory, Linux, Microsoft 365, Compliance, Project Management, Troubleshooting"
"3094","IT Administrator","Top Recruitment","IT & Telecommunications","Gauteng","Johannesburg","Contract","4.6","Not Specified","Not specified","Yes","Contract","IT Administrator role at Top Recruitment based in Johannesburg, focused on network administration and related responsibilities.","SME","Patch Management, Hardware Troubleshooting, Office 365, DHCP, TCP/IP, VMware"
"3095","Data Engineer - Databricks","Super Save t/a Super Save","IT & Telecommunications","Gauteng","Midrand","Contract","6.4","Bachelor's","Not specified","No","Contract","Data Engineer - Databricks role at Super Save t/a Super Save based in Midrand, focused on cloud data platforms and related responsibilities.","SME","Hadoop, Dataflow, Data Integration, Azure Data Factory, Azure Data Lake, Azure"
"3096","DevOps Engineer","JMR Software (Pty) Ltd","Health, Fitness, Medical","Gauteng","Gauteng","Full-Time","0.8","Bachelor's","Not specified","No","Permanent","DevOps Engineer role at JMR Software (Pty) Ltd based in Gauteng, focused on infrastructure automation and related responsibilities.","SME","ELK Stack, Monitoring, Kubernetes, DevOps, AWS, Microservices, PowerShell"
"3097","Digital Marketing Specialist","Future Careers","IT & Telecommunications","Gauteng","Centurion","Full-Time","2.3","Not Specified","Not specified","No","Permanent","Digital Marketing Specialist role at Future Careers based in Centurion, focused on technical support and related responsibilities.","SME","Time Management, Microsoft Office, Project Management, Teamwork, Data Entry, Customer Service"
"3098","IT Generalist","Nigel Frank International","IT & Telecommunications","Gauteng","Centurion","Full-Time","2.7","Not Specified","Not specified","No","Contract","IT Generalist role at Nigel Frank International based in Centurion, focused on software installation and related responsibilities.","SME","Linux, IT Strategy, ITIL, Compliance, Vendor Management, Hardware"
"3099","Senior Data Analyst","The Individual Touch","Banking, Finance, Insurance","Gauteng","Pretoria","Full-Time","7.0","Bachelor's","Not specified","No","Permanent","Senior Data Analyst role at The Individual Touch based in Pretoria, focused on dashboards and related responsibilities.","SME","Dashboards, Reporting, Data Warehousing, BI, SQL, Anomaly Detection, Data Visualisation"
"3100","IT Business Development Manager","Deloitte","IT & Telecommunications","Western Cape","Cape Town","Full-Time","5.6","Bachelor's","Not specified","No","Permanent","IT Business Development Manager role at Deloitte based in Cape Town, focused on technical support and related responsibilities.","SME","Microsoft Office, Data Entry, Documentation, Problem Solving, Customer Service, Time Management, Teamwork"
"3101","IT Manager","Dimension Data","IT Consulting","Western Cape","Cape Town","Contract","8.5","Bachelor's","Not specified","No","Contract","IT Manager role at Dimension Data based in Cape Town, focused on user support and related responsibilities.","SME","DNS, Windows Server, VPN, Active Directory"
"3102","Cybersecurity Specialist","Career Lab Pty Ltd","FMCG, Retail, Wholesale","Not Specified","Not Specified","Full-Time","0.3","Bachelor's","Computer Science","No","Contract","Cybersecurity Specialist role at Career Lab Pty Ltd based in Not Specified, focused on security monitoring and related responsibilities.","SME","Penetration Testing, Firewalls, CISSP, SOC, EDR, GRC, Network Security"
"3103","SEO Specialist","TooMuchWifi","Banking, Finance, Insurance","Eastern Cape","Port Elizabeth","Full-Time","0.2","Not Specified","Not specified","No","Permanent","SEO Specialist role at TooMuchWifi based in Port Elizabeth, focused on documentation and related responsibilities.","Large","Project Management, Documentation, Problem Solving, Communication, Teamwork, Customer Service, Time Management, Data Entry"
"3104","IT Support Engineer","Massmart","IT & Telecommunications","Gauteng","Gauteng","Full-Time","4.1","Certification","Not specified","No","Permanent","IT Support Engineer role at Massmart based in Gauteng, focused on system maintenance and related responsibilities.","SME","Printers, Windows Server, Firewalls"
"3105","Azure Engineer","AO Connect Solutions","Banking, Finance, Insurance","Western Cape","CPT - Northern Suburbs","Full-Time","7.7","Diploma","Not specified","No","Permanent","Azure Engineer role at AO Connect Solutions based in CPT - Northern Suburbs, focused on monitoring and related responsibilities.","SME","Containerisation, AWS, GCP, Azure"
"3106","Spring Boot Developer","Quest Staffing Solutions","IT Services","Gauteng","Midrand","Full-Time","2.8","Honours","Computer Science","No","Permanent","Spring Boot Developer role at Quest Staffing Solutions based in Midrand, focused on software design and related responsibilities.","SME","Laravel, JavaScript, OOP, React Native, SQL"
"3107","Automation Tester","Dimension Data","Energy & Clean Tech","Gauteng","Johannesburg North","Full-Time","6.0","Not Specified","Not specified","No","Permanent","Automation Tester role at Dimension Data based in Johannesburg North, focused on UAT and related responsibilities.","SME","Agile Testing, Regression Testing, Playwright, Performance Testing, Postman, CI/CD, Python, Bug Tracking"
"3108","Senior Data Scientist","Sabenza IT Recruitment","IT & Telecommunications","Eastern Cape","East London","Contract","8.7","Bachelor's","Computer Science","No","Contract","Senior Data Scientist role at Sabenza IT Recruitment based in East London, focused on model training and related responsibilities.","SME","EDA, Data Pipelines, NumPy, NLP, Deep Learning, Feature Stores"
"3109","AI Engineer (Entry)","Future Careers","Mining","Free State","Bloemfontein","Full-Time","0.8","Honours","Not specified","No","Permanent","AI Engineer (Entry) role at Future Careers based in Bloemfontein, focused on model development and related responsibilities.","SME","Feature Engineering, Reinforcement Learning, Data Science, NLP, Neural Networks, Transformers, Deep Learning"
"3110","Android Developer","Ad-Hoc","IT & Telecommunications","Not Specified","Not Specified","Full-Time","0.4","Bachelor's","Information Technology","Yes","Permanent","Android Developer role at Ad-Hoc based in Not Specified, focused on agile development and related responsibilities.","SME","REST APIs, Docker, TDD, TypeScript, Flutter, C++, Spring Boot, React Native"
"3111","IT Strategy Consultant","RedM Professional Services","IT & Telecommunications","Western Cape","Cape Town","Full-Time","0.3","Bachelor's","Not specified","No","Permanent","IT Strategy Consultant role at RedM Professional Services based in Cape Town, focused on process mapping and related responsibilities.","SME","Business Process Mapping, BRDs, Agile, Process Flows, SAP, Project Management, Vendor Management"
"3112","Embedded Software Developer","Attain People","IT Recruitment","Gauteng","Midrand","Full-Time","4.9","Bachelor's","Information Technology","No","Permanent","Embedded Software Developer role at Attain People based in Midrand, focused on software design and related responsibilities.","SME","TypeScript, Angular, .NET Core, Xamarin, Git, C#"
"3113","SOC Analyst","Career Lab Pty Ltd","IT & Telecommunications","Gauteng","Centurion","Full-Time","6.7","Bachelor's","Cyber Security","Yes","Permanent","SOC Analyst role at Career Lab Pty Ltd based in Centurion, focused on risk assessment and related responsibilities.","SME","SOC, Risk Assessment, SIEM, Firewalls"
"3114","Senior Data Analyst","BCX","IT & Telecommunications","Gauteng","Sandton","Full-Time","9.8","Bachelor's","Not specified","No","Permanent","Senior Data Analyst role at BCX based in Sandton, focused on reporting and related responsibilities.","SME","Data Analysis, Dashboards, Reporting, Data Cleansing"
"3115","DevOps Engineer","IQbusiness","IT & Telecommunications","Not Specified","Not Specified","Full-Time","4.9","Not Specified","Not specified","Yes","Permanent","DevOps Engineer role at IQbusiness based in Not Specified, focused on deployment pipelines and related responsibilities.","SME","PowerShell, Linux, Jenkins, Monitoring, Microservices, GitHub Actions, AWS"
"3116","Cybersecurity Engineer","Ad-Hoc","IT & Telecommunications","KwaZulu-Natal","Umhlanga","Full-Time","4.0","Bachelor's","Not specified","No","Permanent","Cybersecurity Engineer role at Ad-Hoc based in Umhlanga, focused on penetration testing and related responsibilities.","SME","POPIA, CompTIA Security+, ISO 27001, CEH, CISA"
"3117","Computer Vision Engineer","Professional Recruitment Partners","IT Recruitment","Western Cape","Cape Town","Contract","4.9","Honours","Not specified","No","Contract","Computer Vision Engineer role at Professional Recruitment Partners based in Cape Town, focused on deep learning and related responsibilities.","SME","AWS SageMaker, AI, Azure AI, Transformers"
"3118","Pre-Sales Engineer","Zeal HR","IT Recruitment","Gauteng","Johannesburg","Contract","4.5","Bachelor's","Not specified","No","Contract","Pre-Sales Engineer role at Zeal HR based in Johannesburg, focused on documentation and related responsibilities.","SME","Problem Solving, Project Management, Data Entry, Teamwork"
"3119","PMO Analyst","Humankind Group","IT Recruitment","Western Cape","Cape Town: Southern Suburbs","Full-Time","2.8","Bachelor's","Not specified","No","Permanent","PMO Analyst role at Humankind Group based in Cape Town: Southern Suburbs, focused on risk management and related responsibilities.","SME","SDLC, MS Project, Resource Management, Stakeholder Management, SAFe, Project Planning, Agile"
"3120","Embedded Software Developer","Catch Recruit","Health, Fitness, Medical","Western Cape","Stellenbosch","Full-Time","4.1","Certification","Computer Science","No","Contract","Embedded Software Developer role at Catch Recruit based in Stellenbosch, focused on testing and related responsibilities.","SME","Java, CSS, Flutter, Python, JavaScript, CI/CD, Vue.js, Spring Boot"
"3121","Network Engineer","Goldenrule","Banking, Finance, Insurance","Eastern Cape","Port Elizabeth","Full-Time","2.9","Bachelor's","Information Technology","No","Permanent","Network Engineer role at Goldenrule based in Port Elizabeth, focused on routing & switching and related responsibilities.","SME","Transmission, BGP, RF, VPN, Wireshark, 5G, TCP/IP, CCNP"
"3122","Collections Data Analyst","MSP Staffing Pty Ltd","IT & Telecommunications","Gauteng","Johannesburg East","Full-Time","2.6","Not Specified","Not specified","No","Permanent","Collections Data Analyst role at MSP Staffing Pty Ltd based in Johannesburg East, focused on data analysis and related responsibilities.","SME","Data Visualisation, QlikSense, Power BI, Financial Data Analysis, Azure Data Fundamentals, Compliance Data, Dashboards, Reporting"
"3123","Data Analyst II","Imizizi","IT & Telecommunications","Not Specified","Not Specified","Full-Time","0.7","Diploma","Not specified","No","Permanent","Data Analyst II role at Imizizi based in Not Specified, focused on BI development and related responsibilities.","SME","Dashboards, Data Governance, Power BI, Data Cleansing, Excel, Compliance Data, Data Analysis, QlikSense"
"3124","Junior Software Developer","BHP","IT & Telecommunications","Gauteng","Johannesburg","Full-Time","1.5","Not Specified","Not specified","Yes","Permanent","Junior Software Developer role at BHP based in Johannesburg, focused on agile development and related responsibilities.","SME","Python, Blazor, PHP, Xamarin, Angular, Swift"
"3125","Data Specialist (Engineer/Scientist)","Transnet","IT & Telecommunications","Gauteng","Johannesburg","Contract","4.9","Honours","Statistics","Yes","Contract","Data Specialist (Engineer/Scientist) role at Transnet based in Johannesburg, focused on statistical analysis and related responsibilities.","SME","Statistical Analysis, Data Governance, EDA, Graph Modelling, Model Training, Feature Stores, NLP, Data Modelling"
"3126","IT Sales Executive","Staff Unlimited","Banking, Finance, Insurance","Not Specified","Not Specified","Full-Time","2.3","Not Specified","Not specified","No","Contract","IT Sales Executive role at Staff Unlimited based in Not Specified, focused on training and related responsibilities.","SME","Problem Solving, Customer Service, Teamwork"
"3127","iOS Developer","Nigel Frank International","IT & Telecommunications","Western Cape","Cape Town: City Bowl","Full-Time","2.4","Bachelor's","Computer Science","No","Permanent","iOS Developer role at Nigel Frank International based in Cape Town: City Bowl, focused on testing and related responsibilities.","SME","ASP.NET, Kotlin, Python, PHP, REST APIs"
"3128","ICT Systems Administrator","Vodacom","Banking, Finance, Insurance","Gauteng","Bryanston","Full-Time","1.0","Diploma","Not specified","No","Permanent","ICT Systems Administrator role at Vodacom based in Bryanston, focused on user support and related responsibilities.","SME","Windows Server, DNS, Hardware Troubleshooting, Patch Management, Printers"
"3129",".NET Developer","Massmart","IT & Telecommunications","Gauteng","Midrand","Contract","4.1","Bachelor's","Not specified","No","Contract",".NET Developer role at Massmart based in Midrand, focused on deployment and related responsibilities.","SME","Node.js, Spring Boot, React, CSS, TDD, JavaScript, C++"
"3130","Junior Software Developer","wePlace (Pty) Ltd","IT & Telecommunications","Gauteng","Midrand","Full-Time","1.2","Bachelor's","Not specified","No","Permanent","Junior Software Developer role at wePlace (Pty) Ltd based in Midrand, focused on testing and related responsibilities.","SME","Laravel, C++, .NET, Java, SQL"
"3131","Business Analyst (Technology)","TAC Recruitment","IT & Telecommunications","Gauteng","Pretoria","Contract","2.3","Bachelor's","Information Systems","No","Contract","Business Analyst (Technology) role at TAC Recruitment based in Pretoria, focused on stakeholder engagement and related responsibilities.","SME","Process Mapping, SDLC, Architecture Alignment, SOPs, Requirements Gathering, Confluence"
"3132","IT Support Technician","Professional Recruitment Partners","IT & Telecommunications","Western Cape","Cape Town","Full-Time","0.2","Diploma","Not specified","No","Permanent","IT Support Technician role at Professional Recruitment Partners based in Cape Town, focused on system maintenance and related responsibilities.","SME","Intune, VMware, Office 365"
"3133","Java Developer","Goldman Tech Resourcing (Pty) Ltd","Mining","Gauteng","Johannesburg","Full-Time","0.0","Bachelor's","Computer Science","No","Permanent","Java Developer role at Goldman Tech Resourcing (Pty) Ltd based in Johannesburg, focused on testing and related responsibilities.","SME","SDLC, Xamarin, Angular, CI/CD, HTML, React Native, Java, Flutter"
"3134","DevOps Engineer","Excellent Staffing","Not Specified","Western Cape","Stellenbosch","Full-Time","0.0","Bachelor's","Not specified","No","Permanent","DevOps Engineer role at Excellent Staffing based in Stellenbosch, focused on cloud architecture and related responsibilities.","SME","Monitoring, AWS, PowerShell"
"3135","IT Strategy Consultant","MSP Staffing Pty Ltd","IT & Telecommunications","Not Specified","Not Specified","Contract","0.5","Bachelor's","Not specified","No","Contract","IT Strategy Consultant role at MSP Staffing Pty Ltd based in Not Specified, focused on digital transformation and related responsibilities.","SME","Dynamics 365, Process Flows, Requirements Gathering, Solution Design, Agile, Functional Specs, Digital Transformation"
"3136","Site Reliability Engineer","Attain People","IT & Telecommunications","Not Specified","Not Specified","Full-Time","2.7","Bachelor's","Not specified","No","Permanent","Site Reliability Engineer role at Attain People based in Not Specified, focused on containerisation and related responsibilities.","SME","Site Reliability, Kubernetes, Bash, Jenkins, ELK Stack, Linux"
"3137","Data Engineer","E-Merge IT Recruitment","IT & Telecommunications","Gauteng","Johannesburg","Full-Time","4.3","National Diploma","Not specified","No","Contract","Data Engineer role at E-Merge IT Recruitment based in Johannesburg, focused on data architecture and related responsibilities.","SME","Power BI, Data Architecture, Data Integration, Data Warehousing, Data Modelling, Azure Data Factory, ETL, SSIS"
"3138","AI Software Developer","DevologyX","IT & Telecommunications","Gauteng","Rosebank","Full-Time","0.3","Master's","Not specified","No","Permanent","AI Software Developer role at DevologyX based in Rosebank, focused on computer vision and related responsibilities.","SME","LLMs, scikit-learn, OpenAI API, Data Science, Transformers, Statistics, Deep Learning"
"3139","AWS Engineer","Attain People","IT Recruitment","Western Cape","CPT - Northern Suburbs","Contract","4.8","Bachelor's","Not specified","No","Contract","AWS Engineer role at Attain People based in CPT - Northern Suburbs, focused on monitoring and related responsibilities.","SME","Infrastructure as Code, Serverless, Microservices, Jenkins, Python, DevOps"
"3140","Data Entry Clerk","Momentum","IT & Telecommunications","Remote / Not Specified","Remote","Full-Time","1.9","Diploma","Not specified","No","Permanent","Data Entry Clerk role at Momentum based in Remote, focused on project coordination and related responsibilities.","SME","Teamwork, Microsoft Office, Time Management"
"3141","AI Engineer (Expert)","Reworks Solution LLC","IT & Telecommunications","Gauteng","Midrand","Full-Time","2.6","Not Specified","Not specified","No","Permanent","AI Engineer (Expert) role at Reworks Solution LLC based in Midrand, focused on MLOps and related responsibilities.","SME","Machine Learning, AWS SageMaker, Model Deployment, Neural Networks, OpenAI API, Azure AI"
"3142","AI Research Scientist","Capitec Bank LTD","IT & Telecommunications","Gauteng","Randburg","Full-Time","4.4","Bachelor's","Not specified","No","Permanent","AI Research Scientist role at Capitec Bank LTD based in Randburg, focused on model development and related responsibilities.","SME","Transformers, OpenAI API, AWS SageMaker"
"3143","Data Engineer / SQL Developer","TooMuchWifi","IT & Telecommunications","Not Specified","Not Specified","Full-Time","3.0","Not Specified","Not specified","No","Permanent","Data Engineer / SQL Developer role at TooMuchWifi based in Not Specified, focused on data pipelines and related responsibilities.","SME","ELT, Azure Data Lake, Microsoft Fabric, Data Warehousing, Data Integration, Cloud Data Solutions"
"3144","Full Stack Developer","Newsclip Media Monitoring (Pty) Ltd.","IT Consulting","Not Specified","Not Specified","Full-Time","4.9","Not Specified","Computer Science","No","Permanent","Full Stack Developer role at Newsclip Media Monitoring (Pty) Ltd. based in Not Specified, focused on deployment and related responsibilities.","SME","JavaScript, Git, Entity Framework, Software Design, REST APIs, Spring Boot"
"3145","IT Sales Executive","Karebo Group","Banking, Finance, Insurance","KwaZulu-Natal","Pietermaritzburg","Full-Time","2.6","Not Specified","Not specified","No","Contract","IT Sales Executive role at Karebo Group based in Pietermaritzburg, focused on training and related responsibilities.","SME","Time Management, Data Entry, Customer Service"
"3146","Site Reliability Engineer","NBC Holdings Pty Ltd","IT & Telecommunications","Gauteng","Centurion","Contract","0.6","Bachelor's","Not specified","No","Contract","Site Reliability Engineer role at NBC Holdings Pty Ltd based in Centurion, focused on cloud architecture and related responsibilities.","SME","GitLab CI, DevOps, Ansible, Serverless, Microservices, Kubernetes"
"3147","Frontend Developer","Datonomy Solutions","Mining","Not Specified","Not Specified","Full-Time","4.8","Diploma","Not specified","No","Contract","Frontend Developer role at Datonomy Solutions based in Not Specified, focused on API development and related responsibilities.","SME","React, SQL, REST APIs, TDD"
"3148","Data Specialist (Engineer/Scientist)","Career Lab Pty Ltd","FMCG, Retail, Wholesale","Gauteng","Johannesburg","Full-Time","0.3","Bachelor's","Data Science","No","Permanent","Data Specialist (Engineer/Scientist) role at Career Lab Pty Ltd based in Johannesburg, focused on model training and related responsibilities.","SME","EDA, Data Visualisation, Data Pipelines, LLMs, Data Governance, Statistical Analysis"
"3149","IT Manager","Data Monkey (PTY) LTD","IT & Telecommunications","Gauteng","Johannesburg","Full-Time","8.7","Certification","Not specified","No","Permanent","IT Manager role at Data Monkey (PTY) LTD based in Johannesburg, focused on troubleshooting and related responsibilities.","SME","Server Maintenance, Intune, ITIL, VMware, SCCM, Microsoft 365"
"3150","Digital Marketing Specialist","MECS","IT & Telecommunications","KwaZulu-Natal","Durban Central","Full-Time","0.3","Bachelor's","Not specified","No","Permanent","Digital Marketing Specialist role at MECS based in Durban Central, focused on training and related responsibilities.","Large","Problem Solving, Documentation, Customer Service, Data Entry, Microsoft Office, Communication, Teamwork, Time Management"
"3151","IT Support Engineer","Nambiti Technologies (Pty) Ltd","Energy & Clean Tech","Not Specified","Not Specified","Full-Time","4.6","Not Specified","Not specified","No","Permanent","IT Support Engineer role at Nambiti Technologies (Pty) Ltd based in Not Specified, focused on security patches and related responsibilities.","SME","Networking, Exchange, Ticketing Systems"
"3152","Dynamics 365 Consultant","TooMuchWifi","IT Recruitment","Gauteng","Gauteng","Full-Time","5.0","Bachelor's","Not specified","No","Permanent","Dynamics 365 Consultant role at TooMuchWifi based in Gauteng, focused on solution design and related responsibilities.","SME","Solution Design, Salesforce, SDLC Governance, Change Management, Agile, Business Process Mapping, Functional Specs"
"3153","Temp Systems Administrator","Dimension Data","IT & Telecommunications","Gauteng","Sandton","Permanent","4.5","Not Specified","Not specified","No","Permanent","Temp Systems Administrator role at Dimension Data based in Sandton, focused on troubleshooting and related responsibilities.","SME","Windows Server, Server Maintenance, ITIL"
"3154","IT Auditor","cloudandthings.io","IT & Telecommunications","Gauteng","Melrose Arch","Full-Time","4.9","Bachelor's","Cyber Security","No","Permanent","IT Auditor role at cloudandthings.io based in Melrose Arch, focused on security monitoring and related responsibilities.","SME","Security Architecture, EDR, QRadar, SOC"
"3155","Technology Consultant","Transnet","IT & Telecommunications","Western Cape","Cape Town","Full-Time","6.6","Bachelor's","Not specified","No","Permanent","Technology Consultant role at Transnet based in Cape Town, focused on process mapping and related responsibilities.","SME","Requirements Gathering, IT Strategy, Business Process Mapping, Functional Specs"
"3156","Infrastructure Automation Engineer","The Individual Touch","IT & Telecommunications","Gauteng","Pretoria","Full-Time","2.3","Bachelor's","Not specified","No","Permanent","Infrastructure Automation Engineer role at The Individual Touch based in Pretoria, focused on monitoring and related responsibilities.","SME","Kubernetes, Grafana, CI/CD, Site Reliability, AWS, PowerShell, GitLab CI"
"3157","Technical Project Manager","Sanlam","Health, Fitness, Medical","Not Specified","Not Specified","Contract","9.9","Bachelor's","Not specified","No","Contract","Technical Project Manager role at Sanlam based in Not Specified, focused on budgeting and related responsibilities.","SME","Agile, Budgeting, Project Planning, Change Management, Confluence, Stakeholder Management, Jira, Reporting"
"3158","IT Systems Administrator","iLaunch (Pty) Ltd","IT & Telecommunications","Gauteng","Midrand","Full-Time","4.3","Diploma","Not specified","No","Permanent","IT Systems Administrator role at iLaunch (Pty) Ltd based in Midrand, focused on user support and related responsibilities.","Large","Linux, SharePoint, Desktop Support, Server Maintenance, Backup & Recovery"
"3159","Dynamics 365 Consultant","Network IT","IT & Telecommunications","Gauteng","Johannesburg","Full-Time","7.7","Bachelor's","Not specified","No","Permanent","Dynamics 365 Consultant role at Network IT based in Johannesburg, focused on process mapping and related responsibilities.","SME","Dynamics 365, SDLC Governance, SAP, Business Process Mapping, Vendor Management, Requirements Gathering"
"3160","Senior Machine Learning Engineer","iOCO","IT Recruitment","Western Cape","Cape Town","Full-Time","5.5","Honours","Not specified","No","Permanent","Senior Machine Learning Engineer role at iOCO based in Cape Town, focused on AI integration and related responsibilities.","SME","AWS SageMaker, Computer Vision, Deep Learning, MLOps, Reinforcement Learning, AI, Statistics, Neural Networks"
"3161","ICT Systems Administrator","TooMuchWifi","FMCG, Retail, Wholesale","Not Specified","Not Specified","Contract","2.1","Certification","Not specified","No","Contract","ICT Systems Administrator role at TooMuchWifi based in Not Specified, focused on system maintenance and related responsibilities.","Large","DNS, Microsoft 365, TCP/IP, Exchange, Firewalls, Printers, Networking"
"3162","IT Coordinator","Capitec Bank LTD","IT & Telecommunications","Eastern Cape","East London","Full-Time","4.7","Not Specified","Not specified","No","Permanent","IT Coordinator role at Capitec Bank LTD based in East London, focused on hardware maintenance and related responsibilities.","SME","Budgeting, IT Strategy, Compliance"
"3163","IT Project Manager","Google","IT & Telecommunications","Gauteng","Johannesburg","Full-Time","5.1","Bachelor's","Not specified","No","Permanent","IT Project Manager role at Google based in Johannesburg, focused on risk management and related responsibilities.","SME","MS Project, PRINCE2, Waterfall, Risk Management, Agile, PMO, Confluence"
"3164","Data Engineer_Data Analytics Platform","iSanqa","IT Recruitment","Not Specified","Not Specified","Full-Time","2.3","Not Specified","Not specified","No","Permanent","Data Engineer_Data Analytics Platform role at iSanqa based in Not Specified, focused on cloud data platforms and related responsibilities.","SME","GCP, Data Integration, Microsoft Fabric, Azure Data Factory, Data Architecture, Airflow"
"3165","IT Sales Executive","Mediro ICT Recruitment","IT & Telecommunications","Gauteng","Centurion","Full-Time","0.9","Not Specified","Not specified","No","Permanent","IT Sales Executive role at Mediro ICT Recruitment based in Centurion, focused on vendor management and related responsibilities.","SME","Data Entry, Documentation, Time Management, Communication, Project Management"
"3166","Senior Machine Learning Engineer","EY","IT & Telecommunications","Gauteng","Pretoria","Contract","8.0","Diploma","Not specified","Yes","Contract","Senior Machine Learning Engineer role at EY based in Pretoria, focused on NLP and related responsibilities.","SME","OpenAI API, RAG, AWS SageMaker, MLOps, Azure AI"
"3167","SAP Senior Functional Consultant","Capita South Africa","IT & Telecommunications","Western Cape","Cape Town: City Bowl","Contract","9.8","Not Specified","Not specified","No","Contract","SAP Senior Functional Consultant role at Capita South Africa based in Cape Town: City Bowl, focused on digital transformation and related responsibilities.","SME","Change Management, Solution Design, SAP, Requirements Gathering, ServiceNow, Functional Specs, IT Strategy"
"3168","AI Engineer (Entry)","Goldenrule","Banking, Finance, Insurance","Gauteng","Johannesburg","Full-Time","0.1","Master's","Not specified","No","Permanent","AI Engineer (Entry) role at Goldenrule based in Johannesburg, focused on computer vision and related responsibilities.","SME","LangChain, RAG, Reinforcement Learning"
"3169","Infrastructure Automation Engineer","Top Recruitment","IT Services","Gauteng","Johannesburg","Full-Time","4.7","Bachelor's","Not specified","No","Contract","Infrastructure Automation Engineer role at Top Recruitment based in Johannesburg, focused on cloud architecture and related responsibilities.","SME","Infrastructure as Code, Kubernetes, Bash, Azure"
"3170","AI Research Scientist","Absa","Not Specified","Gauteng","Johannesburg","Full-Time","4.8","Bachelor's","Not specified","No","Contract","AI Research Scientist role at Absa based in Johannesburg, focused on MLOps and related responsibilities.","SME","LangChain, Reinforcement Learning, Data Science, Machine Learning, PyTorch, OpenAI API, Transformers"
"3171","Data Scientist - Agentic AI & MLOps","Shoprite","Banking, Finance, Insurance","KwaZulu-Natal","Durban Central","Full-Time","2.1","Master's","Computer Science","No","Permanent","Data Scientist - Agentic AI & MLOps role at Shoprite based in Durban Central, focused on machine learning and related responsibilities.","SME","Data Governance, Spark, Model Training, R, Data Visualisation"
"3172","Wireless Engineer","Unique Personnel","IT Recruitment","Gauteng","Pretoria","Full-Time","2.2","Bachelor's","Networking","No","Permanent","Wireless Engineer role at Unique Personnel based in Pretoria, focused on fibre optics and related responsibilities.","SME","VPN, Wi-Fi 6, VoIP, Cisco"
"3173","AI Engineer (Expert)","Datonomy Solutions","IT Recruitment","Gauteng","Johannesburg North","Full-Time","0.5","Honours","Not specified","No","Permanent","AI Engineer (Expert) role at Datonomy Solutions based in Johannesburg North, focused on computer vision and related responsibilities.","SME","RAG, Model Deployment, Reinforcement Learning"
"3174","ICT Officer","MECS","Banking, Finance, Insurance","Gauteng","Johannesburg","Full-Time","4.9","Bachelor's","Not specified","Yes","Permanent","ICT Officer role at MECS based in Johannesburg, focused on IT support and related responsibilities.","SME","Windows, Troubleshooting, Vendor Management, Project Management, Budgeting"
"3175","Data Scientist (AI & Machine Learning)","PM Connection","IT & Telecommunications","Gauteng","Pretoria","Full-Time","2.9","Honours","Data Science","No","Permanent","Data Scientist (AI & Machine Learning) role at PM Connection based in Pretoria, focused on EDA and related responsibilities.","SME","Cloud Data Platforms, Data Pipelines, Advanced Analytics, Feature Stores, Predictive Modelling, AI, TensorFlow"
"3176","Helpdesk Analyst","Massmart","IT & Telecommunications","Western Cape","Cape Town: City Bowl","Full-Time","7.8","National Diploma","Not specified","No","Permanent","Helpdesk Analyst role at Massmart based in Cape Town: City Bowl, focused on user support and related responsibilities.","SME","SCCM, VPN, Office 365, Backup & Recovery, DHCP"
"3177","Senior Data Scientist","Quest Staffing Solutions","Agriculture, Forestry, Environmental","Gauteng","Midrand","Contract","9.5","Diploma","Computer Science","No","Contract","Senior Data Scientist role at Quest Staffing Solutions based in Midrand, focused on data governance and related responsibilities.","Large","Graph Modelling, Pandas, MLOps"
"3178","Software Developer II","Samaha Consulting","IT & Telecommunications","Western Cape","CPT - Northern Suburbs","Full-Time","4.1","Bachelor's","Software Engineering","No","Permanent","Software Developer II role at Samaha Consulting based in CPT - Northern Suburbs, focused on software design and related responsibilities.","SME","MVC, REST APIs, ASP.NET, TypeScript"
"3179","Senior Data Scientist","Cartrack Pty Ltd","IT & Telecommunications","Not Specified","Not Specified","Full-Time","6.1","Bachelor's","Mathematics","No","Permanent","Senior Data Scientist role at Cartrack Pty Ltd based in Not Specified, focused on data governance and related responsibilities.","SME","Machine Learning, LLMs, RAG, Deep Learning, SQL, EDA, Data Governance"
"3180","Desktop Support Technician","TooMuchWifi","IT Recruitment","Western Cape","Cape Town: Northern Suburbs","Full-Time","6.2","Diploma","Not specified","No","Permanent","Desktop Support Technician role at TooMuchWifi based in Cape Town: Northern Suburbs, focused on network administration and related responsibilities.","Large","Hardware Troubleshooting, DNS, Desktop Support"
"3181","Network Technician","First National Bank","FMCG, Retail, Wholesale","Not Specified","Not Specified","Permanent","5.0","Bachelor's","Engineering","Yes","Permanent","Network Technician role at First National Bank based in Not Specified, focused on routing & switching and related responsibilities.","SME","Network Infrastructure, LAN, Network Design, Firewalls, SD-WAN, MPLS, Transmission, Routing & Switching"
"3182","Intermediate Software Developer","Dimension Data","Banking, Finance, Insurance","Not Specified","Not Specified","Full-Time","4.6","Bachelor's","Computer Science","No","Permanent","Intermediate Software Developer role at Dimension Data based in Not Specified, focused on deployment and related responsibilities.","SME","Swift, TypeScript, Java, Flutter, Software Design, HTML"
"3183","Android Developer","iLaunch (Pty) Ltd","IT & Telecommunications","Gauteng","Johannesburg","Full-Time","2.8","Bachelor's","Engineering","No","Permanent","Android Developer role at iLaunch (Pty) Ltd based in Johannesburg, focused on testing and related responsibilities.","SME","Flutter, Kubernetes, Angular, Node.js"
"3184","IT Coordinator","IBM","IT & Telecommunications","North West","Rustenburg","Full-Time","7.9","Diploma","Not specified","No","Contract","IT Coordinator role at IBM based in Rustenburg, focused on hardware maintenance and related responsibilities.","SME","IT Support, Windows, IT Strategy, Compliance, Microsoft 365, Documentation, Hardware"
"3185","Network Technician","Falcorp Resourcing","IT & Telecommunications","Gauteng","Pretoria","Full-Time","4.5","Bachelor's","Not specified","No","Permanent","Network Technician role at Falcorp Resourcing based in Pretoria, focused on network security and related responsibilities.","SME","5G, Network Design, Fibre Optics, Wi-Fi 6, Firewalls, BGP"
"3186","AI Research Scientist","Telkom","IT & Telecommunications","Not Specified","Not Specified","Full-Time","0.9","Diploma","Not specified","Yes","Permanent","AI Research Scientist role at Telkom based in Not Specified, focused on AI integration and related responsibilities.","SME","Reinforcement Learning, Deep Learning, Transformers"
"3187","Security Engineer","Old Mutual","IT & Telecommunications","Western Cape","Cape Town","Full-Time","4.3","National Diploma/Degree","Information Technology","No","Permanent","Security Engineer role at Old Mutual based in Cape Town, focused on risk assessment and related responsibilities.","Large","Security Architecture, Penetration Testing, Network Security, SOC"
"3188","AI Research Scientist","First National Bank","Banking, Finance, Insurance","Gauteng","Johannesburg North","Full-Time","2.1","PhD","Not specified","No","Permanent","AI Research Scientist role at First National Bank based in Johannesburg North, focused on AI integration and related responsibilities.","SME","Machine Learning, LLMs, NLP, Data Science, Feature Engineering, Python, Transformers"
"3189","Business Analyst (Commodities & Derivatives)","The Individual Touch","FMCG, Retail, Wholesale","Western Cape","Cape Town","Contract","4.7","Not Specified","Not specified","No","Contract","Business Analyst (Commodities & Derivatives) role at The Individual Touch based in Cape Town, focused on UAT and related responsibilities.","SME","Digital Transformation, Requirements Gathering, Business Process Improvement, ERP Implementation, Confluence, Agile/Scrum, SDLC, Jira"
"3190","Infrastructure Automation Engineer","First National Bank","IT Recruitment","Gauteng","Fourways","Full-Time","4.6","Bachelor's","Not specified","Yes","Permanent","Infrastructure Automation Engineer role at First National Bank based in Fourways, focused on deployment pipelines and related responsibilities.","SME","GitLab CI, DevOps, Helm, ELK Stack, CI/CD, Containerisation"
"3191","Data Scientist - Agentic AI & MLOps","Prudent HR Solutions Pty Ltd","IT & Telecommunications","Not Specified","Not Specified","Full-Time","4.6","Bachelor's","Computer Science","No","Permanent","Data Scientist - Agentic AI & MLOps role at Prudent HR Solutions Pty Ltd based in Not Specified, focused on model training and related responsibilities.","Large","Machine Learning, RAG, AI, NumPy, Data Pipelines, Data Visualisation, LLMs, TensorFlow"
"3192","Spring Boot Developer","Telkom","IT Recruitment","Gauteng","Johannesburg","Full-Time","2.8","Not Specified","Information Technology","No","Permanent","Spring Boot Developer role at Telkom based in Johannesburg, focused on API development and related responsibilities.","SME","Xamarin, Git, CSS, Java, .NET, Microservices"
"3193","Business Analyst","Communicate IT","IT & Telecommunications","Western Cape","Cape Town","Full-Time","2.1","Bachelor's","Information Systems","No","Permanent","Business Analyst role at Communicate IT based in Cape Town, focused on UAT and related responsibilities.","SME","UAT, Jira, Power BI, Process Flows, Data Mapping, Process Mapping, SOPs, Confluence"
"3194","Pre-Sales Engineer","IQbusiness","Mining","Not Specified","Not Specified","Full-Time","2.2","Certification","Not specified","No","Permanent","Pre-Sales Engineer role at IQbusiness based in Not Specified, focused on documentation and related responsibilities.","SME","Project Management, Data Entry, Microsoft Office, Problem Solving, Customer Service, Teamwork"
"3195","SAP Supply Chain Functional Consultant","Imizizi","IT & Telecommunications","Western Cape","Cape Town","Contract","4.4","Not Specified","Not specified","Yes","Contract","SAP Supply Chain Functional Consultant role at Imizizi based in Cape Town, focused on stakeholder engagement and related responsibilities.","SME","Business Process Mapping, Scrum, Solution Design, Dynamics 365, Salesforce"
"3196","Business Analyst (Commodities & Derivatives)","Absa","IT Recruitment","Gauteng","Alberton","Contract","7.4","Not Specified","Finance","Yes","Contract","Business Analyst (Commodities & Derivatives) role at Absa based in Alberton, focused on process analysis and related responsibilities.","SME","Architecture Alignment, Power BI, SQL"
"3197","Infrastructure Engineer","Career Lab Pty Ltd","IT & Telecommunications","Gauteng","Pretoria","Full-Time","4.0","Bachelor's","Not specified","No","Permanent","Infrastructure Engineer role at Career Lab Pty Ltd based in Pretoria, focused on CI/CD and related responsibilities.","SME","Helm, CI/CD, GCP, Infrastructure as Code, ELK Stack, Cloud Architecture"
"3198","Senior Machine Learning Engineer","E-Merge IT Recruitment","IT & Telecommunications","Gauteng","Pretoria","Full-Time","8.0","Bachelor's","Not specified","No","Permanent","Senior Machine Learning Engineer role at E-Merge IT Recruitment based in Pretoria, focused on AI integration and related responsibilities.","SME","OpenAI API, Transformers, Computer Vision, Neural Networks, AWS SageMaker"
"3199","SAP Expert Functional Consultant","Network Contracting Solutions","Not Specified","Gauteng","Johannesburg North","Full-Time","0.3","Not Specified","Not specified","No","Permanent","SAP Expert Functional Consultant role at Network Contracting Solutions based in Johannesburg North, focused on stakeholder engagement and related responsibilities.","SME","SDLC Governance, Solution Design, Stakeholder Management, IT Strategy"
"3200","IT Auditor","The Foschini Group","IT & Telecommunications","Western Cape","Cape Town: Southern Suburbs","Full-Time","0.9","Bachelor's","Cyber Security","No","Contract","IT Auditor role at The Foschini Group based in Cape Town: Southern Suburbs, focused on risk assessment and related responsibilities.","SME","Cloud Security, Splunk, Firewalls"
"3201","AI Engineer (Entry)","Discovery","IT & Telecommunications","Gauteng","Melrose Arch","Full-Time","0.5","Honours","Not specified","No","Contract","AI Engineer (Entry) role at Discovery based in Melrose Arch, focused on computer vision and related responsibilities.","SME","Model Deployment, Neural Networks, Machine Learning, Data Science, RAG"
"3202","Risk & Investigation Data Analyst","Dimension Data","IT Recruitment","Gauteng","Johannesburg","Full-Time","0.7","Bachelor's","Not specified","No","Permanent","Risk & Investigation Data Analyst role at Dimension Data based in Johannesburg, focused on BI development and related responsibilities.","SME","Data Visualisation, Fraud Detection, SQL, Process Improvement, Anomaly Detection"
"3203","Infrastructure Automation Engineer","Nambiti Technologies (Pty) Ltd","IT & Telecommunications","Western Cape","Cape Town","Full-Time","7.3","Bachelor's","Not specified","Yes","Permanent","Infrastructure Automation Engineer role at Nambiti Technologies (Pty) Ltd based in Cape Town, focused on cloud architecture and related responsibilities.","SME","DevOps, Microservices, Containerisation, GitHub Actions"
"3204","AWS Engineer","Network Contracting Solutions","IT & Telecommunications","Western Cape","Cape Town","Full-Time","4.8","Not Specified","Not specified","No","Permanent","AWS Engineer role at Network Contracting Solutions based in Cape Town, focused on deployment pipelines and related responsibilities.","Large","Cloud Architecture, CI/CD, ELK Stack, Azure, Prometheus"
"3205","Business Analyst","The Talent Room","Not Specified","Gauteng","Johannesburg","Full-Time","2.7","Not Specified","Business Administration","No","Permanent","Business Analyst role at The Talent Room based in Johannesburg, focused on business process improvement and related responsibilities.","SME","SQL, Change Management, SOPs, Requirements Elicitation, Process Mapping, Power BI"
"3206","Product Designer","SALT","IT & Telecommunications","Western Cape","Cape Town","Full-Time","4.6","Bachelor's","Not specified","No","Permanent","Product Designer role at SALT based in Cape Town, focused on wireframing and related responsibilities.","SME","Design Thinking, User Research, Prototyping, CSS, Accessibility, Usability Testing"
"3207","Data Engineer (Microsoft Fabric)","The Foschini Group","IT & Telecommunications","Not Specified","Not Specified","Full-Time","0.0","Bachelor's","Not specified","No","Permanent","Data Engineer (Microsoft Fabric) role at The Foschini Group based in Not Specified, focused on ETL and related responsibilities.","SME","Hadoop, Dataflow, Power BI, Data Warehousing, Microsoft Fabric"
"3208","IT Administrator","Discovery","Education & Training","Western Cape","Cape Town","Full-Time","3.0","Bachelor's","Not specified","No","Contract","IT Administrator role at Discovery based in Cape Town, focused on user support and related responsibilities.","SME","Windows Server, Patch Management, Active Directory, DHCP, Intune, ServiceNow, Hyper-V, DNS"
"3209",".NET Developer","Paracon - Western Cape","Not Specified","Remote / Not Specified","Remote","Full-Time","7.4","Not Specified","Computer Science","No","Permanent",".NET Developer role at Paracon - Western Cape based in Remote, focused on system architecture and related responsibilities.","SME","Git, React, TypeScript, Vue.js, React Native, REST APIs"
"3210","PMO Analyst","Communicate IT","Banking","KwaZulu-Natal","Durban South","Full-Time","0.3","Bachelor's","Not specified","No","Permanent","PMO Analyst role at Communicate IT based in Durban South, focused on agile delivery and related responsibilities.","SME","Resource Management, SDLC, Vendor Management, MS Project, PMO"
"3211","IT Generalist","Salix Recruitment","Health, Fitness, Medical","KwaZulu-Natal","Durban","Full-Time","7.8","Bachelor's","Not specified","No","Permanent","IT Generalist role at Salix Recruitment based in Durban, focused on software installation and related responsibilities.","SME","IT Support, Project Management, Active Directory, Windows"
"3212","Node.js Developer","DevologyX","IT & Telecommunications","Gauteng","Rosebank","Full-Time","4.3","Bachelor's","Computer Science","No","Permanent","Node.js Developer role at DevologyX based in Rosebank, focused on system architecture and related responsibilities.","SME","JavaScript, PHP, Xamarin"
"3213","IT Trainer","SALT","FMCG, Retail, Wholesale","Gauteng","Johannesburg","Full-Time","4.9","Diploma","Not specified","No","Permanent","IT Trainer role at SALT based in Johannesburg, focused on vendor management and related responsibilities.","SME","Microsoft Office, Project Management, Customer Service"
"3214","AWS Engineer","E-Merge IT Recruitment","IT Recruitment","Gauteng","Johannesburg North","Full-Time","0.1","Bachelor's","Not specified","No","Permanent","AWS Engineer role at E-Merge IT Recruitment based in Johannesburg North, focused on deployment pipelines and related responsibilities.","SME","Python, Grafana, Azure, Infrastructure as Code, GitHub Actions, Docker, Prometheus"
"3215","Java Developer","Amazon Web Services","IT Recruitment","Gauteng","Johannesburg North","Full-Time","4.4","Bachelor's","Software Engineering","No","Permanent","Java Developer role at Amazon Web Services based in Johannesburg North, focused on testing and related responsibilities.","SME","SDLC, PHP, Swift"
"3216","Java Developer","bbe Recruitment","IT & Telecommunications","Gauteng","Pretoria","Full-Time","0.6","Not Specified","Information Technology","Yes","Permanent","Java Developer role at bbe Recruitment based in Pretoria, focused on software design and related responsibilities.","SME","Node.js, TDD, Kubernetes, Java, Flutter, Laravel, SQL"
"3217","Technical Consultant","Ad-Hoc","IT & Telecommunications","Western Cape","Cape Town: City Bowl","Full-Time","0.1","Bachelor's","Not specified","No","Permanent","Technical Consultant role at Ad-Hoc based in Cape Town: City Bowl, focused on digital transformation and related responsibilities.","Large","Vendor Management, Digital Transformation, Agile, Requirements Gathering, SDLC Governance, SAP, Dynamics 365, IT Strategy"
"3218","TigerGraph Data Scientist","Eskom","Health, Fitness, Medical","Gauteng","Centurion","Full-Time","2.9","Bachelor's","Data Science","No","Permanent","TigerGraph Data Scientist role at Eskom based in Centurion, focused on statistical analysis and related responsibilities.","SME","Model Training, PyTorch, Advanced Analytics, RAG, Graph Modelling, Predictive Modelling"
"3219","Cybersecurity Engineer","iSanqa","IT Recruitment","KwaZulu-Natal","Pietermaritzburg","Full-Time","4.4","Diploma","Information Technology","No","Permanent","Cybersecurity Engineer role at iSanqa based in Pietermaritzburg, focused on penetration testing and related responsibilities.","SME","CEH, Compliance, IT Audit, Incident Response"
"3220","Software Engineer","Titanium Talent","IT & Telecommunications","Gauteng","Midrand","Full-Time","0.9","Bachelor's","Computer Science","No","Permanent","Software Engineer role at Titanium Talent based in Midrand, focused on system architecture and related responsibilities.","Large","Flutter, Kotlin, C++, Microservices"
"3221","Vue.js Developer","iLaunch (Pty) Ltd","Banking, Finance, Insurance","Western Cape","Cape Town","Full-Time","0.3","Bachelor's","Software Engineering","No","Contract","Vue.js Developer role at iLaunch (Pty) Ltd based in Cape Town, focused on testing and related responsibilities.","SME","Kubernetes, HTML, TypeScript, MVC, CSS, C#, Swift"
"3222","Information Technology Officer","Cartrack Pty Ltd","FMCG, Retail, Wholesale","KwaZulu-Natal","Umhlanga","Contract","6.2","Bachelor's","Not specified","No","Contract","Information Technology Officer role at Cartrack Pty Ltd based in Umhlanga, focused on network management and related responsibilities.","SME","ITIL, Vendor Management, Budgeting"
"3223","Site Reliability Engineer","BHP","IT & Telecommunications","Gauteng","Midrand","Full-Time","7.6","Not Specified","Not specified","No","Permanent","Site Reliability Engineer role at BHP based in Midrand, focused on deployment pipelines and related responsibilities.","SME","Docker, Azure, Monitoring"
"3224","Penetration Tester","Falcorp Resourcing","Not Specified","Gauteng","Midrand","Full-Time","4.3","Bachelor's","Not specified","No","Permanent","Penetration Tester role at Falcorp Resourcing based in Midrand, focused on compliance and related responsibilities.","SME","SIEM, Incident Response, IAM, POPIA, Cloud Security, EDR, CISA"
"3225","Threat Intelligence Analyst","Humankind Group","Engineering, Technical, Manufacturing","Gauteng","Johannesburg East","Full-Time","4.9","Not Specified","Information Technology","No","Permanent","Threat Intelligence Analyst role at Humankind Group based in Johannesburg East, focused on security monitoring and related responsibilities.","SME","Vulnerability Management, Compliance, Incident Response, CompTIA Security+, IT Audit, Splunk"
"3226","Build/Release Engineer","Excellent Staffing","IT & Telecommunications","Western Cape","CPT - Northern Suburbs","Full-Time","4.1","Bachelor's","Not specified","Yes","Permanent","Build/Release Engineer role at Excellent Staffing based in CPT - Northern Suburbs, focused on containerisation and related responsibilities.","SME","Grafana, Serverless, Bash, Terraform"
"3227","Data Engineer - Lead","Salix Recruitment","IT & Telecommunications","Gauteng","Johannesburg","Full-Time","5.7","Bachelor's","Not specified","No","Permanent","Data Engineer - Lead role at Salix Recruitment based in Johannesburg, focused on data architecture and related responsibilities.","Large","SQL, Cloud Data Solutions, Azure Data Factory, Data Architecture, CI/CD, Data Integration"
"3228","Finance Data Analyst","bbe Recruitment","IT & Telecommunications","Gauteng","Johannesburg North","Contract","0.3","Bachelor's","Not specified","No","Contract","Finance Data Analyst role at bbe Recruitment based in Johannesburg North, focused on data analysis and related responsibilities.","SME","Power BI, Statistical Analysis, BI"
"3229","Senior Data Scientist","Data Monkey (PTY) LTD","IT & Telecommunications","Western Cape","Cape Winelands: Stellenbosch","Full-Time","6.8","Bachelor's","Data Science","No","Permanent","Senior Data Scientist role at Data Monkey (PTY) LTD based in Cape Winelands: Stellenbosch, focused on data governance and related responsibilities.","SME","R, Advanced Analytics, NumPy, NLP, Predictive Modelling, Statistical Analysis"
"3230","IT Business Development Manager","Hicell V- Shops Pty Ltd","IT & Telecommunications","Gauteng","Melrose Arch","Full-Time","6.1","Diploma","Not specified","No","Permanent","IT Business Development Manager role at Hicell V- Shops Pty Ltd based in Melrose Arch, focused on documentation and related responsibilities.","SME","Data Entry, Microsoft Office, Documentation"
"3231","Content Manager","Microsoft","Banking, Finance, Insurance","Gauteng","Sandton","Full-Time","9.4","Bachelor's","Not specified","No","Permanent","Content Manager role at Microsoft based in Sandton, focused on project coordination and related responsibilities.","SME","Problem Solving, Teamwork, Data Entry, Documentation, Time Management"
"3232","Platform Engineer","SALT","IT Recruitment","Gauteng","Johannesburg","Full-Time","4.0","Bachelor's","Not specified","No","Permanent","Platform Engineer role at SALT based in Johannesburg, focused on deployment pipelines and related responsibilities.","SME","CI/CD, Infrastructure as Code, GCP, Kubernetes, AWS"
"3233","Data Analyst","Communicate IT","IT & Telecommunications","Western Cape","Cape Town","Full-Time","2.5","Bachelor's","Not specified","Yes","Permanent","Data Analyst role at Communicate IT based in Cape Town, focused on dashboards and related responsibilities.","SME","Statistical Analysis, Data Cleansing, Excel, Data Governance, ETL"
"3234","Azure Engineer","Network Finance.","IT Recruitment","Gauteng","Johannesburg","Full-Time","0.5","Not Specified","Not specified","No","Permanent","Azure Engineer role at Network Finance. based in Johannesburg, focused on containerisation and related responsibilities.","SME","Ansible, AWS, ELK Stack, Linux"
"3235","Data Engineer","Super Save t/a Super Save","IT Recruitment","Gauteng","Johannesburg","Full-Time","0.4","Bachelor's","Not specified","No","Permanent","Data Engineer role at Super Save t/a Super Save based in Johannesburg, focused on data architecture and related responsibilities.","SME","Data Architecture, ELT, Microsoft Fabric, Power BI, BigQuery, SQL, Cloud Data Solutions"
"3236","Data Engineer_Data Analytics Platform","Google","IT & Telecommunications","Gauteng","Pretoria","Full-Time","6.3","Not Specified","Not specified","No","Permanent","Data Engineer_Data Analytics Platform role at Google based in Pretoria, focused on data pipelines and related responsibilities.","SME","Spark, Azure, BigQuery, SQL, Databricks, Cloud Data Solutions, Power BI, Kafka"
"3237","Azure Engineer","E-Merge IT Recruitment","FMCG, Retail, Wholesale","KwaZulu-Natal","Pietermaritzburg","Full-Time","4.1","Bachelor's","Not specified","No","Permanent","Azure Engineer role at E-Merge IT Recruitment based in Pietermaritzburg, focused on containerisation and related responsibilities.","Large","CI/CD, PowerShell, GitHub Actions, Cloud Architecture, Docker, Site Reliability"
"3238","IT Specialist","Goldman Tech Resourcing (Pty) Ltd","Not Specified","Gauteng","Johannesburg North","Full-Time","0.3","Diploma","Not specified","Yes","Permanent","IT Specialist role at Goldman Tech Resourcing (Pty) Ltd based in Johannesburg North, focused on system administration and related responsibilities.","Large","Compliance, Linux, IT Strategy, Project Management, Hardware, Software Installation"
"3239","Data Solutions Analyst","Gold Fields","Banking, Finance, Insurance","Gauteng","Roodepoort","Full-Time","2.5","Bachelor's","Not specified","No","Contract","Data Solutions Analyst role at Gold Fields based in Roodepoort, focused on data analysis and related responsibilities.","SME","Dashboards, Financial Data Analysis, Process Improvement, Business Strategy, Power BI"
"3240","Manual Tester","Network IT","IT & Telecommunications","Western Cape","Cape Town","Full-Time","4.7","Bachelor's","Not specified","No","Contract","Manual Tester role at Network IT based in Cape Town, focused on bug tracking and related responsibilities.","SME","Performance Testing, Manual Testing, Python, Bug Tracking, Agile Testing, Playwright, TestNG, Test Automation"
"3241","Software Engineer","Mediro ICT Recruitment","IT & Telecommunications","Gauteng","Pretoria","Full-Time","2.8","Certification","Software Engineering","No","Permanent","Software Engineer role at Mediro ICT Recruitment based in Pretoria, focused on system architecture and related responsibilities.","SME","React, Angular, Kubernetes, SQL"
"3242","Data Engineer / SQL Developer","Karebo Group","Banking","Western Cape","Cape Town: City Bowl","Contract","4.1","Bachelor's","Not specified","No","Contract","Data Engineer / SQL Developer role at Karebo Group based in Cape Town: City Bowl, focused on cloud data platforms and related responsibilities.","SME","GCP, SSIS, Databricks, BigQuery, Data Warehousing, Hadoop, Data Modelling"
"3243","IT Auditor","Karebo Group","Not Specified","Western Cape","Bellville","Full-Time","6.5","Bachelor's","Computer Science","No","Contract","IT Auditor role at Karebo Group based in Bellville, focused on threat detection and related responsibilities.","SME","CISA, CISSP, Vulnerability Management, IT Audit"
"3244","SOC Analyst","Catch Recruit","IT & Telecommunications","Western Cape","Stellenbosch","Full-Time","4.4","Not Specified","Information Technology","No","Permanent","SOC Analyst role at Catch Recruit based in Stellenbosch, focused on security monitoring and related responsibilities.","SME","ISO 27001, CISA, Network Security, CEH, IT Audit, POPIA"
"3245","Senior Data Analyst","Unique Personnel","IT Services","Western Cape","Stellenbosch","Full-Time","7.2","Bachelor's","Not specified","No","Permanent","Senior Data Analyst role at Unique Personnel based in Stellenbosch, focused on statistical analysis and related responsibilities.","SME","Data Mapping, Reporting, Data Warehousing, Dashboards"
"3246","Infrastructure Automation Engineer","Future Careers","IT & Telecommunications","Western Cape","Cape Town","Full-Time","4.9","Bachelor's","Not specified","No","Permanent","Infrastructure Automation Engineer role at Future Careers based in Cape Town, focused on containerisation and related responsibilities.","Large","Jenkins, Microservices, Helm, Infrastructure as Code, Ansible"
"3247","Temp Systems Administrator","cloudandthings.io","IT & Telecommunications","Gauteng","Centurion","Contract","4.4","Certification","Not specified","No","Contract","Temp Systems Administrator role at cloudandthings.io based in Centurion, focused on system maintenance and related responsibilities.","SME","Hyper-V, Active Directory, VMware, Microsoft 365"
"3248","Information Technology Officer","KPMG","IT & Telecommunications","Gauteng","Rosebank","Full-Time","5.0","Certification","Not specified","No","Permanent","Information Technology Officer role at KPMG based in Rosebank, focused on software installation and related responsibilities.","SME","ITIL, Active Directory, Hardware, Microsoft 365"
"3249","Python Developer","Anglo American","Education & Training","Gauteng","Johannesburg","Full-Time","4.1","Bachelor's","Computer Science","No","Contract","Python Developer role at Anglo American based in Johannesburg, focused on software design and related responsibilities.","Large","Python, Software Design, HTML, .NET Core, PHP"
"3250","Desktop Support Technician","Anglo American","Banking, Finance, Insurance","Western Cape","Cape Town","Contract","2.8","Bachelor's","Not specified","Yes","Contract","Desktop Support Technician role at Anglo American based in Cape Town, focused on security patches and related responsibilities.","SME","DNS, ServiceNow, Windows Server, SCCM, Office 365"
"3251","Senior Machine Learning Engineer","bbe Recruitment","Banking, Finance, Insurance","Gauteng","Menlyn","Full-Time","6.4","Bachelor's","Not specified","Yes","Permanent","Senior Machine Learning Engineer role at bbe Recruitment based in Menlyn, focused on AI integration and related responsibilities.","SME","AI, AWS SageMaker, Azure AI, Statistics, OpenAI API, Model Deployment, LangChain"
"3252","Quantitative Analyst","MSP Staffing Pty Ltd","Not Specified","KwaZulu-Natal","Durban Central","Full-Time","0.3","Diploma","Computer Science","No","Permanent","Quantitative Analyst role at MSP Staffing Pty Ltd based in Durban Central, focused on machine learning and related responsibilities.","SME","NLP, ETL, Graph Modelling, Data Pipelines, MLOps, Credit Risk Modelling, Feature Stores"
"3253","Business Analyst (Learning Management Systems)","Microsoft","Business Services","Gauteng","Fourways","Full-Time","4.5","Bachelor's","Information Systems","No","Contract","Business Analyst (Learning Management Systems) role at Microsoft based in Fourways, focused on UAT and related responsibilities.","SME","Process Mapping, Functional Specs, Architecture Alignment, Change Management, Process Flows, BRDs, Digital Transformation"
"3254","React Developer","Top Recruitment","IT & Telecommunications","Western Cape","Cape Town","Full-Time","4.9","Bachelor's","Computer Science","No","Permanent","React Developer role at Top Recruitment based in Cape Town, focused on agile development and related responsibilities.","SME","ASP.NET, Python, Kubernetes, Xamarin, HTML, Swift"
"3255","IT Auditor","MTN","IT Recruitment","Eastern Cape","Port Elizabeth","Full-Time","4.4","Not Specified","Cyber Security","No","Permanent","IT Auditor role at MTN based in Port Elizabeth, focused on compliance and related responsibilities.","SME","EDR, IAM, IT Audit, Threat Intelligence, Vulnerability Management, CompTIA Security+"
"3256","Senior Database Administrator","Super Save t/a Super Save","IT & Telecommunications","Gauteng","Johannesburg North","Full-Time","7.0","Honours/Master's","Computer Science","No","Permanent","Senior Database Administrator role at Super Save t/a Super Save based in Johannesburg North, focused on performance tuning and related responsibilities.","SME","Replication, PL/SQL, PostgreSQL, SQL, Performance Tuning, MongoDB, Oracle, T-SQL"
"3257","Business Analyst (Managed Print Services)","Psybergate (Pty) Ltd","IT & Telecommunications","Gauteng","Johannesburg","Full-Time","4.1","Not Specified","Not specified","No","Permanent","Business Analyst (Managed Print Services) role at Psybergate (Pty) Ltd based in Johannesburg, focused on stakeholder engagement and related responsibilities.","SME","Architecture Alignment, Agile/Scrum, Requirements Gathering, Business Process Improvement, Requirements Elicitation, SOPs"
"3258","IT Support Engineer","Microsoft","IT & Telecommunications","Gauteng","Johannesburg North","Full-Time","4.7","Diploma","Not specified","No","Contract","IT Support Engineer role at Microsoft based in Johannesburg North, focused on troubleshooting and related responsibilities.","SME","Backup & Recovery, Server Maintenance, DHCP, ServiceNow, VPN, Patch Management"
"3259","Embedded Software Developer","Salix Recruitment","IT & Telecommunications","Gauteng","Johannesburg","Full-Time","2.3","Bachelor's","Engineering","No","Permanent","Embedded Software Developer role at Salix Recruitment based in Johannesburg, focused on software design and related responsibilities.","SME","Laravel, React, Docker, CI/CD, C++, Kotlin, React Native, SDLC"
"3260","Developer and Data Engineer","Goldman Tech Resourcing (Pty) Ltd","IT & Telecommunications","Gauteng","Johannesburg","Full-Time","0.2","Bachelor's","Not specified","No","Permanent","Developer and Data Engineer role at Goldman Tech Resourcing (Pty) Ltd based in Johannesburg, focused on data integration and related responsibilities.","Large","Azure Data Factory, SSIS, BigQuery, ELT, Hadoop"
"3261","Cybersecurity Engineer","Samaha Consulting","IT & Telecommunications","KwaZulu-Natal","Richards Bay","Full-Time","0.1","Bachelor's","Cyber Security","No","Contract","Cybersecurity Engineer role at Samaha Consulting based in Richards Bay, focused on threat detection and related responsibilities.","SME","Risk Assessment, SOC, IDS/IPS, GRC"
"3262","SAP Supply Chain Functional Consultant","Woolworths","IT & Telecommunications","Gauteng","Johannesburg","Full-Time","4.8","Not Specified","Not specified","No","Permanent","SAP Supply Chain Functional Consultant role at Woolworths based in Johannesburg, focused on stakeholder engagement and related responsibilities.","SME","ERP, Requirements Gathering, BRDs, ServiceNow"
"3263","Scrum Master","Excellent Staffing","IT & Telecommunications","Gauteng","Johannesburg North","Full-Time","0.5","Not Specified","Not specified","No","Permanent","Scrum Master role at Excellent Staffing based in Johannesburg North, focused on project planning and related responsibilities.","SME","Jira, SDLC, PMO, Budgeting, PRINCE2, PMP, Risk Management"
"3264","Senior Data Scientist","Sibanye-Stillwater","Agriculture, Forestry, Environmental","Gauteng","Sandton","Full-Time","9.0","Bachelor's","Data Science","No","Permanent","Senior Data Scientist role at Sibanye-Stillwater based in Sandton, focused on statistical analysis and related responsibilities.","Large","EDA, NLP, NumPy, Data Governance, ETL, R, Feature Stores, Graph Modelling"
"3265","Data Scientist (Entry)","Abalobi Solutions","Health, Fitness, Medical","Gauteng","Johannesburg","Full-Time","1.1","Bachelor's","Data Science","Yes","Contract","Data Scientist (Entry) role at Abalobi Solutions based in Johannesburg, focused on data pipelines and related responsibilities.","Large","RAG, scikit-learn, TensorFlow, Statistical Analysis, AI, Deep Learning, Spark, Model Training"
"3266","Python Developer","Karebo Group","IT & Telecommunications","Gauteng","Centurion","Full-Time","2.3","Not Specified","Information Technology","No","Contract","Python Developer role at Karebo Group based in Centurion, focused on API development and related responsibilities.","SME","PHP, Software Design, SDLC"
"3267","Desktop Support Technician","Humankind Group","IT Recruitment","Gauteng","Johannesburg","Full-Time","10.3","Bachelor's","Not specified","No","Permanent","Desktop Support Technician role at Humankind Group based in Johannesburg, focused on network administration and related responsibilities.","SME","DHCP, Windows Server, Desktop Support, ServiceNow, Exchange, SharePoint, Office 365"
"3268","Android Developer","Unique Personnel","Banking, Finance, Insurance","Remote / Not Specified","Remote","Contract","0.8","Bachelor's","Computer Science","No","Contract","Android Developer role at Unique Personnel based in Remote, focused on software design and related responsibilities.","SME","Software Design, Entity Framework, TDD"
"3269","Content Manager","Unique Personnel","IT & Telecommunications","Western Cape","Cape Town","Full-Time","5.2","Not Specified","Not specified","No","Permanent","Content Manager role at Unique Personnel based in Cape Town, focused on project coordination and related responsibilities.","SME","Documentation, Project Management, Time Management, Teamwork, Problem Solving"
"3270","Software Developer","Amazon Web Services","Engineering, Technical, Manufacturing","Gauteng","Sandton","Full-Time","4.0","Bachelor's","Information Technology","No","Contract","Software Developer role at Amazon Web Services based in Sandton, focused on API development and related responsibilities.","Large","MVC, C++, .NET Core, REST APIs, React Native, C#, Docker, PHP"
"3271","Mobile Developer","Sanlam","Engineering, Technical, Manufacturing","Gauteng","Johannesburg","Full-Time","0.3","Bachelor's","Software Engineering","No","Permanent","Mobile Developer role at Sanlam based in Johannesburg, focused on API development and related responsibilities.","SME","Docker, Laravel, HTML, Flutter, React Native, .NET Core"
"3272","Business Analyst","Sasol","IT & Telecommunications","Gauteng","Johannesburg","Full-Time","0.6","Not Specified","Information Systems","No","Contract","Business Analyst role at Sasol based in Johannesburg, focused on business process improvement and related responsibilities.","SME","Confluence, Process Flows, Business Process Improvement, UAT, Power BI"
"3273","Network Administrator","The Foschini Group","Banking, Finance, Insurance","Gauteng","Centurion","Full-Time","4.8","Not Specified","Information Technology","Yes","Permanent","Network Administrator role at The Foschini Group based in Centurion, focused on routing & switching and related responsibilities.","SME","Firewalls, VPN, Transmission, Wireless, WAN, Network Security, CCNP"
"3274","Business Analyst (Property Industry)","Catch Recruit","Mining","Gauteng","Fourways","Full-Time","0.9","Not Specified","Information Systems","No","Permanent","Business Analyst (Property Industry) role at Catch Recruit based in Fourways, focused on UAT and related responsibilities.","SME","Process Flows, Agile/Scrum, BRDs"
"3275","SAP Senior Functional Consultant","E-Merge IT Recruitment","Banking, Finance, Insurance","Western Cape","Cape Town","Full-Time","8.0","Bachelor's","Not specified","No","Permanent","SAP Senior Functional Consultant role at E-Merge IT Recruitment based in Cape Town, focused on process mapping and related responsibilities.","Large","SDLC Governance, Project Management, Agile, Change Management, SAP, Stakeholder Management, Solution Design, Functional Specs"
"3276","Senior Network Engineer","Standard Bank","IT & Telecommunications","Gauteng","Johannesburg North","Contract","5.8","Bachelor's","Engineering","No","Contract","Senior Network Engineer role at Standard Bank based in Johannesburg North, focused on wireless and related responsibilities.","SME","Wireshark, SD-WAN, Wireless"
"3277","Senior Software Developer","Google","Education & Training","Not Specified","Not Specified","Full-Time","9.2","Bachelor's","Engineering","No","Permanent","Senior Software Developer role at Google based in Not Specified, focused on testing and related responsibilities.","SME","Blazor, TypeScript, Vue.js, Swift, HTML, Java, .NET, OOP"
"3278","Content Manager","Telkom","IT & Telecommunications","Gauteng","Centurion","Contract","9.1","Not Specified","Not specified","Yes","Contract","Content Manager role at Telkom based in Centurion, focused on documentation and related responsibilities.","SME","Communication, Microsoft Office, Problem Solving, Customer Service"
"3279","Data Analyst II","Anglo American","Mining","Not Specified","Not Specified","Full-Time","0.1","B-Degree","Not specified","No","Permanent","Data Analyst II role at Anglo American based in Not Specified, focused on statistical analysis and related responsibilities.","SME","Data Cleansing, Reporting, Tableau"
"3280","Risk & Investigation Data Analyst","Mediro ICT Recruitment","Banking, Finance, Insurance","Not Specified","Not Specified","Full-Time","2.2","Bachelor's","Not specified","No","Permanent","Risk & Investigation Data Analyst role at Mediro ICT Recruitment based in Not Specified, focused on statistical analysis and related responsibilities.","SME","Tableau, Data Cleansing, Data Governance, Process Improvement, BI, SQL, Dashboards"
"3281","Node.js Developer","First National Bank","IT & Telecommunications","Gauteng","Johannesburg","Full-Time","7.3","Bachelor's","Information Technology","No","Permanent","Node.js Developer role at First National Bank based in Johannesburg, focused on system architecture and related responsibilities.","SME","CSS, Kubernetes, PHP, C++, Spring Boot, SQL, React Native"
"3282","Service Desk Analyst","Staff Unlimited","Education & Training","Western Cape","Cape Town","Contract","4.7","Diploma","Not specified","No","Contract","Service Desk Analyst role at Staff Unlimited based in Cape Town, focused on network administration and related responsibilities.","SME","Microsoft 365, Linux, SCCM"
"3283","Mobile Developer","Zeal HR","IT & Telecommunications","Gauteng","Pretoria","Full-Time","2.7","Not Specified","Computer Science","No","Permanent","Mobile Developer role at Zeal HR based in Pretoria, focused on testing and related responsibilities.","SME","MVC, Xamarin, .NET, Spring Boot"
"3284","Penetration Tester","Exceed Human Resource Consultants","IT Consulting","Gauteng","Johannesburg","Full-Time","4.2","Bachelor's","Information Technology","No","Permanent","Penetration Tester role at Exceed Human Resource Consultants based in Johannesburg, focused on incident response and related responsibilities.","SME","Incident Response, CEH, CompTIA Security+, Cloud Security"
"3285","Information Technology Officer","Anglo American","IT & Telecommunications","Western Cape","Cape Winelands: Stellenbosch","Full-Time","0.5","Certification","Not specified","Yes","Permanent","Information Technology Officer role at Anglo American based in Cape Winelands: Stellenbosch, focused on system administration and related responsibilities.","SME","IT Strategy, Compliance, Software Installation, IT Support"
"3286","IT Business Development Manager","Amazon Web Services","IT Consulting","Gauteng","Johannesburg North","Full-Time","8.7","Bachelor's","Not specified","No","Permanent","IT Business Development Manager role at Amazon Web Services based in Johannesburg North, focused on project coordination and related responsibilities.","SME","Microsoft Office, Customer Service, Time Management, Communication, Documentation, Data Entry, Problem Solving"
"3287","Web Developer","Mediro ICT Recruitment","Not Specified","Remote / Not Specified","Remote","Full-Time","4.5","Bachelor's","Computer Science","No","Contract","Web Developer role at Mediro ICT Recruitment based in Remote, focused on software design and related responsibilities.","SME","ASP.NET, React Native, Software Design, Node.js, SQL"
"3288","Web Developer","BHP","IT & Telecommunications","Gauteng","Johannesburg","Full-Time","2.7","Bachelor's","Engineering","No","Permanent","Web Developer role at BHP based in Johannesburg, focused on system architecture and related responsibilities.","SME","C++, JavaScript, Spring Boot, Kotlin, Software Design, OOP"
"3289","Database Administrator","Reworks Solution LLC","Construction, Property","Gauteng","Johannesburg","Full-Time","2.2","Not Specified","Computer Science","No","Permanent","Database Administrator role at Reworks Solution LLC based in Johannesburg, focused on high availability and related responsibilities.","SME","PostgreSQL, Database Design, Data Warehousing, SQL Server"
"3290","Interaction Designer","Deloitte","IT Recruitment","Gauteng","Sandton","Full-Time","0.1","Bachelor's","Graphic Design","Partial","Permanent","Interaction Designer role at Deloitte based in Sandton, focused on interaction design and related responsibilities.","SME","User Research, Accessibility, Design Systems, Interaction Design, Responsive Design, Design Thinking, Sketch"
"3291","Network Engineer","Tumaini Consulting","Banking, Finance, Insurance","Gauteng","Johannesburg","Full-Time","0.1","Bachelor's","Engineering","Yes","Permanent","Network Engineer role at Tumaini Consulting based in Johannesburg, focused on telecom systems and related responsibilities.","SME","VoIP, Network Infrastructure, 5G, WAN, Cisco"
"3292","Cloud Engineer","Data Monkey (PTY) LTD","IT Recruitment","KwaZulu-Natal","Richards Bay","Full-Time","0.4","Bachelor's","Not specified","No","Permanent","Cloud Engineer role at Data Monkey (PTY) LTD based in Richards Bay, focused on infrastructure automation and related responsibilities.","SME","Serverless, ELK Stack, Cloud Architecture, Bash, Docker, Ansible"
"3293","Wireless Engineer","Goldman Tech Resourcing (Pty) Ltd","Banking, Finance, Insurance","Western Cape","Cape Town: Northern Suburbs","Full-Time","0.5","Bachelor's","Not specified","No","Permanent","Wireless Engineer role at Goldman Tech Resourcing (Pty) Ltd based in Cape Town: Northern Suburbs, focused on wireless and related responsibilities.","SME","Fibre Optics, MPLS, Network Infrastructure, CCNA"
"3294","Scrum Master","Humankind Group","IT & Telecommunications","Gauteng","Menlyn","Full-Time","4.3","Not Specified","Not specified","Yes","Permanent","Scrum Master role at Humankind Group based in Menlyn, focused on project planning and related responsibilities.","SME","Vendor Management, PMO, Stakeholder Management, MS Project, Agile, Jira, Scrum, Budgeting"
"3295","Data Scientist (Pipeline)","Woolworths","IT Consulting","Not Specified","Not Specified","Full-Time","0.5","Bachelor's","Mathematics","No","Permanent","Data Scientist (Pipeline) role at Woolworths based in Not Specified, focused on model training and related responsibilities.","SME","TensorFlow, EDA, Data Modelling, scikit-learn"
"3296","IT Auditor","Paracon - Western Cape","IT & Telecommunications","Gauteng","Centurion","Full-Time","4.6","Not Specified","Cyber Security","No","Permanent","IT Auditor role at Paracon - Western Cape based in Centurion, focused on threat detection and related responsibilities.","SME","Compliance, Security Architecture, ISO 27001, SIEM, CISSP, CEH, Vulnerability Management"
"3297","Technical Writer","Hicell V- Shops Pty Ltd","Business Services","Western Cape","CPT - Northern Suburbs","Full-Time","7.6","Bachelor's","Not specified","No","Permanent","Technical Writer role at Hicell V- Shops Pty Ltd based in CPT - Northern Suburbs, focused on project coordination and related responsibilities.","SME","Problem Solving, Communication, Project Management, Data Entry"
"3298","SAP Supply Chain Functional Consultant","Capitec Bank LTD","IT Recruitment","Gauteng","Midrand","Full-Time","0.5","Bachelor's","Not specified","No","Permanent","SAP Supply Chain Functional Consultant role at Capitec Bank LTD based in Midrand, focused on stakeholder engagement and related responsibilities.","SME","SAP, Change Management, Requirements Gathering, Scrum"
"3299","IT Auditor","Catch Recruit","IT & Telecommunications","Western Cape","Cape Town","Contract","0.1","Diploma","Cyber Security","No","Contract","IT Auditor role at Catch Recruit based in Cape Town, focused on incident response and related responsibilities.","SME","Risk Assessment, IAM, Cloud Security, GRC"
"3300","Intermediate Data Engineer","Amazon Web Services","IT & Telecommunications","Gauteng","Menlyn","Full-Time","2.2","Not Specified","Not specified","No","Permanent","Intermediate Data Engineer role at Amazon Web Services based in Menlyn, focused on cloud data platforms and related responsibilities.","Large","Dataflow, Airflow, Azure"
"3301","IT Generalist","RedM Professional Services","IT Consulting","Gauteng","Roodepoort","Full-Time","1.0","Diploma","Not specified","No","Permanent","IT Generalist role at RedM Professional Services based in Roodepoort, focused on IT support and related responsibilities.","SME","Budgeting, Windows, Hardware, Project Management, Active Directory, Microsoft 365, Linux, IT Strategy"
"3302","Software Test Engineer","Tumaini Consulting","IT & Telecommunications","Gauteng","Pretoria","Full-Time","7.3","Not Specified","Not specified","Yes","Permanent","Software Test Engineer role at Tumaini Consulting based in Pretoria, focused on UAT and related responsibilities.","SME","Bug Tracking, Agile Testing, Performance Testing, Regression Testing, JMeter, Python, API Testing"
"3303","SEO Specialist","Communicate Finance","IT & Telecommunications","Gauteng","Midrand","Permanent","2.0","Not Specified","Not specified","No","Permanent","SEO Specialist role at Communicate Finance based in Midrand, focused on vendor management and related responsibilities.","SME","Communication, Data Entry, Time Management, Project Management, Microsoft Office, Documentation"
"3304","Data Engineer (Microsoft Fabric)","Attain People","IT & Telecommunications","Western Cape","Cape Town","Full-Time","0.9","Bachelor's","Not specified","No","Permanent","Data Engineer (Microsoft Fabric) role at Attain People based in Cape Town, focused on data architecture and related responsibilities.","SME","Data Pipelines, Data Modelling, Data Integration, Python, Hadoop, Airflow, ETL"
"3305","IT Technician","iLaunch (Pty) Ltd","Education & Training","Gauteng","Centurion","Full-Time","2.3","Certification","Not specified","No","Permanent","IT Technician role at iLaunch (Pty) Ltd based in Centurion, focused on security patches and related responsibilities.","SME","Ticketing Systems, TCP/IP, Microsoft 365, Linux"
"3306","Site Reliability Engineer","Titanium Talent","IT & Telecommunications","Western Cape","Somerset West","Full-Time","2.5","Bachelor's","Not specified","Yes","Permanent","Site Reliability Engineer role at Titanium Talent based in Somerset West, focused on CI/CD and related responsibilities.","SME","ELK Stack, GitLab CI, Containerisation, Monitoring, Python"
"3307","SAP Senior Functional Consultant","Microsoft","Not Specified","Western Cape","Wynberg","Full-Time","5.1","Bachelor's","Not specified","No","Permanent","SAP Senior Functional Consultant role at Microsoft based in Wynberg, focused on requirements gathering and related responsibilities.","SME","ServiceNow, ERP, SDLC Governance"
"3308","Service Desk Analyst","PwC","Education & Training","Gauteng","Pretoria","Contract","2.9","Diploma","Not specified","No","Contract","Service Desk Analyst role at PwC based in Pretoria, focused on troubleshooting and related responsibilities.","SME","Exchange, VMware, DNS, Windows Server"
"3309","Junior Data Scientist","QE Services","IT Consulting","Gauteng","Johannesburg South","Full-Time","1.6","Bachelor's","Statistics","No","Permanent","Junior Data Scientist role at QE Services based in Johannesburg South, focused on statistical analysis and related responsibilities.","SME","Model Training, Data Visualisation, Data Governance, LLMs, NLP, R"
"3310","Node.js Developer","Network Contracting Solutions","Agriculture, Forestry, Environmental","Gauteng","Johannesburg North","Full-Time","0.6","Diploma","Computer Science","No","Permanent","Node.js Developer role at Network Contracting Solutions based in Johannesburg North, focused on agile development and related responsibilities.","SME","React, SQL, C#, .NET, Microservices, Xamarin, PHP, Node.js"
"3311","AI Engineer (Expert)","SALT","IT & Telecommunications","Gauteng","Centurion","Full-Time","4.2","PhD","Not specified","No","Permanent","AI Engineer (Expert) role at SALT based in Centurion, focused on model development and related responsibilities.","SME","Computer Vision, LangChain, Data Science, Azure AI, OpenAI API, NLP, scikit-learn"
"3312","AI Engineer (Expert)","cloudandthings.io","IT & Telecommunications","KwaZulu-Natal","Durban","Full-Time","4.7","Honours","Not specified","No","Contract","AI Engineer (Expert) role at cloudandthings.io based in Durban, focused on deep learning and related responsibilities.","SME","Machine Learning, MLOps, OpenAI API"
"3313","Business Analyst (GLR)","Nigel Frank International","IT Recruitment","Gauteng","Johannesburg","Full-Time","4.0","Bachelor's","Not specified","No","Permanent","Business Analyst (GLR) role at Nigel Frank International based in Johannesburg, focused on stakeholder engagement and related responsibilities.","SME","Documentation, SOPs, Data Mapping"
"3314","Data Engineer","BHP","IT Consulting","Western Cape","Cape Town: City Bowl","Full-Time","6.9","Not Specified","Not specified","No","Contract","Data Engineer role at BHP based in Cape Town: City Bowl, focused on data integration and related responsibilities.","SME","Hadoop, Data Lakes, BigQuery, Kafka, AWS"
"3315","Data Scientist - Agentic AI & MLOps","iOCO","IT & Telecommunications","Not Specified","Not Specified","Full-Time","4.1","Honours","Data Science","No","Permanent","Data Scientist - Agentic AI & MLOps role at iOCO based in Not Specified, focused on data governance and related responsibilities.","SME","Cloud Data Platforms, NLP, Feature Stores, NumPy, Data Modelling, Data Visualisation"
"3316","IT Business Development Manager","Deloitte","Banking, Finance, Insurance","Western Cape","Cape Town: Northern Suburbs","Full-Time","5.0","Bachelor's","Not specified","No","Permanent","IT Business Development Manager role at Deloitte based in Cape Town: Northern Suburbs, focused on vendor management and related responsibilities.","SME","Microsoft Office, Customer Service, Time Management, Data Entry, Project Management, Documentation"
"3317","Build/Release Engineer","Sibanye-Stillwater","IT & Telecommunications","Western Cape","Cape Town","Full-Time","7.8","Not Specified","Not specified","No","Permanent","Build/Release Engineer role at Sibanye-Stillwater based in Cape Town, focused on monitoring and related responsibilities.","Large","Linux, Jenkins, Helm, Infrastructure as Code, DevOps, GitLab CI, GCP, Python"
"3318","Spring Boot Developer","TAC Recruitment","FMCG, Retail, Wholesale","Western Cape","Stellenbosch","Full-Time","4.7","Not Specified","Engineering","No","Permanent","Spring Boot Developer role at TAC Recruitment based in Stellenbosch, focused on software design and related responsibilities.","SME","Spring Boot, C#, MVC, Kubernetes, React"
"3319","ICT Technician","Super Save t/a Super Save","IT & Telecommunications","Remote / Not Specified","Remote","Full-Time","0.9","Diploma","Not specified","No","Permanent","ICT Technician role at Super Save t/a Super Save based in Remote, focused on server management and related responsibilities.","SME","Microsoft 365, Active Directory, Printers"
"3320","Senior Software Developer","E and D Recruiters","Business Services","Western Cape","Cape Town","Full-Time","6.7","Bachelor's","Information Technology","No","Permanent","Senior Software Developer role at E and D Recruiters based in Cape Town, focused on agile development and related responsibilities.","SME","SQL, C#, TypeScript, Java"
"3321","Business Analyst (Property Industry)","The Foschini Group","Not Specified","Western Cape","Cape Town: Northern Suburbs","Full-Time","0.6","Bachelor's","Not specified","No","Permanent","Business Analyst (Property Industry) role at The Foschini Group based in Cape Town: Northern Suburbs, focused on business process improvement and related responsibilities.","Large","Jira, Functional Specs, Agile/Scrum, Process Flows, Architecture Alignment"
"3322","Systems Administrator","Momentum","Recruitment","Western Cape","Cape Town","Full-Time","2.9","National Diploma","Not specified","No","Permanent","Systems Administrator role at Momentum based in Cape Town, focused on user support and related responsibilities.","SME","Intune, ServiceNow, DHCP, DNS, Backup & Recovery, Printers, Desktop Support"
"3323","Desktop Support Technician","Discovery","IT & Telecommunications","Gauteng","Menlyn","Full-Time","4.6","Diploma","Not specified","No","Permanent","Desktop Support Technician role at Discovery based in Menlyn, focused on network administration and related responsibilities.","SME","Desktop Support, Active Directory, VPN, Intune, ITIL, VMware, SharePoint"
"3324","IT Support Engineer","wePlace (Pty) Ltd","FMCG, Retail, Wholesale","Western Cape","Stellenbosch","Full-Time","3.0","Certification","Not specified","No","Permanent","IT Support Engineer role at wePlace (Pty) Ltd based in Stellenbosch, focused on network administration and related responsibilities.","SME","Exchange, Active Directory, VPN"
"3325","Infrastructure Engineer","Reworks Solution LLC","Banking, Finance, Insurance","Western Cape","Cape Town: Northern Suburbs","Full-Time","0.4","Bachelor's","Not specified","No","Permanent","Infrastructure Engineer role at Reworks Solution LLC based in Cape Town: Northern Suburbs, focused on monitoring and related responsibilities.","SME","Helm, Infrastructure as Code, PowerShell"
"3326","Embedded Software Developer","Imizizi","Engineering, Technical, Manufacturing","Not Specified","Not Specified","Contract","3.0","Bachelor's","Software Engineering","No","Contract","Embedded Software Developer role at Imizizi based in Not Specified, focused on software design and related responsibilities.","SME","React Native, Spring Boot, Swift, Xamarin, MVC"
"3327","Product Owner","Future Careers","IT & Telecommunications","Remote / Not Specified","Remote","Full-Time","0.2","Bachelor's","Not specified","No","Permanent","Product Owner role at Future Careers based in Remote, focused on risk management and related responsibilities.","SME","Vendor Management, SDLC, Reporting, Stakeholder Management, Scrum, Confluence, Risk Management, Resource Management"
"3328","Business Analyst & Product Owner","Transnet","IT Recruitment","Not Specified","Not Specified","Contract","4.5","Not Specified","Information Systems","No","Contract","Business Analyst & Product Owner role at Transnet based in Not Specified, focused on requirements documentation and related responsibilities.","Large","BRDs, Documentation, SOPs, Architecture Alignment, ERP Implementation, UAT"
"3329","Product Designer","Standard Bank","IT & Telecommunications","KwaZulu-Natal","Umhlanga","Permanent","6.0","Bachelor's","Graphic Design","No","Permanent","Product Designer role at Standard Bank based in Umhlanga, focused on prototyping and related responsibilities.","SME","Adobe XD, Interaction Design, HTML, User Research, Wireframing, Design Systems, Visual Design, Usability Testing"
"3330","ICT Support Specialist","Salix Recruitment","IT Recruitment","Not Specified","Not Specified","Full-Time","2.9","Bachelor's","Not specified","No","Permanent","ICT Support Specialist role at Salix Recruitment based in Not Specified, focused on software installation and related responsibilities.","SME","Microsoft 365, Vendor Management, Windows, Compliance, Linux, IT Support"
"3331",".NET Developer","Interdot","Mining","Gauteng","Johannesburg","Full-Time","0.1","Not Specified","Software Engineering","No","Contract",".NET Developer role at Interdot based in Johannesburg, focused on code review and related responsibilities.","SME","Entity Framework, JavaScript, React Native, CI/CD, Spring Boot, ASP.NET, .NET Core, HTML"
"3332","Data Analyst (Business Intelligence focus)","Computer Experts Personnel","IT & Telecommunications","Western Cape","Cape Town","Contract","4.8","Bachelor's","Not specified","No","Contract","Data Analyst (Business Intelligence focus) role at Computer Experts Personnel based in Cape Town, focused on statistical analysis and related responsibilities.","SME","Data Warehousing, Data Visualisation, Data Mapping, Financial Data Analysis, ETL, Business Strategy, Statistical Analysis, Fraud Detection"
"3333","ICT Manager","Zeal HR","Health, Fitness, Medical","KwaZulu-Natal","Durban","Contract","5.9","Bachelor's","Not specified","No","Contract","ICT Manager role at Zeal HR based in Durban, focused on software installation and related responsibilities.","Large","IT Strategy, Hardware, ITIL, IT Support, Active Directory, Budgeting, Microsoft 365"
"3334","Digital Marketing Specialist","Sabenza IT Recruitment","Not Specified","Gauteng","Johannesburg","Full-Time","4.5","Not Specified","Not specified","No","Permanent","Digital Marketing Specialist role at Sabenza IT Recruitment based in Johannesburg, focused on training and related responsibilities.","SME","Time Management, Problem Solving, Microsoft Office, Communication"
"3335","Web Developer","Sibanye-Stillwater","IT & Telecommunications","Western Cape","Stellenbosch","Full-Time","4.2","Bachelor's","Information Technology","Yes","Permanent","Web Developer role at Sibanye-Stillwater based in Stellenbosch, focused on testing and related responsibilities.","SME","Node.js, Java, Blazor, MVC"
"3336","Software Developer II","Google","FMCG, Retail, Wholesale","Gauteng","Sandton","Full-Time","5.0","Not Specified","Information Technology","No","Permanent","Software Developer II role at Google based in Sandton, focused on system architecture and related responsibilities.","SME","REST APIs, Vue.js, Docker, Entity Framework"
"3337","TigerGraph Data Scientist","Ability Recruitment","IT Consulting","Western Cape","Cape Town","Full-Time","4.7","Bachelor's","Computer Science","No","Permanent","TigerGraph Data Scientist role at Ability Recruitment based in Cape Town, focused on machine learning and related responsibilities.","SME","NumPy, RAG, TensorFlow"
"3338","Platform Engineer","TooMuchWifi","IT & Telecommunications","Gauteng","Centurion","Full-Time","2.9","Bachelor's","Not specified","No","Permanent","Platform Engineer role at TooMuchWifi based in Centurion, focused on containerisation and related responsibilities.","SME","Monitoring, Grafana, Containerisation, GCP, Linux, ELK Stack"
"3339","Quantitative Analyst","Denel","Not Specified","Not Specified","Not Specified","Full-Time","2.7","Not Specified","Computer Science","No","Contract","Quantitative Analyst role at Denel based in Not Specified, focused on EDA and related responsibilities.","SME","TensorFlow, RAG, EDA, MLOps"
"3340","SAP Ariba Functional Lead Consultant","Professional Recruitment Partners","IT & Telecommunications","Gauteng","Centurion","Full-Time","5.8","Not Specified","Not specified","No","Permanent","SAP Ariba Functional Lead Consultant role at Professional Recruitment Partners based in Centurion, focused on solution design and related responsibilities.","SME","Requirements Gathering, ERP, IT Strategy, SDLC Governance, SAP Ariba, Change Management, Business Process Mapping"
"3341","Mobile Developer","iSanqa","IT & Telecommunications","Gauteng","Rosebank","Full-Time","4.5","Bachelor's","Not specified","No","Permanent","Mobile Developer role at iSanqa based in Rosebank, focused on software design and related responsibilities.","SME","Git, Flutter, .NET, C++, JavaScript"
"3342","Cloud Architect","Parvana","Not Specified","Gauteng","Sandton","Full-Time","8.2","Bachelor's","Not specified","No","Permanent","Cloud Architect role at Parvana based in Sandton, focused on deployment pipelines and related responsibilities.","SME","CI/CD, Python, Linux"
"3343","Database Developer","E and D Recruiters","Banking, Finance, Insurance","Gauteng","Johannesburg North","Full-Time","2.9","Bachelor's","Information Systems","Yes","Permanent","Database Developer role at E and D Recruiters based in Johannesburg North, focused on ETL and related responsibilities.","SME","Replication, MySQL, SSIS"
"3344","Cloud Engineer","PwC","Banking","Gauteng","Centurion","Full-Time","0.5","Not Specified","Not specified","No","Permanent","Cloud Engineer role at PwC based in Centurion, focused on deployment pipelines and related responsibilities.","SME","Site Reliability, GCP, Python, Microservices"
"3345","Senior Network Engineer","Goldenrule","Banking, Finance, Insurance","Not Specified","Not Specified","Full-Time","9.0","Bachelor's","Telecommunications","No","Permanent","Senior Network Engineer role at Goldenrule based in Not Specified, focused on routing & switching and related responsibilities.","SME","MPLS, Network Security, TCP/IP, Cisco, LAN, WAN, Firewalls"
"3346","Intermediate Software Developer","Shoprite","Banking, Finance, Insurance","Gauteng","JHB - Northern Suburbs","Contract","4.2","Bachelor's","Not specified","No","Contract","Intermediate Software Developer role at Shoprite based in JHB - Northern Suburbs, focused on system architecture and related responsibilities.","SME","Swift, PHP, TypeScript"
"3347","Cybersecurity Specialist","JMR Software (Pty) Ltd","Banking, Finance, Insurance","Gauteng","Pretoria","Full-Time","7.0","Diploma","Cyber Security","No","Permanent","Cybersecurity Specialist role at JMR Software (Pty) Ltd based in Pretoria, focused on threat detection and related responsibilities.","SME","CEH, CISSP, Threat Intelligence, SIEM"
"3348","IT Trainer","Parvana","Banking, Finance, Insurance","Not Specified","Not Specified","Full-Time","4.5","Bachelor's","Not specified","No","Permanent","IT Trainer role at Parvana based in Not Specified, focused on training and related responsibilities.","SME","Problem Solving, Data Entry, Time Management, Teamwork, Project Management, Microsoft Office"
"3349","ICT Manager","Discovery","IT & Telecommunications","Gauteng","Johannesburg","Full-Time","6.0","Bachelor's","Not specified","No","Permanent","ICT Manager role at Discovery based in Johannesburg, focused on software installation and related responsibilities.","SME","ITIL, Troubleshooting, IT Support, Windows, Documentation, Compliance, Vendor Management"
"3350","Network Technician","The Individual Touch","IT & Telecommunications","Western Cape","Cape Town","Full-Time","0.6","Bachelor's","Information Technology","No","Permanent","Network Technician role at The Individual Touch based in Cape Town, focused on routing & switching and related responsibilities.","SME","Wireless, WAN, Network Infrastructure, RF, TCP/IP"
"3351","Cybersecurity Specialist","Unique Personnel","Banking, Finance, Insurance","Gauteng","JHB - Northern Suburbs","Permanent","4.1","Bachelor's","Cyber Security","No","Permanent","Cybersecurity Specialist role at Unique Personnel based in JHB - Northern Suburbs, focused on security monitoring and related responsibilities.","SME","QRadar, Incident Response, Firewalls, IAM, GRC, CISSP, Splunk"
"3352","Backend Developer","The Foschini Group","IT & Telecommunications","Remote / Not Specified","Remote","Full-Time","0.5","Not Specified","Computer Science","No","Permanent","Backend Developer role at The Foschini Group based in Remote, focused on testing and related responsibilities.","SME","Node.js, Software Design, Kubernetes, HTML, JavaScript"
"3353","Intermediate Data Engineer","First National Bank","Banking","Gauteng","Pretoria","Contract","4.3","Not Specified","Not specified","No","Contract","Intermediate Data Engineer role at First National Bank based in Pretoria, focused on data architecture and related responsibilities.","SME","Kafka, Data Integration, Azure"
"3354","IT Project Manager","IQbusiness","Not Specified","Gauteng","Pretoria","Full-Time","7.0","Not Specified","Not specified","No","Permanent","IT Project Manager role at IQbusiness based in Pretoria, focused on resource management and related responsibilities.","SME","Risk Management, Resource Management, Scrum, Agile"
"3355","Senior Data Engineer","Staff Unlimited","FMCG, Retail, Wholesale","Western Cape","Stellenbosch","Full-Time","9.2","Not Specified","Not specified","No","Permanent","Senior Data Engineer role at Staff Unlimited based in Stellenbosch, focused on ETL and related responsibilities.","SME","Data Warehousing, CI/CD, Data Architecture, AWS, Data Integration, GCP"
"3356","AI Research Scientist","First National Bank","Recruitment","Gauteng","Pretoria","Full-Time","7.7","Bachelor's","Not specified","No","Contract","AI Research Scientist role at First National Bank based in Pretoria, focused on NLP and related responsibilities.","SME","RAG, AI, Machine Learning, scikit-learn, Deep Learning, Azure AI, Statistics, Python"
"3357","Computer Vision Engineer","TAC Recruitment","IT & Telecommunications","KwaZulu-Natal","Durban South","Full-Time","4.1","Bachelor's","Not specified","No","Permanent","Computer Vision Engineer role at TAC Recruitment based in Durban South, focused on deep learning and related responsibilities.","SME","Statistics, RAG, Model Deployment, AI"
"3358","Threat Intelligence Analyst","The Foschini Group","IT & Telecommunications","Gauteng","Johannesburg","Full-Time","0.3","Not Specified","Information Technology","No","Permanent","Threat Intelligence Analyst role at The Foschini Group based in Johannesburg, focused on risk assessment and related responsibilities.","SME","CompTIA Security+, IAM, CISSP, SIEM, Firewalls"
"3359","Business Analyst (Commodities & Derivatives)","Network Contracting Solutions","IT & Telecommunications","Gauteng","Johannesburg","Full-Time","0.4","Bachelor's","Business Administration","No","Permanent","Business Analyst (Commodities & Derivatives) role at Network Contracting Solutions based in Johannesburg, focused on requirements documentation and related responsibilities.","SME","Process Flows, Stakeholder Engagement, ERP Implementation, UAT"
"3360","Business Analyst (Commodities & Derivatives)","Falcorp Resourcing","Business Services","Western Cape","Cape Town","Permanent","0.4","Honours","Information Systems","Yes","Permanent","Business Analyst (Commodities & Derivatives) role at Falcorp Resourcing based in Cape Town, focused on stakeholder engagement and related responsibilities.","SME","Power BI, SQL, Stakeholder Engagement, SOPs"
"3361","Data Solutions Analyst","Staff Unlimited","IT Services","Eastern Cape","East London","Full-Time","1.0","Not Specified","Not specified","No","Permanent","Data Solutions Analyst role at Staff Unlimited based in East London, focused on statistical analysis and related responsibilities.","SME","Excel, Azure Data Fundamentals, Compliance Data, Process Improvement, Dashboards, Financial Data Analysis, Statistical Analysis, Business Strategy"
"3362","Scrum Master","Attain People","Not Specified","Not Specified","Not Specified","Full-Time","4.8","Not Specified","Not specified","No","Permanent","Scrum Master role at Attain People based in Not Specified, focused on stakeholder management and related responsibilities.","SME","SDLC, Agile, Waterfall, Project Planning"
"3363","Platform Engineer","Anglo American","IT Consulting","Not Specified","Not Specified","Full-Time","0.3","Not Specified","Not specified","No","Permanent","Platform Engineer role at Anglo American based in Not Specified, focused on cloud architecture and related responsibilities.","Large","AWS, Cloud Architecture, Bash"
"3364","Network Technician","Cartrack Pty Ltd","IT & Telecommunications","Not Specified","Not Specified","Full-Time","2.7","Bachelor's","Information Technology","No","Permanent","Network Technician role at Cartrack Pty Ltd based in Not Specified, focused on telecom systems and related responsibilities.","SME","RF, VPN, Fibre Optics, Wi-Fi 6, Firewalls, Network Infrastructure, 5G, SD-WAN"
"3365","IT Trainer","BCX","IT & Telecommunications","Mpumalanga","Secunda","Full-Time","4.3","Bachelor's","Not specified","No","Permanent","IT Trainer role at BCX based in Secunda, focused on technical support and related responsibilities.","SME","Time Management, Documentation, Project Management, Communication, Data Entry, Problem Solving"
"3366","Software Developer","Excellent Staffing","Engineering, Technical, Manufacturing","Western Cape","Wynberg","Full-Time","4.4","Diploma","Not specified","No","Permanent","Software Developer role at Excellent Staffing based in Wynberg, focused on testing and related responsibilities.","SME",".NET Core, Flutter, ASP.NET, TypeScript, Swift, SQL, CSS"
"3367","Junior Data Scientist","IBM","IT & Telecommunications","Gauteng","Midrand","Full-Time","2.0","Bachelor's","Data Science","No","Permanent","Junior Data Scientist role at IBM based in Midrand, focused on EDA and related responsibilities.","Large","Data Visualisation, Pandas, AI, Spark, RAG"
"3368","Protocol Software Developer","First National Bank","Not Specified","Eastern Cape","East London","Contract","7.4","Bachelor's","Engineering","Yes","Contract","Protocol Software Developer role at First National Bank based in East London, focused on software design and related responsibilities.","SME","Entity Framework, Swift, Angular"
"3369","ICT Systems Administrator","The Recruitment Pig","IT & Telecommunications","Gauteng","Centurion","Full-Time","4.1","Diploma","Not specified","No","Permanent","ICT Systems Administrator role at The Recruitment Pig based in Centurion, focused on server management and related responsibilities.","SME","Intune, Linux, TCP/IP, ITIL, Patch Management, VPN, Firewalls, VMware"
"3370","SEO Specialist","IBM","Business Services","Not Specified","Not Specified","Full-Time","7.3","Bachelor's","Not specified","No","Permanent","SEO Specialist role at IBM based in Not Specified, focused on project coordination and related responsibilities.","SME","Communication, Microsoft Office, Teamwork, Documentation"
"3371","Technical Writer","Vodacom","IT Recruitment","Gauteng","Johannesburg North","Full-Time","7.7","Diploma","Not specified","No","Permanent","Technical Writer role at Vodacom based in Johannesburg North, focused on documentation and related responsibilities.","SME","Data Entry, Communication, Time Management, Problem Solving, Project Management"
"3372","RF Engineer","Future Careers","Not Specified","Gauteng","Centurion","Full-Time","4.5","Not Specified","Information Technology","Yes","Permanent","RF Engineer role at Future Careers based in Centurion, focused on fibre optics and related responsibilities.","SME","RF, Wi-Fi 6, Network Monitoring, BGP, SD-WAN, CCNA, VPN, Transmission"
"3373","Mobile Developer","PwC","Engineering, Technical, Manufacturing","Gauteng","Centurion","Full-Time","0.4","Bachelor's","Information Technology","No","Contract","Mobile Developer role at PwC based in Centurion, focused on agile development and related responsibilities.","SME","TDD, C++, Docker, Vue.js, Git"
"3374","Node.js Developer","The Foschini Group","IT & Telecommunications","Gauteng","Pretoria","Full-Time","2.8","Not Specified","Computer Science","Yes","Permanent","Node.js Developer role at The Foschini Group based in Pretoria, focused on code review and related responsibilities.","SME","HTML, .NET, Microservices, Vue.js, SDLC, PHP, Software Design"
"3375","Mobile Developer","Sanlam","Banking, Finance, Insurance","Gauteng","JHB - Northern Suburbs","Full-Time","0.4","Bachelor's","Information Technology","No","Permanent","Mobile Developer role at Sanlam based in JHB - Northern Suburbs, focused on API development and related responsibilities.","SME","Kubernetes, TDD, MVC, Code Review, Angular"
"3376","IT Auditor","Quest Staffing Solutions","IT & Telecommunications","Eastern Cape","Port Elizabeth","Full-Time","2.9","Bachelor's","Not specified","No","Contract","IT Auditor role at Quest Staffing Solutions based in Port Elizabeth, focused on security monitoring and related responsibilities.","SME","Risk Assessment, POPIA, IDS/IPS, Security Architecture"
"3377","AI Automation Engineer","Transnet","IT Consulting","Not Specified","Not Specified","Full-Time","0.0","Diploma","Not specified","No","Permanent","AI Automation Engineer role at Transnet based in Not Specified, focused on AI integration and related responsibilities.","SME","Speech Recognition, Reinforcement Learning, TensorFlow, Python, Transformers, LangChain, MLOps, NLP"
"3378","Machine Learning Engineer","AO Connect Solutions","Banking, Finance, Insurance","Gauteng","Gauteng","Full-Time","7.0","Honours","Not specified","No","Permanent","Machine Learning Engineer role at AO Connect Solutions based in Gauteng, focused on NLP and related responsibilities.","SME","NLP, AI, Azure AI"
"3379","AI Research Scientist","Newsclip Media Monitoring (Pty) Ltd.","FMCG, Retail, Wholesale","Not Specified","Not Specified","Full-Time","4.4","Master's","Not specified","Yes","Permanent","AI Research Scientist role at Newsclip Media Monitoring (Pty) Ltd. based in Not Specified, focused on AI integration and related responsibilities.","SME","Azure AI, Data Science, MLOps, AI, Reinforcement Learning, AWS SageMaker, LangChain, NLP"
"3380","Transmission Engineer","Mediro ICT Recruitment","IT & Telecommunications","Gauteng","Pretoria","Full-Time","0.8","Bachelor's","Not specified","No","Permanent","Transmission Engineer role at Mediro ICT Recruitment based in Pretoria, focused on fibre optics and related responsibilities.","Large","Fibre Optics, Wireshark, TCP/IP, MPLS, Firewalls, LAN, WAN"
"3381","AI Research Scientist","Excellent Staffing","IT & Telecommunications","KwaZulu-Natal","Pietermaritzburg","Full-Time","4.0","Bachelor's","Not specified","No","Permanent","AI Research Scientist role at Excellent Staffing based in Pietermaritzburg, focused on AI integration and related responsibilities.","SME","AWS SageMaker, Statistics, AI, Reinforcement Learning, PyTorch, Python, NLP"
"3382","Data Analyst II","Dimension Data","Banking, Finance, Insurance","Western Cape","Cape Town","Full-Time","2.1","Bachelor's","Not specified","No","Permanent","Data Analyst II role at Dimension Data based in Cape Town, focused on data analysis and related responsibilities.","SME","Dashboards, Excel, Fraud Detection, Anomaly Detection, Data Visualisation, Tableau"
"3383","Junior Data Scientist","Anglo American","Energy & Clean Tech","Gauteng","Johannesburg","Full-Time","0.5","Master's","Data Science","No","Permanent","Junior Data Scientist role at Anglo American based in Johannesburg, focused on machine learning and related responsibilities.","SME","EDA, Pandas, Statistical Analysis, Cloud Data Platforms"
"3384","IT Administrator","Salix Recruitment","Engineering, Technical, Manufacturing","Gauteng","Johannesburg North","Full-Time","0.5","Bachelor's","Not specified","No","Permanent","IT Administrator role at Salix Recruitment based in Johannesburg North, focused on security patches and related responsibilities.","SME","Patch Management, Hardware Troubleshooting, SharePoint"
"3385","SOC Analyst","Titanium Talent","IT & Telecommunications","Western Cape","Cape Town: Northern Suburbs","Full-Time","0.7","Bachelor's","Information Technology","No","Permanent","SOC Analyst role at Titanium Talent based in Cape Town: Northern Suburbs, focused on incident response and related responsibilities.","SME","Threat Intelligence, Cloud Security, EDR"
"3386","Spring Boot Developer","IQbusiness","Not Specified","Gauteng","Midrand","Full-Time","3.0","Not Specified","Information Technology","Yes","Permanent","Spring Boot Developer role at IQbusiness based in Midrand, focused on deployment and related responsibilities.","SME","Swift, REST APIs, MVC, Blazor, Software Design, Code Review, Laravel"
"3387","Spring Boot Developer","Google","IT & Telecommunications","Gauteng","Johannesburg","Full-Time","4.7","Bachelor's","Software Engineering","No","Contract","Spring Boot Developer role at Google based in Johannesburg, focused on testing and related responsibilities.","SME","CSS, Laravel, CI/CD, Git, .NET Core, PHP"
"3388","Business Analyst (Managed Print Services)","Prudent HR Solutions Pty Ltd","Not Specified","Gauteng","Fourways","Full-Time","6.2","Bachelor's","Information Systems","No","Permanent","Business Analyst (Managed Print Services) role at Prudent HR Solutions Pty Ltd based in Fourways, focused on UAT and related responsibilities.","SME","Stakeholder Engagement, Change Management, ERP Implementation, Digital Transformation, UAT, SDLC"
"3389","ICT Support Specialist","RedM Professional Services","Banking, Finance, Insurance","Western Cape","Cape Town","Full-Time","0.5","Diploma","Not specified","No","Permanent","ICT Support Specialist role at RedM Professional Services based in Cape Town, focused on network management and related responsibilities.","SME","IT Strategy, Documentation, ITIL, Project Management, Windows"
"3390","Senior ETL Developer & Database Administrator","Cartrack Pty Ltd","IT Recruitment","Gauteng","Johannesburg","Full-Time","9.1","Bachelor's","Not specified","No","Permanent","Senior ETL Developer & Database Administrator role at Cartrack Pty Ltd based in Johannesburg, focused on data warehousing and related responsibilities.","SME","Kafka, Data Pipelines, Data Warehousing"
"3391","Technology Consultant","DevologyX","IT & Telecommunications","Gauteng","Johannesburg","Full-Time","0.7","Bachelor's","Not specified","No","Contract","Technology Consultant role at DevologyX based in Johannesburg, focused on digital transformation and related responsibilities.","SME","SAP Ariba, Stakeholder Management, Functional Specs, Scrum, Project Management"
"3392","UX Designer","Imizizi","IT & Telecommunications","Not Specified","Not Specified","Full-Time","2.8","Bachelor's","Not specified","No","Permanent","UX Designer role at Imizizi based in Not Specified, focused on prototyping and related responsibilities.","SME","CSS, Prototyping, Interaction Design, Figma"
"3393","Business Analyst (Property Industry)","MECS","IT Recruitment","Not Specified","Not Specified","Permanent","0.9","Not Specified","Not specified","No","Permanent","Business Analyst (Property Industry) role at MECS based in Not Specified, focused on requirements documentation and related responsibilities.","SME","Digital Transformation, Process Mapping, Process Flows, Requirements Elicitation, Stakeholder Engagement"
"3394","Database Developer","The Talent Room","IT & Telecommunications","Western Cape","Cape Town: Northern Suburbs","Full-Time","4.5","Bachelor's","Information Technology","No","Permanent","Database Developer role at The Talent Room based in Cape Town: Northern Suburbs, focused on ETL and related responsibilities.","SME","Data Modelling, SQL, SSIS"
"3395","UX/UI Designer","Network IT","IT & Telecommunications","Gauteng","Bryanston","Full-Time","4.2","Bachelor's","Not specified","No","Permanent","UX/UI Designer role at Network IT based in Bryanston, focused on usability testing and related responsibilities.","SME","Sketch, HTML, Accessibility, Visual Design"
"3396","Senior IT Project Manager","Future Careers","Banking, Finance, Insurance","Gauteng","Midrand","Full-Time","7.7","Bachelor's","Not specified","No","Permanent","Senior IT Project Manager role at Future Careers based in Midrand, focused on risk management and related responsibilities.","SME","Project Planning, Confluence, Scrum, Budgeting"
"3397","IT Business Development Manager","RedM Professional Services","Banking, Finance, Insurance","Gauteng","Johannesburg","Full-Time","8.2","Bachelor's","Not specified","No","Permanent","IT Business Development Manager role at RedM Professional Services based in Johannesburg, focused on project coordination and related responsibilities.","Large","Time Management, Documentation, Communication, Microsoft Office"
"3398","Agile Coach","Discovery","IT Recruitment","Gauteng","Centurion","Full-Time","0.3","Not Specified","Not specified","No","Permanent","Agile Coach role at Discovery based in Centurion, focused on project planning and related responsibilities.","SME","Change Management, Jira, Agile, MS Project, PRINCE2, Scrum, PMP, Risk Management"
"3399","Senior DevOps Engineer","Datonomy Solutions","Banking, Finance, Insurance","Gauteng","Johannesburg","Full-Time","7.0","Bachelor's","Not specified","No","Permanent","Senior DevOps Engineer role at Datonomy Solutions based in Johannesburg, focused on containerisation and related responsibilities.","SME","Site Reliability, AWS, GitLab CI, Helm, Bash, Azure, Grafana"
"3400","Interaction Designer","Sabenza IT Recruitment","IT Consulting","Not Specified","Not Specified","Full-Time","2.9","Bachelor's","Graphic Design","No","Permanent","Interaction Designer role at Sabenza IT Recruitment based in Not Specified, focused on wireframing and related responsibilities.","SME","CSS, Accessibility, Usability Testing, Figma, Design Systems, Adobe XD, Information Architecture, Wireframing"
"3401","Telecom Technician","Computer Experts Personnel","Banking, Finance, Insurance","KwaZulu-Natal","Durban","Full-Time","6.2","Bachelor's","Engineering","No","Permanent","Telecom Technician role at Computer Experts Personnel based in Durban, focused on network design and related responsibilities.","SME","Network Design, Network Security, Wi-Fi 6, SD-WAN, 5G, TCP/IP"
"3402","Database Developer","MECS","Banking, Finance, Insurance","Gauteng","Johannesburg North","Contract","1.0","Bachelor's","Information Technology","No","Contract","Database Developer role at MECS based in Johannesburg North, focused on performance tuning and related responsibilities.","SME","Data Warehousing, SQL, PostgreSQL, Backup & Recovery, Oracle, SSIS, MongoDB"
"3403","Business Analyst (GLR)","Unique Personnel","IT & Telecommunications","Gauteng","Centurion","Full-Time","7.8","Bachelor's","Finance","No","Permanent","Business Analyst (GLR) role at Unique Personnel based in Centurion, focused on business process improvement and related responsibilities.","SME","Process Mapping, Business Process Improvement, Process Flows, Functional Specs, UAT, Jira, Power BI, Change Management"
"3404","IT Sales Executive","Abalobi Solutions","IT Recruitment","Western Cape","Cape Town","Full-Time","0.8","Bachelor's","Not specified","No","Permanent","IT Sales Executive role at Abalobi Solutions based in Cape Town, focused on technical support and related responsibilities.","SME","Documentation, Teamwork, Data Entry, Time Management, Microsoft Office, Customer Service, Project Management, Problem Solving"
"3405","Risk & Investigation Data Analyst","Interdot","IT & Telecommunications","Gauteng","Centurion","Full-Time","6.0","Bachelor's","Not specified","No","Permanent","Risk & Investigation Data Analyst role at Interdot based in Centurion, focused on data analysis and related responsibilities.","SME","Excel, Dashboards, Azure Data Fundamentals, Business Strategy, QlikSense, SQL, Tableau, Data Mapping"
"3406","UI Designer","Staff Unlimited","Mining","Not Specified","Not Specified","Full-Time","2.9","Not Specified","Not specified","No","Permanent","UI Designer role at Staff Unlimited based in Not Specified, focused on design systems and related responsibilities.","SME","Wireframing, Interaction Design, Accessibility, Design Thinking, Figma, Adobe XD"
"3407","Intermediate Software Developer","DevologyX","IT Recruitment","Gauteng","Fourways","Contract","4.5","Not Specified","Software Engineering","Yes","Contract","Intermediate Software Developer role at DevologyX based in Fourways, focused on agile development and related responsibilities.","SME",".NET Core, Spring Boot, CI/CD, Software Design"
"3408","Machine Learning Engineer","Momentum","Transport, Logistics & Freight","KwaZulu-Natal","Durban","Full-Time","5.0","Bachelor's","Not specified","No","Permanent","Machine Learning Engineer role at Momentum based in Durban, focused on AI integration and related responsibilities.","SME","NLP, Machine Learning, MLOps, AWS SageMaker, Computer Vision, Reinforcement Learning, Speech Recognition, Deep Learning"
"3409","SAP Functional Consultant","Hicell V- Shops Pty Ltd","Energy & Clean Tech","Gauteng","Johannesburg","Full-Time","4.2","Diploma","Not specified","No","Permanent","SAP Functional Consultant role at Hicell V- Shops Pty Ltd based in Johannesburg, focused on digital transformation and related responsibilities.","SME","Scrum, Change Management, IT Strategy, SDLC Governance, BRDs, SAP Ariba"
"3410","AI Software Developer","Google","IT & Telecommunications","Gauteng","Pretoria","Full-Time","0.9","Master's","Not specified","No","Permanent","AI Software Developer role at Google based in Pretoria, focused on AI integration and related responsibilities.","SME","NLP, Data Science, Reinforcement Learning, scikit-learn, TensorFlow, Feature Engineering, MLOps, PyTorch"
"3411","ICT Officer","Massmart","IT & Telecommunications","Gauteng","Johannesburg","Full-Time","4.9","Diploma","Not specified","No","Permanent","ICT Officer role at Massmart based in Johannesburg, focused on system administration and related responsibilities.","SME","Hardware, Networking, ITIL, IT Strategy"
"3412","Data Warehouse Developer","Capita South Africa","IT Recruitment","Gauteng","Johannesburg North","Full-Time","0.2","Not Specified","Computer Science","No","Permanent","Data Warehouse Developer role at Capita South Africa based in Johannesburg North, focused on database design and related responsibilities.","SME","Data Modelling, Performance Tuning, High Availability, Oracle, Indexing"
"3413","Data Entry Clerk","SALT","FMCG, Retail, Wholesale","Gauteng","Pretoria","Full-Time","2.0","Bachelor's","Not specified","No","Permanent","Data Entry Clerk role at SALT based in Pretoria, focused on project coordination and related responsibilities.","SME","Microsoft Office, Time Management, Communication, Documentation, Project Management, Teamwork, Customer Service"
"3414","Web Developer","IQbusiness","IT & Telecommunications","Gauteng","Johannesburg","Full-Time","4.9","Bachelor's","Information Technology","No","Contract","Web Developer role at IQbusiness based in Johannesburg, focused on API development and related responsibilities.","SME","Entity Framework, PHP, Java, Kubernetes, Python, HTML, TDD, REST APIs"
"3415","Data Entry Clerk","Goldman Tech Resourcing (Pty) Ltd","IT Consulting","Not Specified","Not Specified","Full-Time","1.4","Diploma","Not specified","No","Permanent","Data Entry Clerk role at Goldman Tech Resourcing (Pty) Ltd based in Not Specified, focused on training and related responsibilities.","SME","Documentation, Project Management, Data Entry, Teamwork"
"3416","SOC Analyst","Super Save t/a Super Save","IT & Telecommunications","Gauteng","Menlyn","Full-Time","2.8","Not Specified","Not specified","No","Permanent","SOC Analyst role at Super Save t/a Super Save based in Menlyn, focused on security monitoring and related responsibilities.","SME","EDR, Cloud Security, Splunk"
"3417","Data Scientist (Entry)","Parvana","IT Consulting","North West","Rustenburg","Full-Time","0.2","Not Specified","Computer Science","No","Contract","Data Scientist (Entry) role at Parvana based in Rustenburg, focused on data pipelines and related responsibilities.","Large","Deep Learning, NLP, Pandas, TensorFlow, Python"
"3418","Cybersecurity Analyst","Colibri Recruitment","IT & Telecommunications","Western Cape","Cape Winelands: Stellenbosch","Full-Time","4.1","Bachelor's","Cyber Security","No","Permanent","Cybersecurity Analyst role at Colibri Recruitment based in Cape Winelands: Stellenbosch, focused on compliance and related responsibilities.","SME","Compliance, Forensics, Network Security, CompTIA Security+, SOC, POPIA, Penetration Testing"
"3419","SAP Senior Functional Consultant","Samaha Consulting","IT Recruitment","Gauteng","Johannesburg East","Full-Time","7.5","Bachelor's","Not specified","No","Permanent","SAP Senior Functional Consultant role at Samaha Consulting based in Johannesburg East, focused on requirements gathering and related responsibilities.","SME","Change Management, Agile, Functional Specs, Business Process Mapping, Process Flows, IT Strategy"
"3420","Frontend Developer","Humankind Group","IT & Telecommunications","Gauteng","Johannesburg North","Full-Time","4.5","Bachelor's","Information Technology","Partial","Permanent","Frontend Developer role at Humankind Group based in Johannesburg North, focused on software design and related responsibilities.","SME","Java, Entity Framework, TDD, Angular"
"3421","Senior Data Scientist","Cartrack Pty Ltd","Transport, Logistics & Freight","Gauteng","Germiston","Full-Time","9.9","Honours","Data Science","No","Permanent","Senior Data Scientist role at Cartrack Pty Ltd based in Germiston, focused on predictive modelling and related responsibilities.","SME","Python, Machine Learning, Cloud Data Platforms, Data Governance, Data Pipelines, Data Visualisation, Deep Learning"
"3422","Field Support Engineer","Woolworths","IT Recruitment","Western Cape","Stellenbosch","Full-Time","4.9","Diploma","Not specified","Yes","Permanent","Field Support Engineer role at Woolworths based in Stellenbosch, focused on troubleshooting and related responsibilities.","SME","Patch Management, ServiceNow, Backup & Recovery, DHCP, Networking, Active Directory"
"3423","AI Engineer (Entry)","IBM","Energy & Clean Tech","Gauteng","Johannesburg North","Full-Time","0.3","Bachelor's","Not specified","No","Permanent","AI Engineer (Entry) role at IBM based in Johannesburg North, focused on NLP and related responsibilities.","SME","AWS SageMaker, Azure AI, AI"
"3424","Business Analyst (Property Industry)","Excellent Staffing","Engineering, Technical, Manufacturing","Gauteng","Johannesburg","Full-Time","7.4","Bachelor's","Not specified","No","Permanent","Business Analyst (Property Industry) role at Excellent Staffing based in Johannesburg, focused on UAT and related responsibilities.","SME","Change Management, Data Mapping, ERP Implementation"
"3425","Senior AI Engineer","Sabenza IT Recruitment","IT Consulting","KwaZulu-Natal","Durban South","Full-Time","7.5","Not Specified","Not specified","No","Contract","Senior AI Engineer role at Sabenza IT Recruitment based in Durban South, focused on NLP and related responsibilities.","SME","MLOps, Deep Learning, Speech Recognition, Statistics, RAG, OpenAI API, Feature Engineering"
"3426","PHP Developer","Denel","IT & Telecommunications","Gauteng","Johannesburg North","Full-Time","4.8","Not Specified","Information Technology","No","Permanent","PHP Developer role at Denel based in Johannesburg North, focused on testing and related responsibilities.","SME","PHP, Kotlin, Docker, TypeScript, Software Design, Xamarin, CSS"
"3427","BI Analyst","MSP Staffing Pty Ltd","IT & Telecommunications","Not Specified","Not Specified","Full-Time","4.7","Not Specified","Not specified","No","Permanent","BI Analyst role at MSP Staffing Pty Ltd based in Not Specified, focused on data analysis and related responsibilities.","SME","Business Strategy, Data Mapping, BI, ETL"
"3428","Temp Systems Administrator","Sabenza IT Recruitment","Not Specified","Not Specified","Not Specified","Full-Time","4.4","Diploma","Not specified","No","Permanent","Temp Systems Administrator role at Sabenza IT Recruitment based in Not Specified, focused on system maintenance and related responsibilities.","SME","ServiceNow, DNS, Desktop Support"
"3429","NLP Engineer","Parvana","IT & Telecommunications","Gauteng","Menlyn","Full-Time","2.2","Not Specified","Not specified","No","Permanent","NLP Engineer role at Parvana based in Menlyn, focused on AI integration and related responsibilities.","SME","TensorFlow, Reinforcement Learning, NLP"
"3430","SAP Senior Functional Consultant","AO Connect Solutions","Engineering, Technical, Manufacturing","Not Specified","Not Specified","Full-Time","9.9","Not Specified","Not specified","No","Permanent","SAP Senior Functional Consultant role at AO Connect Solutions based in Not Specified, focused on solution design and related responsibilities.","Large","SAP Ariba, Stakeholder Management, Business Process Mapping, ServiceNow, Change Management, Functional Specs, IT Strategy, Scrum"
"3431","Transmission Engineer","Network Finance.","IT & Telecommunications","Gauteng","Sandton","Full-Time","4.0","Not Specified","Networking","No","Permanent","Transmission Engineer role at Network Finance. based in Sandton, focused on telecom systems and related responsibilities.","SME","VoIP, LAN, MPLS, Network Monitoring, Network Security, VPN"
"3432","Frontend Developer","DevologyX","Banking, Finance, Insurance","Not Specified","Not Specified","Full-Time","4.2","Bachelor's","Software Engineering","No","Contract","Frontend Developer role at DevologyX based in Not Specified, focused on software design and related responsibilities.","Large","SQL, CI/CD, C#, Kotlin, Kubernetes, Python, TDD, Git"
"3433","Risk & Investigation Data Analyst","Computer Experts Personnel","IT & Telecommunications","Western Cape","Cape Town","Full-Time","2.1","Bachelor's","Not specified","No","Contract","Risk & Investigation Data Analyst role at Computer Experts Personnel based in Cape Town, focused on BI development and related responsibilities.","SME","BI, Data Visualisation, Data Mapping, Anomaly Detection, Financial Data Analysis, Data Warehousing"
"3434","Infrastructure Automation Engineer","Capita South Africa","Banking, Finance, Insurance","Gauteng","Bryanston","Full-Time","0.0","Not Specified","Not specified","Yes","Permanent","Infrastructure Automation Engineer role at Capita South Africa based in Bryanston, focused on monitoring and related responsibilities.","SME","AWS, Helm, Bash"
"3435","TigerGraph Data Scientist","Deloitte","Business Services","Western Cape","Cape Town","Full-Time","0.3","Diploma","Statistics","No","Permanent","TigerGraph Data Scientist role at Deloitte based in Cape Town, focused on statistical analysis and related responsibilities.","SME","LLMs, NumPy, RAG, Python, MLOps"
"3436","Senior ETL Developer & Database Administrator","IQbusiness","IT & Telecommunications","Gauteng","Johannesburg East","Full-Time","8.3","Bachelor's","Not specified","No","Permanent","Senior ETL Developer & Database Administrator role at IQbusiness based in Johannesburg East, focused on data warehousing and related responsibilities.","Large","Azure Data Lake, Dataflow, SSIS"
"3437","Technical Writer","Hicell V- Shops Pty Ltd","FMCG, Retail, Wholesale","Western Cape","Stellenbosch","Full-Time","0.2","Certification","Not specified","No","Permanent","Technical Writer role at Hicell V- Shops Pty Ltd based in Stellenbosch, focused on documentation and related responsibilities.","SME","Microsoft Office, Customer Service, Communication, Time Management, Teamwork, Documentation"
"3438","ICT Officer","bbe Recruitment","Engineering, Technical, Manufacturing","Western Cape","Stellenbosch","Full-Time","7.6","Bachelor's","Not specified","No","Permanent","ICT Officer role at bbe Recruitment based in Stellenbosch, focused on IT support and related responsibilities.","SME","Vendor Management, Microsoft 365, IT Support, Linux, Budgeting, Software Installation"
"3439","Business Analyst (Banking)","Excellent Staffing","IT & Telecommunications","Gauteng","Johannesburg","Full-Time","2.1","Certification","Business Administration","No","Permanent","Business Analyst (Banking) role at Excellent Staffing based in Johannesburg, focused on process analysis and related responsibilities.","SME","Architecture Alignment, Digital Transformation, Agile/Scrum"
"3440","ICT Officer","Goldenrule","IT & Telecommunications","Gauteng","Johannesburg","Full-Time","1.0","Bachelor's","Not specified","No","Contract","ICT Officer role at Goldenrule based in Johannesburg, focused on system administration and related responsibilities.","SME","Vendor Management, Software Installation, IT Strategy, Compliance, ITIL, Budgeting, Linux"
"3441","Senior Data Engineer","E-Merge IT Recruitment","Engineering, Technical, Manufacturing","Not Specified","Not Specified","Full-Time","7.6","Bachelor's","Not specified","No","Permanent","Senior Data Engineer role at E-Merge IT Recruitment based in Not Specified, focused on cloud data platforms and related responsibilities.","Large","Data Lakes, ELT, GCP, Data Pipelines, Hadoop, CI/CD, Data Modelling"
"3442","Security Architect","Falcorp Resourcing","IT & Telecommunications","Western Cape","Cape Town","Contract","7.1","Not Specified","Computer Science","No","Contract","Security Architect role at Falcorp Resourcing based in Cape Town, focused on penetration testing and related responsibilities.","SME","IAM, Vulnerability Management, EDR, Firewalls, Cloud Security, CEH, SIEM, CISSP"
"3443","Node.js Developer","Datafin IT Recruitment","IT & Telecommunications","Western Cape","Cape Town","Full-Time","0.9","Bachelor's","Software Engineering","No","Contract","Node.js Developer role at Datafin IT Recruitment based in Cape Town, focused on deployment and related responsibilities.","SME","Microservices, Code Review, OOP, Blazor, React Native, JavaScript, .NET, PHP"
"3444","Desktop Support Technician","Discovery","IT & Telecommunications","Not Specified","Not Specified","Contract","4.2","Bachelor's","Not specified","No","Contract","Desktop Support Technician role at Discovery based in Not Specified, focused on security patches and related responsibilities.","SME","DHCP, Hardware Troubleshooting, Linux, Printers, ServiceNow, TCP/IP, Desktop Support"
"3445","Systems Administrator","PM Connection","FMCG, Retail, Wholesale","Western Cape","Cape Town","Contract","4.5","Bachelor's","Not specified","No","Contract","Systems Administrator role at PM Connection based in Cape Town, focused on network administration and related responsibilities.","SME","DNS, Hardware Troubleshooting, ITIL, Patch Management, Printers, VMware"
"3446","SAP Ariba Functional Lead Consultant","MSP Staffing Pty Ltd","Health, Fitness, Medical","KwaZulu-Natal","Pietermaritzburg","Full-Time","5.1","Bachelor's","Not specified","No","Permanent","SAP Ariba Functional Lead Consultant role at MSP Staffing Pty Ltd based in Pietermaritzburg, focused on requirements gathering and related responsibilities.","SME","Change Management, ServiceNow, SDLC Governance, Scrum"
"3447","IT Recruiter","AO Connect Solutions","Not Specified","Gauteng","Midrand","Contract","0.3","Bachelor's","Not specified","No","Contract","IT Recruiter role at AO Connect Solutions based in Midrand, focused on project coordination and related responsibilities.","SME","Customer Service, Documentation, Project Management, Problem Solving, Time Management"
"3448","IT Recruiter","DevologyX","IT Consulting","Gauteng","Menlyn","Contract","7.5","Diploma","Not specified","No","Contract","IT Recruiter role at DevologyX based in Menlyn, focused on documentation and related responsibilities.","SME","Customer Service, Microsoft Office, Problem Solving, Documentation, Teamwork, Data Entry, Time Management"
"3449","Intermediate Software Developer","E-Merge IT Recruitment","IT & Telecommunications","KwaZulu-Natal","Pietermaritzburg","Full-Time","4.5","Bachelor's","Information Technology","No","Permanent","Intermediate Software Developer role at E-Merge IT Recruitment based in Pietermaritzburg, focused on system architecture and related responsibilities.","SME","CSS, JavaScript, CI/CD, C#, Xamarin, Blazor, Software Design"
"3450","Infrastructure Automation Engineer","AO Connect Solutions","Banking, Finance, Insurance","Western Cape","Cape Town","Full-Time","2.0","Bachelor's","Not specified","No","Permanent","Infrastructure Automation Engineer role at AO Connect Solutions based in Cape Town, focused on infrastructure automation and related responsibilities.","SME","Cloud Architecture, Ansible, ELK Stack, Bash"
"3451","UX Researcher","Computer Experts Personnel","IT Recruitment","Western Cape","Cape Town","Full-Time","4.6","Bachelor's","Interaction Design","No","Contract","UX Researcher role at Computer Experts Personnel based in Cape Town, focused on prototyping and related responsibilities.","Large","Responsive Design, Design Systems, Design Thinking, User Research, Interaction Design, Wireframing"
"3452","Senior Data Engineer","Paracon - Western Cape","IT & Telecommunications","Gauteng","Centurion","Full-Time","8.6","Bachelor's","Not specified","No","Permanent","Senior Data Engineer role at Paracon - Western Cape based in Centurion, focused on data warehousing and related responsibilities.","SME","Power BI, AWS, Kafka, Data Modelling, Hadoop, Dataflow"
"3453","Intermediate Data Engineer","Future Careers","IT & Telecommunications","Gauteng","Johannesburg East","Full-Time","4.7","Bachelor's","Not specified","No","Permanent","Intermediate Data Engineer role at Future Careers based in Johannesburg East, focused on data warehousing and related responsibilities.","Large","Kafka, Cloud Data Solutions, Azure, Microsoft Fabric, Data Architecture, Data Pipelines, Airflow"
"3454","IT Specialist","Colibri Recruitment","IT Recruitment","Western Cape","Cape Town","Full-Time","4.6","Bachelor's","Not specified","Yes","Permanent","IT Specialist role at Colibri Recruitment based in Cape Town, focused on system administration and related responsibilities.","SME","Troubleshooting, IT Strategy, ITIL, Hardware, Compliance, Vendor Management"
"3455","ICT Specialist","Tumaini Consulting","IT & Telecommunications","Western Cape","Stellenbosch","Permanent","2.6","Bachelor's","Not specified","No","Permanent","ICT Specialist role at Tumaini Consulting based in Stellenbosch, focused on software installation and related responsibilities.","Large","Software Installation, Documentation, Vendor Management, Troubleshooting"
"3456","Machine Learning Engineer","KPMG","Health, Fitness, Medical","Not Specified","Not Specified","Full-Time","2.3","Master's","Not specified","No","Permanent","Machine Learning Engineer role at KPMG based in Not Specified, focused on computer vision and related responsibilities.","SME","AWS SageMaker, Model Deployment, Data Science, Azure AI, AI"
"3457","Temp Systems Administrator","Absa","IT & Telecommunications","Gauteng","Johannesburg North","Full-Time","0.6","Bachelor's","Not specified","No","Permanent","Temp Systems Administrator role at Absa based in Johannesburg North, focused on system maintenance and related responsibilities.","SME","Active Directory, Hyper-V, DNS, Office 365, Ticketing Systems, SharePoint"
"3458","Junior Software Developer","Abalobi Solutions","IT & Telecommunications","Eastern Cape","Port Elizabeth","Full-Time","0.7","Bachelor's","Computer Science","No","Permanent","Junior Software Developer role at Abalobi Solutions based in Port Elizabeth, focused on software design and related responsibilities.","SME","Software Design, Python, OOP, CI/CD, Code Review, React, CSS"
"3459","Data Engineer - Databricks","MECS","IT & Telecommunications","KwaZulu-Natal","Richards Bay","Full-Time","6.8","National Diploma/Degree","Not specified","No","Contract","Data Engineer - Databricks role at MECS based in Richards Bay, focused on data pipelines and related responsibilities.","SME","Data Architecture, CI/CD, Python, Databricks, Spark, Kafka, Data Modelling"
"3460","UX Consultant","Vodacom","IT Consulting","Remote / Not Specified","Remote","Full-Time","4.5","Bachelor's","Computer Science","No","Permanent","UX Consultant role at Vodacom based in Remote, focused on prototyping and related responsibilities.","SME","Accessibility, Prototyping, HTML, Design Thinking, Figma"
"3461","Data Analyst II","Nambiti Technologies (Pty) Ltd","IT & Telecommunications","Remote / Not Specified","Remote","Full-Time","0.3","Not Specified","Not specified","Yes","Permanent","Data Analyst II role at Nambiti Technologies (Pty) Ltd based in Remote, focused on data visualisation and related responsibilities.","SME","Data Visualisation, QlikSense, Dashboards, Power BI, Data Cleansing, Tableau, SQL, Excel"
"3462","Senior Machine Learning Engineer","Woolworths","IT Recruitment","KwaZulu-Natal","Pietermaritzburg","Full-Time","9.2","Bachelor's","Not specified","Partial","Permanent","Senior Machine Learning Engineer role at Woolworths based in Pietermaritzburg, focused on NLP and related responsibilities.","SME","MLOps, LLMs, PyTorch, Computer Vision, Statistics, OpenAI API"
"3463","Infrastructure Engineer","Ability Recruitment","Banking, Finance, Insurance","Gauteng","Johannesburg","Full-Time","2.4","Diploma","Not specified","No","Permanent","Infrastructure Engineer role at Ability Recruitment based in Johannesburg, focused on deployment pipelines and related responsibilities.","SME","Microservices, Monitoring, DevOps, Azure, Kubernetes, PowerShell"
"3464","PMO Analyst","Hicell V- Shops Pty Ltd","IT & Telecommunications","Gauteng","Johannesburg North","Full-Time","0.2","Not Specified","Not specified","No","Permanent","PMO Analyst role at Hicell V- Shops Pty Ltd based in Johannesburg North, focused on project planning and related responsibilities.","SME","Risk Management, Stakeholder Management, Budgeting, SAFe, MS Project, Resource Management, Jira, PMP"
"3465","Data Solutions Analyst","The Foschini Group","IT & Telecommunications","Gauteng","Centurion","Full-Time","2.5","Bachelor's","Not specified","Yes","Contract","Data Solutions Analyst role at The Foschini Group based in Centurion, focused on dashboards and related responsibilities.","SME","QlikSense, Azure Data Fundamentals, Financial Data Analysis, Dashboards"
"3466","Platform Engineer","TooMuchWifi","Not Specified","Western Cape","Cape Town: City Bowl","Full-Time","4.1","Bachelor's","Not specified","No","Permanent","Platform Engineer role at TooMuchWifi based in Cape Town: City Bowl, focused on CI/CD and related responsibilities.","SME","CI/CD, Cloud Architecture, GitHub Actions"
"3467","Backend Developer","MECS","IT & Telecommunications","Gauteng","Menlyn","Full-Time","4.0","Bachelor's","Not specified","No","Permanent","Backend Developer role at MECS based in Menlyn, focused on software design and related responsibilities.","SME",".NET, Java, React Native, ASP.NET, Angular, TDD, PHP, Xamarin"
"3468","IT Generalist","Network Contracting Solutions","Health, Fitness, Medical","Gauteng","Sandton","Full-Time","4.7","Not Specified","Not specified","No","Permanent","IT Generalist role at Network Contracting Solutions based in Sandton, focused on software installation and related responsibilities.","SME","Documentation, Networking, Software Installation, Project Management, Troubleshooting, Active Directory, Hardware, Vendor Management"
"3469","AI Engineer","Ability Recruitment","IT & Telecommunications","Western Cape","Cape Town","Full-Time","0.8","Bachelor's","Not specified","Yes","Permanent","AI Engineer role at Ability Recruitment based in Cape Town, focused on model development and related responsibilities.","SME","LangChain, PyTorch, Data Science, OpenAI API, Transformers"
"3470","Data Engineer (Microsoft Fabric)","The Individual Touch","IT & Telecommunications","Gauteng","Midrand","Full-Time","2.4","Not Specified","Not specified","No","Permanent","Data Engineer (Microsoft Fabric) role at The Individual Touch based in Midrand, focused on data architecture and related responsibilities.","SME","CI/CD, Spark, SSIS, Data Pipelines, Azure"
"3471","React Developer","Anglo American","Recruitment","KwaZulu-Natal","Durban","Full-Time","6.9","Not Specified","Computer Science","No","Permanent","React Developer role at Anglo American based in Durban, focused on agile development and related responsibilities.","SME","Docker, Angular, Kotlin, Spring Boot"
"3472","AI Engineer","Absa","Engineering, Technical, Manufacturing","Gauteng","Tshwane (Pretoria)","Contract","2.0","Master's","Not specified","No","Contract","AI Engineer role at Absa based in Tshwane (Pretoria), focused on AI integration and related responsibilities.","SME","Transformers, PyTorch, Azure AI"
"3473","Cloud Engineer","Newsclip Media Monitoring (Pty) Ltd.","IT & Telecommunications","Gauteng","Randburg","Full-Time","2.5","Bachelor's","Not specified","No","Permanent","Cloud Engineer role at Newsclip Media Monitoring (Pty) Ltd. based in Randburg, focused on containerisation and related responsibilities.","SME","PowerShell, Kubernetes, Cloud Architecture, Python, Prometheus, Containerisation, Docker"
"3474","Data Analyst (with Geospatial Experience)","Absa","IT Recruitment","Western Cape","Cape Town","Full-Time","5.0","Bachelor's","Not specified","Yes","Permanent","Data Analyst (with Geospatial Experience) role at Absa based in Cape Town, focused on reporting and related responsibilities.","SME","Anomaly Detection, Data Analysis, Excel"
"3475","Post-Sales Engineer","Unique Personnel","IT Recruitment","Gauteng","Randburg","Contract","4.8","Certification","Not specified","Yes","Contract","Post-Sales Engineer role at Unique Personnel based in Randburg, focused on project coordination and related responsibilities.","SME","Microsoft Office, Documentation, Time Management, Problem Solving, Data Entry"
"3476","NLP Engineer","MECS","IT Recruitment","Gauteng","Johannesburg","Full-Time","2.4","Not Specified","Not specified","No","Permanent","NLP Engineer role at MECS based in Johannesburg, focused on deep learning and related responsibilities.","SME","OpenAI API, AWS SageMaker, Machine Learning, Azure AI, Transformers"
"3477","ServiceNow Consultant","Future Careers","IT Recruitment","Western Cape","Cape Town","Full-Time","0.7","Not Specified","Not specified","No","Permanent","ServiceNow Consultant role at Future Careers based in Cape Town, focused on stakeholder engagement and related responsibilities.","SME","Scrum, Change Management, Salesforce, Dynamics 365"
"3478","Data Analyst (Business Intelligence focus)","Sanlam","IT & Telecommunications","Western Cape","Stellenbosch","Full-Time","4.7","Not Specified","Not specified","No","Permanent","Data Analyst (Business Intelligence focus) role at Sanlam based in Stellenbosch, focused on reporting and related responsibilities.","SME","Data Analysis, Data Cleansing, Azure Data Fundamentals, Power BI, Excel"
"3479","Vue.js Developer","Goldman Tech Resourcing (Pty) Ltd","IT & Telecommunications","Gauteng","Johannesburg East","Full-Time","2.6","Bachelor's","Computer Science","No","Permanent","Vue.js Developer role at Goldman Tech Resourcing (Pty) Ltd based in Johannesburg East, focused on testing and related responsibilities.","SME","Kubernetes, Blazor, Git, OOP, Java, CSS, Laravel, React Native"
"3480","Risk & Investigation Data Analyst","Psybergate (Pty) Ltd","IT & Telecommunications","Not Specified","Not Specified","Full-Time","4.2","Not Specified","Not specified","No","Contract","Risk & Investigation Data Analyst role at Psybergate (Pty) Ltd based in Not Specified, focused on data visualisation and related responsibilities.","SME","Tableau, Azure Data Fundamentals, ETL, Compliance Data, Data Visualisation, Power BI, Excel, Data Governance"
"3481","Full Stack Developer","The Individual Touch","FMCG, Retail, Wholesale","Western Cape","Cape Town: Southern Suburbs","Full-Time","6.5","Bachelor's","Computer Science","No","Permanent","Full Stack Developer role at The Individual Touch based in Cape Town: Southern Suburbs, focused on deployment and related responsibilities.","SME","Java, Xamarin, React Native, C++, Flutter, Python"
"3482","Mobile Developer","Datonomy Solutions","IT & Telecommunications","Gauteng","Johannesburg","Full-Time","4.3","Not Specified","Computer Science","No","Permanent","Mobile Developer role at Datonomy Solutions based in Johannesburg, focused on code review and related responsibilities.","Large","JavaScript, Blazor, React Native, CI/CD, Angular, Microservices, Node.js"
"3483","Intermediate Data Engineer","Dimension Data","Engineering, Technical, Manufacturing","Gauteng","Johannesburg","Full-Time","2.4","Not Specified","Not specified","No","Permanent","Intermediate Data Engineer role at Dimension Data based in Johannesburg, focused on ETL and related responsibilities.","SME","CI/CD, Data Modelling, Hadoop, Azure Data Factory, Data Warehousing"
"3484","Software Developer II","The Talent Room","IT & Telecommunications","Not Specified","Not Specified","Full-Time","0.7","Bachelor's","Computer Science","No","Permanent","Software Developer II role at The Talent Room based in Not Specified, focused on deployment and related responsibilities.","SME","CSS, ASP.NET, HTML, Laravel, SDLC, Xamarin"
"3485","Test Automation Engineer","Deloitte","Construction, Property","Gauteng","Pretoria","Full-Time","4.9","Bachelor's","Not specified","No","Permanent","Test Automation Engineer role at Deloitte based in Pretoria, focused on UAT and related responsibilities.","SME","JUnit, CI/CD, Java, JMeter, TestNG"
"3486","Junior Data Scientist","JMR Software (Pty) Ltd","IT Recruitment","Gauteng","Johannesburg","Full-Time","1.8","Bachelor's","Data Science","No","Permanent","Junior Data Scientist role at JMR Software (Pty) Ltd based in Johannesburg, focused on EDA and related responsibilities.","SME","Pandas, Deep Learning, PyTorch, LLMs, R"
"3487","AWS Engineer","Woolworths","IT & Telecommunications","KwaZulu-Natal","Durban","Full-Time","0.6","Bachelor's","Not specified","No","Permanent","AWS Engineer role at Woolworths based in Durban, focused on monitoring and related responsibilities.","SME","ELK Stack, Azure, Cloud Architecture, CI/CD"
"3488","Senior Data Scientist","Sasol","IT & Telecommunications","Western Cape","Cape Town","Full-Time","7.9","Master's","Statistics","No","Permanent","Senior Data Scientist role at Sasol based in Cape Town, focused on statistical analysis and related responsibilities.","SME","PyTorch, Graph Modelling, Data Pipelines"
"3489","SAP Expert Functional Consultant","Anglo American","IT & Telecommunications","Gauteng","Johannesburg","Full-Time","4.1","Bachelor's","Not specified","No","Permanent","SAP Expert Functional Consultant role at Anglo American based in Johannesburg, focused on stakeholder engagement and related responsibilities.","SME","SDLC Governance, Solution Design, Process Flows, IT Strategy, Vendor Management, Scrum, Business Process Mapping"
"3490","AI Automation Engineer","Humankind Group","Banking, Finance, Insurance","Gauteng","Pretoria","Full-Time","7.8","Bachelor's","Not specified","No","Contract","AI Automation Engineer role at Humankind Group based in Pretoria, focused on model development and related responsibilities.","SME","Machine Learning, Deep Learning, NLP"
"3491","Senior Database Administrator","MECS","IT & Telecommunications","Gauteng","Johannesburg","Full-Time","9.4","Not Specified","Not specified","No","Permanent","Senior Database Administrator role at MECS based in Johannesburg, focused on database design and related responsibilities.","SME","SQL, PostgreSQL, Data Modelling, ETL, PL/SQL"
"3492","Data Analyst (with Geospatial Experience)","Goldman Tech Resourcing (Pty) Ltd","IT Consulting","Gauteng","Johannesburg","Full-Time","0.2","Bachelor's","Not specified","No","Permanent","Data Analyst (with Geospatial Experience) role at Goldman Tech Resourcing (Pty) Ltd based in Johannesburg, focused on reporting and related responsibilities.","SME","Statistical Analysis, SQL, Data Warehousing, Excel, Reporting, Fraud Detection"
"3493","Digital Marketing Specialist","QE Services","IT & Telecommunications","Not Specified","Not Specified","Full-Time","4.1","Bachelor's","Not specified","No","Permanent","Digital Marketing Specialist role at QE Services based in Not Specified, focused on documentation and related responsibilities.","SME","Communication, Microsoft Office, Customer Service, Project Management, Teamwork"
"3494","Cloud Engineer","Credico Financial Services (Pty) Ltd","IT & Telecommunications","Gauteng","Gauteng","Full-Time","4.2","Bachelor's","Not specified","No","Contract","Cloud Engineer role at Credico Financial Services (Pty) Ltd based in Gauteng, focused on monitoring and related responsibilities.","Large","Site Reliability, Cloud Architecture, Containerisation, Jenkins, ELK Stack, Grafana, CI/CD, Terraform"
"3495","Angular Developer","Network Finance.","Not Specified","Gauteng","Johannesburg North","Full-Time","4.5","Bachelor's","Computer Science","No","Permanent","Angular Developer role at Network Finance. based in Johannesburg North, focused on agile development and related responsibilities.","SME","Laravel, SQL, HTML"
"3496","ServiceNow Consultant","Exceed Human Resource Consultants","Not Specified","Gauteng","Johannesburg","Full-Time","0.2","Bachelor's","Not specified","No","Permanent","ServiceNow Consultant role at Exceed Human Resource Consultants based in Johannesburg, focused on requirements gathering and related responsibilities.","SME","SAP, Change Management, SDLC Governance, Process Flows, BRDs"
"3497","Technical Consultant","Network Finance.","IT & Telecommunications","Western Cape","Cape Town: City Bowl","Full-Time","4.7","Bachelor's","Not specified","No","Permanent","Technical Consultant role at Network Finance. based in Cape Town: City Bowl, focused on requirements gathering and related responsibilities.","SME","Project Management, Functional Specs, Agile"
"3498","Cybersecurity Engineer","Nedbank","IT & Telecommunications","Gauteng","Roodepoort","Full-Time","6.4","Bachelor's","Cyber Security","No","Permanent","Cybersecurity Engineer role at Nedbank based in Roodepoort, focused on compliance and related responsibilities.","SME","Threat Intelligence, Risk Assessment, Cloud Security, Network Security, CompTIA Security+, Firewalls, Forensics"
"3499","IT Support Technician","IBM","Not Specified","Gauteng","Johannesburg East","Contract","4.7","Bachelor's","Not specified","No","Contract","IT Support Technician role at IBM based in Johannesburg East, focused on user support and related responsibilities.","SME","Microsoft 365, TCP/IP, ServiceNow, Hardware Troubleshooting, Ticketing Systems"
"3500","Business Analyst (Property Industry)","Sibanye-Stillwater","IT & Telecommunications","Remote / Not Specified","Remote","Full-Time","0.6","Bachelor's","Business Administration","No","Permanent","Business Analyst (Property Industry) role at Sibanye-Stillwater based in Remote, focused on process analysis and related responsibilities.","SME","UAT, Requirements Elicitation, Change Management, SDLC, Functional Specs, Documentation, SQL"
"3501","Senior Machine Learning Engineer","Data Monkey (PTY) LTD","Transport, Logistics & Freight","Gauteng","Centurion","Full-Time","6.5","Diploma","Not specified","No","Permanent","Senior Machine Learning Engineer role at Data Monkey (PTY) LTD based in Centurion, focused on MLOps and related responsibilities.","SME","Python, Transformers, Neural Networks"
"3502","Database Administrator","MSP Staffing Pty Ltd","IT & Telecommunications","Gauteng","Randburg","Full-Time","2.5","Bachelor's","Computer Science","No","Permanent","Database Administrator role at MSP Staffing Pty Ltd based in Randburg, focused on ETL and related responsibilities.","SME","Redis, PostgreSQL, SSIS"
"3503","Software Engineer","Datafin IT Recruitment","IT Recruitment","Gauteng","Kempton Park","Full-Time","2.8","Bachelor's","Not specified","No","Permanent","Software Engineer role at Datafin IT Recruitment based in Kempton Park, focused on system architecture and related responsibilities.","SME","Java, Microservices, Vue.js, Python, Laravel, REST APIs"
"3504","IT Support Technician","Imizizi","IT & Telecommunications","Gauteng","Johannesburg","Full-Time","0.0","Bachelor's","Not specified","No","Permanent","IT Support Technician role at Imizizi based in Johannesburg, focused on troubleshooting and related responsibilities.","SME","VMware, SharePoint, DHCP, Printers, Linux"
"3505","Network Administrator","IBM","IT Consulting","Gauteng","Melrose Arch","Full-Time","0.1","Bachelor's","Telecommunications","No","Permanent","Network Administrator role at IBM based in Melrose Arch, focused on routing & switching and related responsibilities.","SME","WAN, Network Monitoring, Network Infrastructure, VPN, Transmission, Network Security, Network Design"
"3506","Data Engineer_Data Analytics Platform","Microsoft","IT & Telecommunications","Gauteng","Menlyn","Full-Time","0.5","Not Specified","Not specified","No","Contract","Data Engineer_Data Analytics Platform role at Microsoft based in Menlyn, focused on data architecture and related responsibilities.","SME","Airflow, Python, Databricks, Data Lakes, ELT, Azure"
"3507","Senior QA Engineer","BCX","IT Recruitment","Western Cape","Cape Town","Full-Time","9.5","Bachelor's","Not specified","No","Permanent","Senior QA Engineer role at BCX based in Cape Town, focused on test automation and related responsibilities.","Large","Postman, Cypress, Python, JUnit, Performance Testing, Test Automation"
"3508","Business Analyst (GLR)","Dimension Data","Banking, Finance, Insurance","Gauteng","Pretoria","Full-Time","4.6","Not Specified","Information Systems","No","Contract","Business Analyst (GLR) role at Dimension Data based in Pretoria, focused on requirements documentation and related responsibilities.","SME","SOPs, Requirements Gathering, Data Mapping, SDLC, ERP Implementation"
"3509","Cybersecurity Specialist","Communicate Finance","Banking, Finance, Insurance","Western Cape","Cape Town","Full-Time","6.7","Not Specified","Computer Science","No","Permanent","Cybersecurity Specialist role at Communicate Finance based in Cape Town, focused on incident response and related responsibilities.","SME","CISSP, IT Audit, Splunk, Vulnerability Management, IAM"
"3510","Junior QA Engineer","BCX","Not Specified","Western Cape","Cape Winelands: Stellenbosch","Permanent","1.5","Bachelor's","Not specified","No","Permanent","Junior QA Engineer role at BCX based in Cape Winelands: Stellenbosch, focused on UAT and related responsibilities.","SME","Selenium, API Testing, Jira, Postman, Manual Testing, CI/CD, Cypress, Agile Testing"
"3511","MLOps Engineer","QE Services","IT & Telecommunications","Gauteng","Johannesburg","Contract","7.9","Not Specified","Not specified","No","Contract","MLOps Engineer role at QE Services based in Johannesburg, focused on computer vision and related responsibilities.","SME","Neural Networks, Statistics, RAG"
"3512","Information Technology Officer","Capitec Bank LTD","IT & Telecommunications","Western Cape","Stellenbosch","Full-Time","7.0","Diploma","Not specified","No","Permanent","Information Technology Officer role at Capitec Bank LTD based in Stellenbosch, focused on system administration and related responsibilities.","SME","Compliance, IT Strategy, IT Support, Vendor Management, Microsoft 365"
"3513","ICT Systems Administrator","Microsoft","Not Specified","Gauteng","Midrand","Permanent","4.3","Not Specified","Not specified","No","Permanent","ICT Systems Administrator role at Microsoft based in Midrand, focused on troubleshooting and related responsibilities.","SME","Intune, Active Directory, Ticketing Systems, ServiceNow, VPN, Office 365, DHCP, Desktop Support"
"3514","IT Support Engineer","Salix Recruitment","IT & Telecommunications","Not Specified","Not Specified","Contract","0.5","Not Specified","Not specified","No","Contract","IT Support Engineer role at Salix Recruitment based in Not Specified, focused on server management and related responsibilities.","SME","Ticketing Systems, Hyper-V, Exchange"
"3515","Senior DevOps Engineer","Sasol","IT & Telecommunications","Gauteng","Johannesburg","Full-Time","6.0","Not Specified","Not specified","Yes","Permanent","Senior DevOps Engineer role at Sasol based in Johannesburg, focused on infrastructure automation and related responsibilities.","SME","Monitoring, GitHub Actions, AWS, Cloud Architecture, CI/CD, Ansible, Python, Kubernetes"
"3516",".NET Developer","Career Lab Pty Ltd","IT Recruitment","Gauteng","Johannesburg","Full-Time","0.4","Bachelor's","Computer Science","Yes","Permanent",".NET Developer role at Career Lab Pty Ltd based in Johannesburg, focused on code review and related responsibilities.","SME","C#, Code Review, Vue.js"
"3517","Data Analyst II","Shoprite","Not Specified","KwaZulu-Natal","Pietermaritzburg","Contract","2.2","Bachelor's","Not specified","No","Contract","Data Analyst II role at Shoprite based in Pietermaritzburg, focused on BI development and related responsibilities.","SME","QlikSense, Data Cleansing, Process Improvement"
"3518","Senior Business Analyst","Professional Recruitment Partners","Not Specified","Gauteng","Sandton","Full-Time","9.4","Bachelor's","Business Administration","No","Permanent","Senior Business Analyst role at Professional Recruitment Partners based in Sandton, focused on stakeholder engagement and related responsibilities.","SME","Functional Specs, Process Mapping, Digital Transformation, Business Process Improvement, SOPs, Documentation, Requirements Elicitation"
"3519","ServiceNow Consultant","Interdot","IT & Telecommunications","Not Specified","Not Specified","Full-Time","4.9","Bachelor's","Not specified","Yes","Permanent","ServiceNow Consultant role at Interdot based in Not Specified, focused on stakeholder engagement and related responsibilities.","SME","Project Management, SAP Ariba, Change Management, Vendor Management, Dynamics 365, Digital Transformation"
"3520","Platform Engineer","KPMG","IT & Telecommunications","Western Cape","Cape Town","Full-Time","4.3","Bachelor's","Not specified","No","Contract","Platform Engineer role at KPMG based in Cape Town, focused on cloud architecture and related responsibilities.","SME","Azure, Bash, AWS"
"3521","SAP Functional Consultant","Absa","Banking, Finance, Insurance","Western Cape","Cape Town","Full-Time","0.9","NQF Level qualification","Not specified","No","Permanent","SAP Functional Consultant role at Absa based in Cape Town, focused on requirements gathering and related responsibilities.","SME","SDLC Governance, Scrum, SAP, Salesforce, ServiceNow"
"3522","Software Developer II","Gold Fields","IT Consulting","Gauteng","Sandton","Full-Time","0.4","Bachelor's","Software Engineering","No","Permanent","Software Developer II role at Gold Fields based in Sandton, focused on testing and related responsibilities.","SME","PHP, Kubernetes, Python, Docker"
"3523","Senior QA Engineer","KPMG","Banking, Finance, Insurance","Gauteng","Johannesburg","Full-Time","6.9","Not Specified","Not specified","No","Permanent","Senior QA Engineer role at KPMG based in Johannesburg, focused on API testing and related responsibilities.","SME","Bug Tracking, Postman, Python, Regression Testing, API Testing, TestNG, Playwright, UAT"
"3524","SAP Expert Functional Consultant","wePlace (Pty) Ltd","IT & Telecommunications","Gauteng","Johannesburg","Contract","4.9","Not Specified","Not specified","No","Contract","SAP Expert Functional Consultant role at wePlace (Pty) Ltd based in Johannesburg, focused on digital transformation and related responsibilities.","SME","Salesforce, ERP, Digital Transformation, Business Process Mapping, SDLC Governance, Change Management, Agile"
"3525","Junior Data Scientist","Deloitte","Health, Fitness, Medical","Gauteng","Johannesburg","Full-Time","1.3","Bachelor's","Statistics","Yes","Permanent","Junior Data Scientist role at Deloitte based in Johannesburg, focused on data pipelines and related responsibilities.","SME","RAG, Python, Advanced Analytics, LLMs, Pandas"
"3526","Systems Administrator","Nambiti Technologies (Pty) Ltd","IT & Telecommunications","Gauteng","Midrand","Full-Time","0.0","Bachelor's","Not specified","No","Permanent","Systems Administrator role at Nambiti Technologies (Pty) Ltd based in Midrand, focused on server management and related responsibilities.","SME","Desktop Support, Networking, Active Directory, TCP/IP, Server Maintenance, Linux, VMware, Printers"
"3527","Data Engineer - Databricks","Paracon - Western Cape","IT & Telecommunications","Gauteng","Johannesburg","Full-Time","5.0","Bachelor's","Not specified","No","Permanent","Data Engineer - Databricks role at Paracon - Western Cape based in Johannesburg, focused on data pipelines and related responsibilities.","SME","GCP, Kafka, Microsoft Fabric, Azure Data Lake, Azure, Hadoop"
"3528","Junior Software Developer","The Individual Touch","Mining","Gauteng","Johannesburg North","Full-Time","1.3","Diploma","Engineering","No","Contract","Junior Software Developer role at The Individual Touch based in Johannesburg North, focused on code review and related responsibilities.","SME","SDLC, OOP, Microservices, Entity Framework, JavaScript, Code Review, Software Design, CSS"
"3529","Node.js Developer","TAC Recruitment","IT Consulting","Gauteng","Midrand","Full-Time","2.5","Bachelor's","Computer Science","No","Permanent","Node.js Developer role at TAC Recruitment based in Midrand, focused on software design and related responsibilities.","SME","React, Vue.js, MVC, REST APIs"
"3530","Junior Database Administrator","Deloitte","Not Specified","Western Cape","Cape Town: Northern Suburbs","Learnership","1.7","Not Specified","Information Technology","No","Learnership","Junior Database Administrator role at Deloitte based in Cape Town: Northern Suburbs, focused on performance tuning and related responsibilities.","SME","SQL Server, MongoDB, PostgreSQL"
"3531","IT Trainer","Zeal HR","IT & Telecommunications","Western Cape","Cape Winelands: Stellenbosch","Full-Time","4.3","Bachelor's","Not specified","No","Permanent","IT Trainer role at Zeal HR based in Cape Winelands: Stellenbosch, focused on vendor management and related responsibilities.","SME","Customer Service, Data Entry, Problem Solving"
"3532","Business Analyst","AO Connect Solutions","IT & Telecommunications","Gauteng","Johannesburg","Contract","0.4","Bachelor's","Finance","No","Contract","Business Analyst role at AO Connect Solutions based in Johannesburg, focused on UAT and related responsibilities.","Large","Jira, SOPs, Business Process Improvement"
"3533","Data Analyst II","E and D Recruiters","IT & Telecommunications","Western Cape","Stellenbosch","Full-Time","3.0","Bachelor's","Not specified","No","Permanent","Data Analyst II role at E and D Recruiters based in Stellenbosch, focused on data analysis and related responsibilities.","SME","Power BI, Data Warehousing, Data Mapping, Data Governance, Data Analysis"
"3534","Network Administrator","Capita South Africa","IT Recruitment","Gauteng","Johannesburg North","Full-Time","4.1","Bachelor's","Not specified","No","Permanent","Network Administrator role at Capita South Africa based in Johannesburg North, focused on fibre optics and related responsibilities.","SME","5G, CCNA, Transmission, MPLS, Wireless, Firewalls, Routing & Switching, VPN"
"3535","UI Designer","Super Save t/a Super Save","IT & Telecommunications","Not Specified","Not Specified","Full-Time","6.9","Not Specified","Graphic Design","No","Permanent","UI Designer role at Super Save t/a Super Save based in Not Specified, focused on interaction design and related responsibilities.","SME","Interaction Design, Usability Testing, Prototyping, Information Architecture, Wireframing, HTML, Sketch"
"3536","IT Specialist","iLaunch (Pty) Ltd","IT & Telecommunications","Western Cape","Durbanville","Full-Time","0.6","Diploma","Not specified","No","Permanent","IT Specialist role at iLaunch (Pty) Ltd based in Durbanville, focused on network management and related responsibilities.","SME","Networking, Documentation, Windows, Microsoft 365, ITIL, Linux"
"3537","Network Technician","Zeal HR","IT & Telecommunications","North West","Rustenburg","Full-Time","4.3","Bachelor's","Networking","No","Contract","Network Technician role at Zeal HR based in Rustenburg, focused on routing & switching and related responsibilities.","SME","CCNP, LAN, Network Security, Fibre Optics, Wireless"
"3538","RF Engineer","Goldman Tech Resourcing (Pty) Ltd","IT & Telecommunications","Gauteng","Johannesburg","Full-Time","2.5","Bachelor's","Networking","No","Permanent","RF Engineer role at Goldman Tech Resourcing (Pty) Ltd based in Johannesburg, focused on network security and related responsibilities.","SME","5G, Network Security, Transmission, LAN, Network Monitoring, Fibre Optics, Routing & Switching"
"3539","Business Analyst (Learning Management Systems)","Network IT","IT Services","Gauteng","Midrand","Full-Time","7.6","Bachelor's","Finance","No","Contract","Business Analyst (Learning Management Systems) role at Network IT based in Midrand, focused on process analysis and related responsibilities.","SME","Confluence, SOPs, Stakeholder Engagement"
"3540","Angular Developer","Prudent HR Solutions Pty Ltd","IT & Telecommunications","Gauteng","Randburg","Full-Time","7.7","Not Specified","Not specified","No","Permanent","Angular Developer role at Prudent HR Solutions Pty Ltd based in Randburg, focused on code review and related responsibilities.","SME","Git, C#, Python"
"3541","IT Project Manager","iSanqa","IT Recruitment","Not Specified","Not Specified","Full-Time","6.5","Diploma","Not specified","No","Permanent","IT Project Manager role at iSanqa based in Not Specified, focused on agile delivery and related responsibilities.","SME","MS Project, Budgeting, Change Management"
"3542","Data Engineer - Databricks","Transnet","Not Specified","Gauteng","Johannesburg North","Permanent","2.1","Bachelor's","Not specified","No","Permanent","Data Engineer - Databricks role at Transnet based in Johannesburg North, focused on data warehousing and related responsibilities.","SME","ETL, Databricks, Hadoop, Dataflow, GCP"
"3543","Protocol Software Developer","Catch Recruit","IT Recruitment","Gauteng","Midrand","Full-Time","0.6","Bachelor's","Not specified","No","Permanent","Protocol Software Developer role at Catch Recruit based in Midrand, focused on testing and related responsibilities.","SME","Spring Boot, Angular, C++, Python, Java, Kubernetes, Swift"
"3544","Service Desk Analyst","Career Lab Pty Ltd","Banking, Finance, Insurance","KwaZulu-Natal","Durban","Full-Time","4.7","Bachelor's","Not specified","No","Permanent","Service Desk Analyst role at Career Lab Pty Ltd based in Durban, focused on server management and related responsibilities.","Large","Backup & Recovery, Windows Server, Linux, VMware, DNS, Firewalls"
"3545","RF Engineer","Colibri Recruitment","IT & Telecommunications","Gauteng","Pretoria","Full-Time","2.8","Diploma","Telecommunications","No","Permanent","RF Engineer role at Colibri Recruitment based in Pretoria, focused on wireless and related responsibilities.","SME","VPN, Wireless, CCNA, WAN, Fibre Optics"
"3546","C# Developer","Colibri Recruitment","IT & Telecommunications","Gauteng","Johannesburg","Full-Time","4.5","Bachelor's","Computer Science","No","Permanent","C# Developer role at Colibri Recruitment based in Johannesburg, focused on software design and related responsibilities.","SME","Kubernetes, Code Review, .NET Core, Laravel"
"3547","5G Systems Engineer","PM Connection","IT & Telecommunications","Western Cape","Cape Town","Full-Time","4.2","Bachelor's","Telecommunications","No","Permanent","5G Systems Engineer role at PM Connection based in Cape Town, focused on network design and related responsibilities.","SME","Firewalls, VoIP, Wi-Fi 6, Transmission, TCP/IP, Network Monitoring"
"3548","Data Scientist","MECS","Mining","Gauteng","Centurion","Internship","0.8","Not Specified","Data Science","No","Internship","Data Scientist role at MECS based in Centurion, focused on machine learning and related responsibilities.","SME","LLMs, Python, Data Visualisation, Predictive Modelling, Pandas"
"3549","Java Developer","Ability Recruitment","IT & Telecommunications","Gauteng","Johannesburg North","Full-Time","2.3","Bachelor's","Software Engineering","No","Permanent","Java Developer role at Ability Recruitment based in Johannesburg North, focused on API development and related responsibilities.","SME","Swift, React Native, REST APIs, Blazor, Kubernetes, TypeScript"
"3550","Design Lead","Tumaini Consulting","IT & Telecommunications","Western Cape","Cape Town","Contract","7.9","Not Specified","Not specified","No","Contract","Design Lead role at Tumaini Consulting based in Cape Town, focused on prototyping and related responsibilities.","SME","Wireframing, Prototyping, CSS, Design Systems, Figma, Sketch"
"3551","Project Coordinator","Colibri Recruitment","IT & Telecommunications","Western Cape","Cape Town","Contract","2.9","Diploma","Not specified","No","Contract","Project Coordinator role at Colibri Recruitment based in Cape Town, focused on project planning and related responsibilities.","SME","Jira, Reporting, Resource Management, Risk Management, Vendor Management"
"3552","React Developer","Sasol","Banking, Finance, Insurance","Gauteng","Centurion","Full-Time","4.7","Bachelor's","Computer Science","Partial","Permanent","React Developer role at Sasol based in Centurion, focused on testing and related responsibilities.","SME","React, Vue.js, Angular, Code Review"
"3553","Systems Administrator","First National Bank","IT & Telecommunications","Not Specified","Not Specified","Full-Time","4.2","Bachelor's","Not specified","Yes","Permanent","Systems Administrator role at First National Bank based in Not Specified, focused on server management and related responsibilities.","SME","SCCM, ServiceNow, Desktop Support, ITIL, Patch Management, Hyper-V, Active Directory, VPN"
"3554","Backend Developer","IBM","IT & Telecommunications","Gauteng","Rosebank","Full-Time","2.9","Not Specified","Not specified","No","Permanent","Backend Developer role at IBM based in Rosebank, focused on system architecture and related responsibilities.","SME",".NET, Node.js, ASP.NET, Xamarin"
"3555","AWS Engineer","DevologyX","IT & Telecommunications","Western Cape","Cape Town","Full-Time","7.1","Not Specified","Not specified","No","Permanent","AWS Engineer role at DevologyX based in Cape Town, focused on CI/CD and related responsibilities.","SME","GitHub Actions, Containerisation, Ansible"
"3556","Senior AI Engineer","Google","Banking, Finance, Insurance","Western Cape","Cape Town","Full-Time","5.6","Not Specified","Not specified","No","Contract","Senior AI Engineer role at Google based in Cape Town, focused on deep learning and related responsibilities.","SME","Statistics, AI, Machine Learning, RAG, Model Deployment, Data Science"
"3557","Cloud Architect","Falcorp Resourcing","FMCG, Retail, Wholesale","Gauteng","Midrand","Full-Time","9.5","Bachelor's","Not specified","No","Permanent","Cloud Architect role at Falcorp Resourcing based in Midrand, focused on containerisation and related responsibilities.","SME","ELK Stack, Ansible, Containerisation, Site Reliability"
"3558","Network Administrator","Datonomy Solutions","Not Specified","Gauteng","Randburg","Full-Time","0.2","Bachelor's","Networking","No","Permanent","Network Administrator role at Datonomy Solutions based in Randburg, focused on fibre optics and related responsibilities.","SME","Network Design, 5G, LAN, SD-WAN, VoIP, Network Security, VPN"
"3559","IT Project Manager","Mediro ICT Recruitment","IT & Telecommunications","Gauteng","Johannesburg","Full-Time","8.0","Bachelor's","Not specified","No","Permanent","IT Project Manager role at Mediro ICT Recruitment based in Johannesburg, focused on agile delivery and related responsibilities.","SME","Waterfall, PMP, Stakeholder Management, PMO, MS Project, SAFe, Scrum, Risk Management"
"3560","Security Architect","Humankind Group","IT & Telecommunications","Gauteng","Johannesburg","Full-Time","9.4","Bachelor's","Cyber Security","No","Permanent","Security Architect role at Humankind Group based in Johannesburg, focused on compliance and related responsibilities.","SME","Compliance, Threat Intelligence, SOC, QRadar, POPIA, IDS/IPS, Penetration Testing"
"3561","Junior Data Analyst","Network Contracting Solutions","Health, Fitness, Medical","Gauteng","Midrand","Full-Time","1.3","Diploma","Not specified","No","Permanent","Junior Data Analyst role at Network Contracting Solutions based in Midrand, focused on dashboards and related responsibilities.","Large","Process Improvement, Compliance Data, QlikSense, Power BI, Data Mapping"
"3562","Software Engineer","Quest Staffing Solutions","IT & Telecommunications","Gauteng","Johannesburg","Full-Time","4.9","Not Specified","Information Technology","No","Permanent","Software Engineer role at Quest Staffing Solutions based in Johannesburg, focused on system architecture and related responsibilities.","SME","Code Review, Flutter, CI/CD, Angular, MVC, Spring Boot"
"3563","Business Analyst (Banking)","DevologyX","IT & Telecommunications","Gauteng","Centurion","Full-Time","4.4","Not Specified","Business Administration","No","Permanent","Business Analyst (Banking) role at DevologyX based in Centurion, focused on UAT and related responsibilities.","SME","Data Mapping, Confluence, BRDs, Business Process Improvement, SQL"
"3564","Build/Release Engineer","Ad-Hoc","Banking, Finance, Insurance","Western Cape","Cape Town","Full-Time","2.8","Bachelor's","Not specified","No","Contract","Build/Release Engineer role at Ad-Hoc based in Cape Town, focused on deployment pipelines and related responsibilities.","SME","Cloud Architecture, Jenkins, PowerShell, DevOps"
"3565","IT Systems Administrator","Dimension Data","Banking, Finance, Insurance","Gauteng","Johannesburg","Full-Time","0.3","Diploma","Not specified","Yes","Permanent","IT Systems Administrator role at Dimension Data based in Johannesburg, focused on network administration and related responsibilities.","Large","ITIL, DHCP, Server Maintenance, Hardware Troubleshooting, ServiceNow, TCP/IP, Backup & Recovery, DNS"
"3566","C# Developer","Colibri Recruitment","IT & Telecommunications","Gauteng","Johannesburg","Contract","0.8","Bachelor's","Engineering","No","Contract","C# Developer role at Colibri Recruitment based in Johannesburg, focused on software design and related responsibilities.","SME","Code Review, Node.js, .NET Core, REST APIs"
"3567","Cybersecurity Specialist","Google","IT Recruitment","KwaZulu-Natal","Durban","Full-Time","2.4","Not Specified","Information Technology","No","Permanent","Cybersecurity Specialist role at Google based in Durban, focused on compliance and related responsibilities.","SME","Vulnerability Management, Security Architecture, Risk Assessment, Cloud Security, Network Security, CISSP, GRC"
"3568","Data Engineer - Databricks","Goldenrule","Banking, Finance, Insurance","Gauteng","Springs","Full-Time","2.7","Bachelor's","Not specified","No","Permanent","Data Engineer - Databricks role at Goldenrule based in Springs, focused on data warehousing and related responsibilities.","Large","GCP, Azure Data Lake, Hadoop, Data Modelling"
"3569","IT Technician","Cartrack Pty Ltd","IT & Telecommunications","Not Specified","Not Specified","Full-Time","4.9","Bachelor's","Not specified","No","Permanent","IT Technician role at Cartrack Pty Ltd based in Not Specified, focused on system maintenance and related responsibilities.","Large","SharePoint, Networking, TCP/IP, ServiceNow, Server Maintenance, Linux"
"3570","Cybersecurity Engineer","Excellent Staffing","Agriculture, Forestry, Environmental","Gauteng","Menlyn","Full-Time","6.9","Bachelor's","Cyber Security","No","Permanent","Cybersecurity Engineer role at Excellent Staffing based in Menlyn, focused on penetration testing and related responsibilities.","SME","CISA, Compliance, EDR, QRadar, Security Architecture, Splunk, IT Audit"
"3571","Data Engineer_Data Analytics Platform","Vodacom","Banking, Finance, Insurance","Remote / Not Specified","Remote","Full-Time","0.2","Diploma","Not specified","Yes","Permanent","Data Engineer_Data Analytics Platform role at Vodacom based in Remote, focused on data warehousing and related responsibilities.","SME","Data Lakes, ETL, GCP, Azure Data Lake, Microsoft Fabric, Data Pipelines, SSIS"
"3572","Temp Systems Administrator","TAC Recruitment","IT & Telecommunications","Remote / Not Specified","Remote","Full-Time","4.1","Diploma","Not specified","No","Permanent","Temp Systems Administrator role at TAC Recruitment based in Remote, focused on system maintenance and related responsibilities.","SME","Microsoft 365, Hardware Troubleshooting, Server Maintenance, ITIL, TCP/IP, Patch Management, Desktop Support"
"3573","iOS Developer","Goldman Tech Resourcing (Pty) Ltd","IT & Telecommunications","Gauteng","Menlyn","Full-Time","2.0","Not Specified","Computer Science","No","Permanent","iOS Developer role at Goldman Tech Resourcing (Pty) Ltd based in Menlyn, focused on agile development and related responsibilities.","SME","REST APIs, CSS, TDD"
"3574","IT Consultant","JMR Software (Pty) Ltd","IT & Telecommunications","Gauteng","Johannesburg","Full-Time","0.8","Bachelor's","Not specified","No","Permanent","IT Consultant role at JMR Software (Pty) Ltd based in Johannesburg, focused on digital transformation and related responsibilities.","SME","Salesforce, Digital Transformation, Change Management, Project Management"
"3575","Data Analyst (with Geospatial Experience)","Nedbank","IT & Telecommunications","Gauteng","Midrand","Contract","7.6","Bachelor's","Not specified","No","Contract","Data Analyst (with Geospatial Experience) role at Nedbank based in Midrand, focused on data analysis and related responsibilities.","SME","BI, Reporting, Financial Data Analysis, Compliance Data"
"3576","Desktop Support Technician","Goldenrule","Education & Training","Gauteng","Johannesburg","Full-Time","4.5","Bachelor's","Not specified","No","Contract","Desktop Support Technician role at Goldenrule based in Johannesburg, focused on system maintenance and related responsibilities.","SME","Ticketing Systems, Active Directory, Desktop Support"
"3577","Agile Coach","First National Bank","Engineering, Technical, Manufacturing","Gauteng","Pretoria","Full-Time","0.4","Not Specified","Not specified","No","Permanent","Agile Coach role at First National Bank based in Pretoria, focused on stakeholder management and related responsibilities.","SME","Risk Management, Stakeholder Management, SDLC, Waterfall, Change Management, Jira, Reporting, PRINCE2"
"3578","Azure Engineer","Sibanye-Stillwater","IT & Telecommunications","Gauteng","Johannesburg","Full-Time","2.3","Bachelor's","Not specified","No","Permanent","Azure Engineer role at Sibanye-Stillwater based in Johannesburg, focused on deployment pipelines and related responsibilities.","Large","Monitoring, Infrastructure as Code, AWS, Docker, GCP, Python"
"3579","Data Engineer - Lead","Humankind Group","IT & Telecommunications","Gauteng","Johannesburg","Full-Time","8.8","Bachelor's","Not specified","No","Contract","Data Engineer - Lead role at Humankind Group based in Johannesburg, focused on data warehousing and related responsibilities.","SME","Python, Microsoft Fabric, Azure, Data Warehousing"
"3580","Data Scientist","Salix Recruitment","IT & Telecommunications","KwaZulu-Natal","Durban","Full-Time","4.1","Bachelor's","Statistics","No","Permanent","Data Scientist role at Salix Recruitment based in Durban, focused on EDA and related responsibilities.","SME","Data Pipelines, Statistical Analysis, TensorFlow, Feature Stores, NumPy"
"3581","Data Scientist - Agentic AI & MLOps","Vodacom","IT & Telecommunications","Gauteng","Centurion","Full-Time","4.4","Master's","Mathematics","No","Contract","Data Scientist - Agentic AI & MLOps role at Vodacom based in Centurion, focused on EDA and related responsibilities.","SME","Statistical Analysis, RAG, Data Modelling, Python, Machine Learning"
"3582","IT Sales Executive","Standard Bank","IT & Telecommunications","Gauteng","Johannesburg","Full-Time","0.0","Bachelor's","Not specified","No","Permanent","IT Sales Executive role at Standard Bank based in Johannesburg, focused on training and related responsibilities.","SME","Teamwork, Microsoft Office, Time Management, Communication"
"3583","Java Developer","Imizizi","IT & Telecommunications","Gauteng","Johannesburg","Full-Time","6.9","Bachelor's","Computer Science","No","Permanent","Java Developer role at Imizizi based in Johannesburg, focused on testing and related responsibilities.","SME","Software Design, Docker, Git, Blazor, TDD, REST APIs, TypeScript"
"3584","Data Analyst","Colibri Recruitment","Not Specified","Western Cape","Stellenbosch","Full-Time","4.6","Diploma","Not specified","No","Contract","Data Analyst role at Colibri Recruitment based in Stellenbosch, focused on dashboards and related responsibilities.","SME","ETL, Azure Data Fundamentals, Data Cleansing, Compliance Data, Statistical Analysis"
"3585","ICT Systems Administrator","Absa","IT & Telecommunications","Gauteng","Midrand","Full-Time","2.1","Not Specified","Not specified","No","Permanent","ICT Systems Administrator role at Absa based in Midrand, focused on network administration and related responsibilities.","SME","Hardware Troubleshooting, Patch Management, ITIL"
"3586","Pre-Sales Engineer","Capita South Africa","Banking, Finance, Insurance","Gauteng","Johannesburg","Full-Time","4.1","Not Specified","Not specified","No","Contract","Pre-Sales Engineer role at Capita South Africa based in Johannesburg, focused on documentation and related responsibilities.","SME","Documentation, Teamwork, Data Entry, Project Management"
"3587","Data Entry Clerk","Telkom","FMCG, Retail, Wholesale","Western Cape","Wynberg","Full-Time","1.8","Certification","Not specified","No","Permanent","Data Entry Clerk role at Telkom based in Wynberg, focused on vendor management and related responsibilities.","SME","Time Management, Project Management, Customer Service"
"3588","IT Systems Administrator","The Foschini Group","IT & Telecommunications","Gauteng","Midrand","Full-Time","2.7","Bachelor's","Not specified","No","Permanent","IT Systems Administrator role at The Foschini Group based in Midrand, focused on network administration and related responsibilities.","SME","Firewalls, DNS, Patch Management, DHCP, Backup & Recovery, Networking, Hardware Troubleshooting, TCP/IP"
"3589","ETL Developer","MTN","IT & Telecommunications","Gauteng","Johannesburg East","Full-Time","0.3","Not Specified","Computer Science","No","Permanent","ETL Developer role at MTN based in Johannesburg East, focused on database design and related responsibilities.","SME","Data Warehousing, T-SQL, High Availability, PL/SQL, MongoDB, Oracle, Backup & Recovery, ETL"
"3590","IT Systems Administrator","PM Connection","IT & Telecommunications","Gauteng","Centurion","Full-Time","0.9","Not Specified","Not specified","No","Contract","IT Systems Administrator role at PM Connection based in Centurion, focused on user support and related responsibilities.","SME","Ticketing Systems, Printers, Linux, VMware, TCP/IP"
"3591","SOC Analyst","Anglo American","Banking, Finance, Insurance","Western Cape","Cape Town","Full-Time","0.1","Degree","Information Technology","No","Permanent","SOC Analyst role at Anglo American based in Cape Town, focused on compliance and related responsibilities.","SME","POPIA, Cloud Security, EDR, CISSP"
"3592","Web Developer","First National Bank","Engineering, Technical, Manufacturing","Gauteng","Johannesburg","Contract","6.7","Not Specified","Not specified","No","Contract","Web Developer role at First National Bank based in Johannesburg, focused on deployment and related responsibilities.","SME","Kubernetes, C++, Angular"
"3593","Helpdesk Analyst","cloudandthings.io","IT & Telecommunications","KwaZulu-Natal","Richards Bay","Full-Time","4.3","Certification","Not specified","Yes","Permanent","Helpdesk Analyst role at cloudandthings.io based in Richards Bay, focused on network administration and related responsibilities.","Large","Microsoft 365, Hardware Troubleshooting, Ticketing Systems, Backup & Recovery, Linux, ServiceNow, TCP/IP"
"3594","Data Analyst","Super Save t/a Super Save","IT & Telecommunications","Gauteng","Centurion","Full-Time","7.3","Bachelor's","Not specified","No","Permanent","Data Analyst role at Super Save t/a Super Save based in Centurion, focused on reporting and related responsibilities.","SME","Excel, Tableau, Financial Data Analysis"
"3595","Product Owner","Network Contracting Solutions","Health, Fitness, Medical","Gauteng","Pretoria","Full-Time","1.0","Bachelor's","Not specified","Yes","Permanent","Product Owner role at Network Contracting Solutions based in Pretoria, focused on stakeholder management and related responsibilities.","SME","Stakeholder Management, Reporting, PMO"
"3596","PHP Developer","Communicate IT","Agriculture, Forestry, Environmental","Gauteng","Centurion","Full-Time","2.4","Bachelor's","Engineering","No","Permanent","PHP Developer role at Communicate IT based in Centurion, focused on software design and related responsibilities.","SME","PHP, Spring Boot, C#, .NET, JavaScript, ASP.NET, TypeScript"
"3597","Data Analyst (Business Intelligence focus)","Denel","Banking, Finance, Insurance","Gauteng","Johannesburg","Contract","1.0","Bachelor's","Not specified","Yes","Contract","Data Analyst (Business Intelligence focus) role at Denel based in Johannesburg, focused on data visualisation and related responsibilities.","SME","Data Mapping, Azure Data Fundamentals, BI, Data Governance, ETL"
"3598","Data Scientist (Pipeline)","RedM Professional Services","IT & Telecommunications","Gauteng","Pretoria","Full-Time","4.4","Honours","Statistics","No","Permanent","Data Scientist (Pipeline) role at RedM Professional Services based in Pretoria, focused on data governance and related responsibilities.","SME","Model Training, PyTorch, EDA, Pandas, Data Governance"
"3599","Temp Systems Administrator","Interdot","Banking, Finance, Insurance","Western Cape","Rondebosch","Full-Time","7.1","Not Specified","Not specified","No","Permanent","Temp Systems Administrator role at Interdot based in Rondebosch, focused on system maintenance and related responsibilities.","SME","DNS, Exchange, Windows Server, Desktop Support, SCCM, ITIL"
"3600","UX/UI Designer","BHP","IT Recruitment","Gauteng","Johannesburg","Full-Time","0.1","Bachelor's","Not specified","No","Permanent","UX/UI Designer role at BHP based in Johannesburg, focused on design systems and related responsibilities.","Large","Usability Testing, Prototyping, HTML, Wireframing"
"3601","Data Solutions Analyst","Unique Personnel","IT & Telecommunications","Gauteng","Johannesburg North","Full-Time","2.7","Bachelor's","Not specified","No","Permanent","Data Solutions Analyst role at Unique Personnel based in Johannesburg North, focused on data analysis and related responsibilities.","SME","Process Improvement, Data Visualisation, ETL, Data Governance, Dashboards, Compliance Data"
"3602","Software Developer II","Cartrack Pty Ltd","Engineering, Technical, Manufacturing","KwaZulu-Natal","Pietermaritzburg","Full-Time","4.1","Not Specified","Not specified","No","Permanent","Software Developer II role at Cartrack Pty Ltd based in Pietermaritzburg, focused on system architecture and related responsibilities.","SME","Kotlin, SQL, Laravel, Git, C++, Spring Boot"
"3603","Network Technician","wePlace (Pty) Ltd","Banking, Finance, Insurance","Western Cape","Cape Town","Full-Time","0.0","Bachelor's","Telecommunications","No","Permanent","Network Technician role at wePlace (Pty) Ltd based in Cape Town, focused on wireless and related responsibilities.","SME","VoIP, Firewalls, Wi-Fi 6, Network Monitoring"
"3604","Senior Data Engineer","KPMG","IT & Telecommunications","Mpumalanga","Nelspruit","Full-Time","6.7","Bachelor's","Not specified","No","Permanent","Senior Data Engineer role at KPMG based in Nelspruit, focused on ETL and related responsibilities.","SME","Azure Data Lake, SSIS, Hadoop, SQL, Databricks, Python, GCP, Data Lakes"
"3605","Quantitative Analyst","Communicate Finance","Banking, Finance, Insurance","Gauteng","Pretoria","Full-Time","0.4","Bachelor's","Computer Science","No","Permanent","Quantitative Analyst role at Communicate Finance based in Pretoria, focused on statistical analysis and related responsibilities.","SME","Data Pipelines, SQL, NumPy, Deep Learning, RAG, EDA, Machine Learning, ETL"
"3606","Data Scientist (AI & Machine Learning)","Capitec Bank LTD","Banking, Finance, Insurance","Gauteng","Johannesburg North","Full-Time","2.8","Honours","Computer Science","No","Permanent","Data Scientist (AI & Machine Learning) role at Capitec Bank LTD based in Johannesburg North, focused on predictive modelling and related responsibilities.","SME","Machine Learning, scikit-learn, ETL, Cloud Data Platforms"
"3607","Backend Developer","Karebo Group","IT & Telecommunications","Gauteng","Benoni","Contract","2.5","Bachelor's","Information Technology","No","Contract","Backend Developer role at Karebo Group based in Benoni, focused on code review and related responsibilities.","SME","Software Design, .NET Core, OOP, .NET, Microservices"
"3608","Senior DevOps Engineer","Samaha Consulting","Not Specified","Not Specified","Not Specified","Full-Time","6.2","Bachelor's","Not specified","No","Permanent","Senior DevOps Engineer role at Samaha Consulting based in Not Specified, focused on deployment pipelines and related responsibilities.","SME","Cloud Architecture, Jenkins, Ansible, Microservices"
"3609","Security Engineer","Colibri Recruitment","IT & Telecommunications","Remote / Not Specified","Remote","Full-Time","0.3","Bachelor's","Computer Science","No","Permanent","Security Engineer role at Colibri Recruitment based in Remote, focused on security monitoring and related responsibilities.","SME","Network Security, Firewalls, CEH, Forensics, CISA"
"3610","C# Developer","Salix Recruitment","IT Recruitment","Western Cape","Cape Town","Permanent","2.9","Not Specified","Information Technology","No","Permanent","C# Developer role at Salix Recruitment based in Cape Town, focused on code review and related responsibilities.","SME","Git, Swift, C++"
"3611","Security Operations Analyst","PM Connection","IT Recruitment","Gauteng","Johannesburg","Full-Time","0.3","Diploma/Degree","Information Technology","No","Permanent","Security Operations Analyst role at PM Connection based in Johannesburg, focused on penetration testing and related responsibilities.","SME","SOC, CISSP, Incident Response, CompTIA Security+, QRadar, EDR, CEH, Compliance"
"3612","SAP Ariba Functional Lead Consultant","Denel","IT & Telecommunications","Not Specified","Not Specified","Full-Time","6.6","Bachelor's","Not specified","No","Permanent","SAP Ariba Functional Lead Consultant role at Denel based in Not Specified, focused on requirements gathering and related responsibilities.","SME","Agile, ERP, Solution Design"
"3613","Desktop Support Technician","IQbusiness","Recruitment","Not Specified","Not Specified","Full-Time","4.1","Certification","Not specified","No","Permanent","Desktop Support Technician role at IQbusiness based in Not Specified, focused on system maintenance and related responsibilities.","SME","Desktop Support, Patch Management, ServiceNow, DNS, TCP/IP, Hardware Troubleshooting, VMware, Active Directory"
"3614","Business Analyst (Product Office)","Google","IT & Telecommunications","Gauteng","Midrand","Full-Time","2.9","Bachelor's","Business Administration","No","Permanent","Business Analyst (Product Office) role at Google based in Midrand, focused on stakeholder engagement and related responsibilities.","SME","Requirements Gathering, Power BI, Change Management, UAT, Agile/Scrum"
"3615","AI Engineer (Expert)","QE Services","Banking, Finance, Insurance","Gauteng","Pretoria","Full-Time","0.1","Master's","Not specified","No","Permanent","AI Engineer (Expert) role at QE Services based in Pretoria, focused on AI integration and related responsibilities.","SME","Machine Learning, PyTorch, AI, TensorFlow, Statistics, Data Science, Neural Networks"
"3616","AI Software Developer","Prudent HR Solutions Pty Ltd","IT & Telecommunications","Gauteng","Johannesburg North","Full-Time","7.8","Not Specified","Not specified","No","Permanent","AI Software Developer role at Prudent HR Solutions Pty Ltd based in Johannesburg North, focused on model development and related responsibilities.","SME","LLMs, Data Science, RAG, Statistics, Python, Machine Learning, AI, LangChain"
"3617","Senior IT Project Manager","Mediro ICT Recruitment","IT & Telecommunications","Gauteng","Johannesburg North","Permanent","6.3","Bachelor's","Not specified","No","Permanent","Senior IT Project Manager role at Mediro ICT Recruitment based in Johannesburg North, focused on budgeting and related responsibilities.","SME","MS Project, Waterfall, Confluence, Vendor Management, Reporting, PRINCE2"
"3618","Salesforce Consultant","Psybergate (Pty) Ltd","IT & Telecommunications","Western Cape","Cape Town: City Bowl","Full-Time","0.4","Bachelor's","Not specified","Partial","Permanent","Salesforce Consultant role at Psybergate (Pty) Ltd based in Cape Town: City Bowl, focused on digital transformation and related responsibilities.","SME","Requirements Gathering, Business Process Mapping, Scrum"
"3619","Penetration Tester","The Recruitment Pig","Not Specified","Gauteng","Johannesburg","Full-Time","7.5","Bachelor's","Cyber Security","No","Permanent","Penetration Tester role at The Recruitment Pig based in Johannesburg, focused on threat detection and related responsibilities.","Large","SOC, IAM, Threat Intelligence"
"3620","IT Coordinator","Google","Not Specified","Gauteng","Sandton","Full-Time","0.2","Diploma","Not specified","No","Permanent","IT Coordinator role at Google based in Sandton, focused on IT support and related responsibilities.","SME","Compliance, Active Directory, Hardware, ITIL, Vendor Management, Microsoft 365"
"3621","Java Developer","IQbusiness","IT & Telecommunications","Not Specified","Not Specified","Full-Time","0.8","Bachelor's","Information Technology","No","Permanent","Java Developer role at IQbusiness based in Not Specified, focused on testing and related responsibilities.","SME","SDLC, Microservices, C++, Vue.js, HTML, OOP, CI/CD, C#"
"3622","Cybersecurity Analyst","Tumaini Consulting","Banking, Finance, Insurance","Not Specified","Not Specified","Full-Time","4.6","Bachelor's","Not specified","No","Permanent","Cybersecurity Analyst role at Tumaini Consulting based in Not Specified, focused on compliance and related responsibilities.","Large","CEH, Risk Assessment, Forensics, Cloud Security, QRadar, Firewalls, CISA"
"3623","Business Analyst","Massmart","IT & Telecommunications","KwaZulu-Natal","Durban South","Full-Time","4.6","Bachelor's","Information Systems","No","Permanent","Business Analyst role at Massmart based in Durban South, focused on UAT and related responsibilities.","SME","Change Management, ERP Implementation, SOPs, BRDs, Requirements Gathering"
"3624","Software Developer II","Google","Banking, Finance, Insurance","Western Cape","Cape Town","Permanent","4.2","Not Specified","Computer Science","No","Permanent","Software Developer II role at Google based in Cape Town, focused on software design and related responsibilities.","SME","PHP, OOP, Vue.js, Docker"
"3625","IT Officer","iSanqa","Engineering, Technical, Manufacturing","Gauteng","Midrand","Full-Time","4.8","Bachelor's","Not specified","No","Permanent","IT Officer role at iSanqa based in Midrand, focused on IT support and related responsibilities.","SME","Windows, Troubleshooting, Active Directory, Documentation, Vendor Management"
"3626","UI Designer","Prudent HR Solutions Pty Ltd","IT & Telecommunications","Gauteng","Pretoria","Full-Time","0.7","Bachelor's","Interaction Design","No","Permanent","UI Designer role at Prudent HR Solutions Pty Ltd based in Pretoria, focused on wireframing and related responsibilities.","SME","Prototyping, Adobe XD, Interaction Design, Visual Design, Design Systems, Sketch, HTML"
"3627","Salesforce Consultant","Anglo American","IT & Telecommunications","Gauteng","Menlyn","Full-Time","4.3","Bachelor's","Not specified","No","Permanent","Salesforce Consultant role at Anglo American based in Menlyn, focused on digital transformation and related responsibilities.","SME","Dynamics 365, Stakeholder Management, BRDs, Functional Specs, IT Strategy, Project Management"
"3628","Programme Manager","Humankind Group","Not Specified","Gauteng","Johannesburg North","Full-Time","7.8","Not Specified","Not specified","No","Contract","Programme Manager role at Humankind Group based in Johannesburg North, focused on budgeting and related responsibilities.","SME","Risk Management, MS Project, Agile, Jira, PMP, Vendor Management, Confluence"
"3629","PHP Developer","Samaha Consulting","FMCG, Retail, Wholesale","Western Cape","Cape Town","Full-Time","5.0","Bachelor's","Computer Science","No","Permanent","PHP Developer role at Samaha Consulting based in Cape Town, focused on API development and related responsibilities.","SME","Microservices, Flutter, React, JavaScript"
"3630","PMO Analyst","Mediro ICT Recruitment","IT & Telecommunications","Gauteng","Fourways","Full-Time","0.2","Not Specified","Not specified","No","Permanent","PMO Analyst role at Mediro ICT Recruitment based in Fourways, focused on budgeting and related responsibilities.","SME","Jira, Agile, SAFe, MS Project, PRINCE2, Project Planning"
"3631","Senior Machine Learning Engineer","Career Lab Pty Ltd","IT & Telecommunications","Gauteng","Midrand","Full-Time","8.0","Master's","Not specified","No","Permanent","Senior Machine Learning Engineer role at Career Lab Pty Ltd based in Midrand, focused on model development and related responsibilities.","SME","Transformers, Azure AI, Reinforcement Learning, Feature Engineering, LLMs, TensorFlow"
"3632","Software Developer II","Cartrack Pty Ltd","IT & Telecommunications","Gauteng","Johannesburg","Permanent","2.9","Bachelor's","Computer Science","No","Permanent","Software Developer II role at Cartrack Pty Ltd based in Johannesburg, focused on deployment and related responsibilities.","SME","C#, Swift, C++"
"3633","Java Developer","Attain People","IT & Telecommunications","Gauteng","Johannesburg","Full-Time","0.9","Not Specified","Software Engineering","No","Permanent","Java Developer role at Attain People based in Johannesburg, focused on agile development and related responsibilities.","Large","Blazor, C++, PHP, TDD, Docker, HTML, .NET Core"
"3634","IT Consultant","Parvana","IT & Telecommunications","Gauteng","Midrand","Contract","0.2","Bachelor's","Not specified","No","Contract","IT Consultant role at Parvana based in Midrand, focused on digital transformation and related responsibilities.","Large","BRDs, Requirements Gathering, ERP, Agile"
"3635","Data Analyst (Business Intelligence focus)","Old Mutual","Banking, Finance, Insurance","Gauteng","Johannesburg","Full-Time","4.1","Bachelor's","Not specified","No","Permanent","Data Analyst (Business Intelligence focus) role at Old Mutual based in Johannesburg, focused on dashboards and related responsibilities.","SME","Anomaly Detection, Power BI, Dashboards, Excel, Business Strategy, Fraud Detection, Data Governance, Data Cleansing"
"3636","ICT Support Specialist","Network Finance.","IT Recruitment","KwaZulu-Natal","Richards Bay","Contract","4.8","Bachelor's","Not specified","Yes","Contract","ICT Support Specialist role at Network Finance. based in Richards Bay, focused on software installation and related responsibilities.","SME","Hardware, Troubleshooting, Software Installation, Microsoft 365, IT Strategy, Project Management"
"3637","Data Scientist (AI & Machine Learning)","Goldman Tech Resourcing (Pty) Ltd","Mining","Western Cape","Stellenbosch","Full-Time","2.0","Bachelor's","Statistics","No","Permanent","Data Scientist (AI & Machine Learning) role at Goldman Tech Resourcing (Pty) Ltd based in Stellenbosch, focused on predictive modelling and related responsibilities.","SME","Deep Learning, Predictive Modelling, NumPy, Feature Stores, Machine Learning, Graph Modelling"
"3638","ICT Support Specialist","Karebo Group","IT Recruitment","Gauteng","Johannesburg North","Full-Time","5.0","Not Specified","Not specified","No","Permanent","ICT Support Specialist role at Karebo Group based in Johannesburg North, focused on software installation and related responsibilities.","SME","Microsoft 365, IT Strategy, IT Support, Linux, Budgeting, Windows, Troubleshooting"
"3639","Junior Data Analyst","Exceed Human Resource Consultants","IT & Telecommunications","Western Cape","Cape Town","Full-Time","1.0","Bachelor's","Not specified","No","Permanent","Junior Data Analyst role at Exceed Human Resource Consultants based in Cape Town, focused on data analysis and related responsibilities.","SME","Compliance Data, Process Improvement, Data Analysis, Statistical Analysis, ETL, Anomaly Detection, Data Governance"
"3640","SAP Supply Chain Functional Consultant","Psybergate (Pty) Ltd","Education & Training","Remote / Not Specified","Remote","Full-Time","2.8","Bachelor's","Not specified","No","Permanent","SAP Supply Chain Functional Consultant role at Psybergate (Pty) Ltd based in Remote, focused on solution design and related responsibilities.","SME","Vendor Management, BRDs, ServiceNow, Project Management, Functional Specs"
"3641","Security Engineer","Sasol","Transport, Logistics & Freight","Gauteng","Centurion","Full-Time","6.1","Bachelor's","Cyber Security","No","Permanent","Security Engineer role at Sasol based in Centurion, focused on threat detection and related responsibilities.","SME","CompTIA Security+, Splunk, Cloud Security, Threat Intelligence, Security Architecture, SIEM, Incident Response, CISA"
"3642","Scrum Master","Career Lab Pty Ltd","FMCG, Retail, Wholesale","Gauteng","Centurion","Full-Time","2.2","Not Specified","Not specified","No","Permanent","Scrum Master role at Career Lab Pty Ltd based in Centurion, focused on project planning and related responsibilities.","SME","Risk Management, Budgeting, PMO, Confluence, Jira, Reporting"
"3643","Systems Administrator","Gold Fields","IT & Telecommunications","Not Specified","Not Specified","Full-Time","0.2","Diploma","Not specified","No","Contract","Systems Administrator role at Gold Fields based in Not Specified, focused on troubleshooting and related responsibilities.","SME","Ticketing Systems, Patch Management, SharePoint, Hardware Troubleshooting"
"3644","RF Engineer","Reworks Solution LLC","Banking, Finance, Insurance","KwaZulu-Natal","Durban","Contract","0.4","Not Specified","Not specified","Yes","Contract","RF Engineer role at Reworks Solution LLC based in Durban, focused on wireless and related responsibilities.","Large","TCP/IP, Transmission, WAN"
"3645","TigerGraph Data Scientist","Nambiti Technologies (Pty) Ltd","Agriculture, Forestry, Environmental","Western Cape","Cape Town: Southern Suburbs","Contract","0.7","Not Specified","Data Science","No","Contract","TigerGraph Data Scientist role at Nambiti Technologies (Pty) Ltd based in Cape Town: Southern Suburbs, focused on data governance and related responsibilities.","SME","scikit-learn, NLP, Data Pipelines, Advanced Analytics, RAG, Python, Data Visualisation, TensorFlow"
"3646","Security Consultant","PM Connection","IT & Telecommunications","Gauteng","Johannesburg North","Full-Time","4.5","Diploma","Cyber Security","No","Permanent","Security Consultant role at PM Connection based in Johannesburg North, focused on compliance and related responsibilities.","SME","CompTIA Security+, EDR, ISO 27001, SIEM"
"3647","Senior Machine Learning Engineer","Google","IT & Telecommunications","Gauteng","Pretoria","Full-Time","7.7","Bachelor's","Not specified","No","Permanent","Senior Machine Learning Engineer role at Google based in Pretoria, focused on model development and related responsibilities.","SME","LangChain, Speech Recognition, Statistics, Azure AI, NLP, PyTorch, Deep Learning"
"3648","Data Engineer - Lead","BHP","IT Recruitment","Gauteng","Roodepoort","Full-Time","6.5","Bachelor's","Not specified","No","Permanent","Data Engineer - Lead role at BHP based in Roodepoort, focused on data warehousing and related responsibilities.","SME","Hadoop, Kafka, SQL, Azure, CI/CD, Data Lakes, AWS"
"3649","Azure Engineer","DevologyX","FMCG, Retail, Wholesale","Gauteng","Johannesburg","Full-Time","2.1","Bachelor's","Not specified","No","Permanent","Azure Engineer role at DevologyX based in Johannesburg, focused on cloud architecture and related responsibilities.","SME","Site Reliability, AWS, Jenkins, Ansible, Cloud Architecture, Python, GitHub Actions"
"3650","Business Analyst (Banking)","E and D Recruiters","IT & Telecommunications","Gauteng","Johannesburg","Full-Time","7.4","Not Specified","Finance","No","Permanent","Business Analyst (Banking) role at E and D Recruiters based in Johannesburg, focused on stakeholder engagement and related responsibilities.","SME","Business Process Improvement, Process Flows, Data Mapping, SDLC, Requirements Elicitation, UAT, Jira, Digital Transformation"
"3651","Embedded Software Developer","iOCO","IT & Telecommunications","Gauteng","Johannesburg North","Full-Time","0.9","Bachelor's","Not specified","Yes","Contract","Embedded Software Developer role at iOCO based in Johannesburg North, focused on system architecture and related responsibilities.","SME","Xamarin, Git, TypeScript, C#, SDLC"
"3652","AI Engineer","Dimension Data","IT & Telecommunications","Gauteng","Johannesburg","Full-Time","4.9","PhD","Not specified","No","Permanent","AI Engineer role at Dimension Data based in Johannesburg, focused on NLP and related responsibilities.","SME","RAG, PyTorch, Python, Statistics, Data Science"
"3653","Technical Project Manager","Communicate Finance","IT & Telecommunications","Gauteng","Johannesburg","Full-Time","6.1","Bachelor's","Not specified","No","Permanent","Technical Project Manager role at Communicate Finance based in Johannesburg, focused on stakeholder management and related responsibilities.","SME","Agile, Resource Management, Waterfall, Change Management, PRINCE2"
"3654","Data Solutions Analyst","MSP Staffing Pty Ltd","IT & Telecommunications","Gauteng","Pretoria","Full-Time","0.4","Bachelor's","Not specified","No","Contract","Data Solutions Analyst role at MSP Staffing Pty Ltd based in Pretoria, focused on data visualisation and related responsibilities.","SME","Process Improvement, Reporting, QlikSense, Compliance Data"
"3655","Security Architect","The Recruitment Pig","IT Consulting","Western Cape","Cape Town","Full-Time","5.8","Not Specified","Information Technology","No","Permanent","Security Architect role at The Recruitment Pig based in Cape Town, focused on incident response and related responsibilities.","SME","IAM, Cloud Security, Security Architecture, QRadar"
"3656","Technical Consultant","Ability Recruitment","IT & Telecommunications","Gauteng","Sandton","Contract","0.8","Bachelor's","Not specified","No","Contract","Technical Consultant role at Ability Recruitment based in Sandton, focused on digital transformation and related responsibilities.","SME","Project Management, SAP Ariba, Change Management"
"3657","Spring Boot Developer","Sandi Crowther Recruitment","IT & Telecommunications","Gauteng","Johannesburg","Permanent","2.7","Bachelor's","Computer Science","No","Permanent","Spring Boot Developer role at Sandi Crowther Recruitment based in Johannesburg, focused on system architecture and related responsibilities.","SME","Flutter, HTML, Blazor, ASP.NET"
"3658","Data Specialist (Engineer/Scientist)","Data Monkey (PTY) LTD","IT & Telecommunications","Western Cape","Cape Town","Full-Time","0.2","Bachelor's","Statistics","No","Permanent","Data Specialist (Engineer/Scientist) role at Data Monkey (PTY) LTD based in Cape Town, focused on predictive modelling and related responsibilities.","SME","R, AI, scikit-learn, Graph Modelling, NLP, Model Training, Data Modelling"
"3659","IT Support Engineer","Old Mutual","IT & Telecommunications","Not Specified","Not Specified","Full-Time","4.8","Bachelor's","Not specified","No","Permanent","IT Support Engineer role at Old Mutual based in Not Specified, focused on security patches and related responsibilities.","SME","Networking, Office 365, Active Directory, Desktop Support, SharePoint, TCP/IP"
"3660","Senior Data Scientist","PwC","Banking, Finance, Insurance","Gauteng","Johannesburg","Contract","5.0","Bachelor's","Data Science","No","Contract","Senior Data Scientist role at PwC based in Johannesburg, focused on machine learning and related responsibilities.","SME","RAG, Pandas, Data Pipelines, Data Visualisation, Statistical Analysis, LLMs, ETL"
"3661","SAP Supply Chain Functional Consultant","The Individual Touch","IT & Telecommunications","KwaZulu-Natal","Durban Central","Full-Time","2.9","Bachelor's","Not specified","No","Permanent","SAP Supply Chain Functional Consultant role at The Individual Touch based in Durban Central, focused on stakeholder engagement and related responsibilities.","SME","BRDs, SAP, Business Process Mapping"
"3662","Business Analyst (Banking)","Data Monkey (PTY) LTD","IT & Telecommunications","Western Cape","Cape Town","Full-Time","2.1","Bachelor's","Finance","No","Permanent","Business Analyst (Banking) role at Data Monkey (PTY) LTD based in Cape Town, focused on business process improvement and related responsibilities.","SME","Data Mapping, Digital Transformation, Documentation, Process Mapping"
"3663","Senior AI Engineer","iLaunch (Pty) Ltd","IT Consulting","Gauteng","Johannesburg","Full-Time","7.4","Not Specified","Not specified","No","Permanent","Senior AI Engineer role at iLaunch (Pty) Ltd based in Johannesburg, focused on MLOps and related responsibilities.","SME","LLMs, OpenAI API, Reinforcement Learning, Python, Deep Learning, AI, AWS SageMaker"
"3664","Data Solutions Analyst","MECS","IT Consulting","Gauteng","Menlyn","Contract","2.9","Bachelor's","Not specified","No","Contract","Data Solutions Analyst role at MECS based in Menlyn, focused on data visualisation and related responsibilities.","SME","Data Warehousing, Data Governance, ETL, BI, Compliance Data, Reporting"
"3665","Digital Marketing Specialist","Professional Recruitment Partners","Not Specified","Gauteng","Johannesburg","Full-Time","4.9","Bachelor's","Not specified","No","Contract","Digital Marketing Specialist role at Professional Recruitment Partners based in Johannesburg, focused on project coordination and related responsibilities.","SME","Time Management, Teamwork, Microsoft Office"
"3666","UI Designer","iSanqa","IT & Telecommunications","Gauteng","Centurion","Full-Time","6.6","Not Specified","Interaction Design","No","Permanent","UI Designer role at iSanqa based in Centurion, focused on usability testing and related responsibilities.","SME","Prototyping, Visual Design, Sketch, CSS, Usability Testing, Responsive Design, Interaction Design, Information Architecture"
"3667","Desktop Support Technician","Paracon - Western Cape","IT & Telecommunications","Gauteng","Johannesburg","Full-Time","6.9","Diploma","Not specified","No","Permanent","Desktop Support Technician role at Paracon - Western Cape based in Johannesburg, focused on troubleshooting and related responsibilities.","SME","Hardware Troubleshooting, Backup & Recovery, VMware"
"3668","ICT Manager","JMR Software (Pty) Ltd","Banking, Finance, Insurance","Not Specified","Not Specified","Full-Time","9.6","Bachelor's","Not specified","No","Permanent","ICT Manager role at JMR Software (Pty) Ltd based in Not Specified, focused on system administration and related responsibilities.","SME","IT Strategy, IT Support, Project Management"
"3669","AI Engineer (Entry)","Capitec Bank LTD","IT & Telecommunications","Western Cape","Cape Town","Full-Time","0.6","Master's","Not specified","No","Permanent","AI Engineer (Entry) role at Capitec Bank LTD based in Cape Town, focused on AI integration and related responsibilities.","Large","Statistics, OpenAI API, RAG"
"3670","IT Support Engineer","Capitec Bank LTD","IT & Telecommunications","Western Cape","Cape Town","Full-Time","0.9","Bachelor's","Not specified","No","Permanent","IT Support Engineer role at Capitec Bank LTD based in Cape Town, focused on troubleshooting and related responsibilities.","SME","DHCP, Intune, Desktop Support"
"3671","Security Consultant","Microsoft","IT & Telecommunications","Not Specified","Not Specified","Full-Time","3.0","Not Specified","Information Technology","No","Permanent","Security Consultant role at Microsoft based in Not Specified, focused on penetration testing and related responsibilities.","SME","Firewalls, Compliance, Forensics, Incident Response, GRC"
"3672","IT Coordinator","Staff Unlimited","Banking, Finance, Insurance","Gauteng","Fourways","Full-Time","4.9","National Diploma","Not specified","No","Permanent","IT Coordinator role at Staff Unlimited based in Fourways, focused on software installation and related responsibilities.","SME","Networking, Budgeting, Vendor Management"
"3673","C# Developer","PwC","IT & Telecommunications","Not Specified","Not Specified","Full-Time","4.1","Bachelor's","Computer Science","No","Permanent","C# Developer role at PwC based in Not Specified, focused on testing and related responsibilities.","SME","Software Design, SDLC, .NET, C#"
"3674","Build/Release Engineer","Excellent Staffing","Banking, Finance, Insurance","Gauteng","Midrand","Internship","7.8","Bachelor's","Not specified","No","Internship","Build/Release Engineer role at Excellent Staffing based in Midrand, focused on infrastructure automation and related responsibilities.","SME","PowerShell, Bash, Ansible"
"3675","Digital Marketing Specialist","Goldman Tech Resourcing (Pty) Ltd","IT & Telecommunications","Western Cape","Stellenbosch","Full-Time","4.5","Certification","Not specified","No","Permanent","Digital Marketing Specialist role at Goldman Tech Resourcing (Pty) Ltd based in Stellenbosch, focused on vendor management and related responsibilities.","SME","Data Entry, Microsoft Office, Communication, Customer Service"
"3676","Data Analyst (Business Intelligence focus)","Network Finance.","IT Consulting","Gauteng","Midrand","Permanent","4.3","Bachelor's","Not specified","No","Permanent","Data Analyst (Business Intelligence focus) role at Network Finance. based in Midrand, focused on statistical analysis and related responsibilities.","SME","Data Analysis, Business Strategy, Power BI, Reporting, Data Cleansing, SQL, Statistical Analysis"
"3677","Azure Engineer","Sasol","Not Specified","Gauteng","Roodepoort","Full-Time","6.5","Not Specified","Not specified","No","Permanent","Azure Engineer role at Sasol based in Roodepoort, focused on deployment pipelines and related responsibilities.","SME","Helm, Cloud Architecture, Bash"
"3678","Backend Developer","Absa","Education & Training","Western Cape","Cape Town","Full-Time","2.6","Bachelor's","Computer Science","No","Permanent","Backend Developer role at Absa based in Cape Town, focused on code review and related responsibilities.","SME","Git, JavaScript, Kubernetes, Java, Code Review, Swift, CSS, MVC"
"3679","Data Scientist (AI & Machine Learning)","The Individual Touch","IT & Telecommunications","Not Specified","Not Specified","Full-Time","2.4","Diploma","Data Science","Yes","Permanent","Data Scientist (AI & Machine Learning) role at The Individual Touch based in Not Specified, focused on EDA and related responsibilities.","SME","Python, Data Governance, Predictive Modelling, LLMs, MLOps, ETL"
"3680","Technical Writer","TAC Recruitment","Education & Training","Gauteng","Midrand","Full-Time","0.9","Bachelor's","Not specified","No","Permanent","Technical Writer role at TAC Recruitment based in Midrand, focused on technical support and related responsibilities.","SME","Project Management, Problem Solving, Data Entry, Teamwork, Time Management, Communication, Customer Service"
"3681","Android Developer","Paracon - Western Cape","IT & Telecommunications","Gauteng","Johannesburg North","Full-Time","4.8","Not Specified","Information Technology","No","Permanent","Android Developer role at Paracon - Western Cape based in Johannesburg North, focused on testing and related responsibilities.","SME","PHP, OOP, Microservices, JavaScript, SQL, Kubernetes, REST APIs"
"3682","React Developer","Super Save t/a Super Save","IT Consulting","Western Cape","Cape Town","Contract","0.3","Bachelor's","Computer Science","No","Contract","React Developer role at Super Save t/a Super Save based in Cape Town, focused on system architecture and related responsibilities.","Large","OOP, CSS, Node.js, Flutter, Vue.js, PHP"
"3683","Senior Data Engineer","JMR Software (Pty) Ltd","IT & Telecommunications","Western Cape","Cape Town","Full-Time","9.2","Bachelor's","Not specified","No","Permanent","Senior Data Engineer role at JMR Software (Pty) Ltd based in Cape Town, focused on data architecture and related responsibilities.","Large","Data Integration, Cloud Data Solutions, Data Warehousing, AWS, Data Modelling, Power BI"
"3684","Data Engineer_Data Analytics Platform","Old Mutual","Engineering, Technical, Manufacturing","KwaZulu-Natal","Durban","Full-Time","4.8","Bachelor's","Not specified","No","Permanent","Data Engineer_Data Analytics Platform role at Old Mutual based in Durban, focused on data pipelines and related responsibilities.","SME","Python, AWS, ELT, Databricks, SQL, Kafka, Data Modelling"
"3685","Solutions Consultant","SALT","IT Consulting","Western Cape","CPT - Northern Suburbs","Full-Time","2.6","Not Specified","Not specified","Yes","Permanent","Solutions Consultant role at SALT based in CPT - Northern Suburbs, focused on stakeholder engagement and related responsibilities.","SME","Functional Specs, SAP Ariba, ERP, Salesforce, Stakeholder Management, Dynamics 365, Process Flows"
"3686","IT Trainer","Goldman Tech Resourcing (Pty) Ltd","Banking, Finance, Insurance","KwaZulu-Natal","Richards Bay","Contract","4.8","Bachelor's","Not specified","Yes","Contract","IT Trainer role at Goldman Tech Resourcing (Pty) Ltd based in Richards Bay, focused on vendor management and related responsibilities.","SME","Customer Service, Time Management, Data Entry, Communication, Microsoft Office, Project Management, Documentation, Problem Solving"
"3687","Node.js Developer","Top Recruitment","IT & Telecommunications","Gauteng","Johannesburg","Full-Time","2.7","Bachelor's","Software Engineering","No","Permanent","Node.js Developer role at Top Recruitment based in Johannesburg, focused on code review and related responsibilities.","SME","Entity Framework, Blazor, React, Microservices, Python"
"3688","Performance Tester","IBM","IT & Telecommunications","Western Cape","Cape Town","Full-Time","2.9","Not Specified","Not specified","No","Permanent","Performance Tester role at IBM based in Cape Town, focused on performance testing and related responsibilities.","SME","TestNG, Python, Selenium, Manual Testing"
"3689","Software Developer II","TooMuchWifi","IT & Telecommunications","Gauteng","Johannesburg","Contract","4.8","Bachelor's","Computer Science","No","Contract","Software Developer II role at TooMuchWifi based in Johannesburg, focused on code review and related responsibilities.","SME","C++, Blazor, REST APIs"
"3690","Azure Engineer","Sasol","IT & Telecommunications","KwaZulu-Natal","Richards Bay","Full-Time","4.9","Bachelor's","Not specified","No","Permanent","Azure Engineer role at Sasol based in Richards Bay, focused on infrastructure automation and related responsibilities.","SME","Linux, Python, Serverless, Ansible, Terraform, Helm"
"3691","TigerGraph Data Scientist","Exceed Human Resource Consultants","Banking, Finance, Insurance","Gauteng","Johannesburg","Full-Time","0.7","PhD","Not specified","Yes","Permanent","TigerGraph Data Scientist role at Exceed Human Resource Consultants based in Johannesburg, focused on predictive modelling and related responsibilities.","Large","Graph Modelling, Feature Stores, Cloud Data Platforms, Data Governance, Advanced Analytics, SQL"
"3692","Web Developer","E and D Recruiters","IT & Telecommunications","Gauteng","Kempton Park","Full-Time","6.3","Bachelor's","Not specified","No","Permanent","Web Developer role at E and D Recruiters based in Kempton Park, focused on code review and related responsibilities.","SME","Microservices, Laravel, React, ASP.NET, CSS"
"3693","IT Trainer","Eskom","Not Specified","Gauteng","Sandton","Full-Time","4.9","Bachelor's","Not specified","Yes","Contract","IT Trainer role at Eskom based in Sandton, focused on project coordination and related responsibilities.","SME","Data Entry, Problem Solving, Project Management, Microsoft Office, Customer Service, Teamwork"
"3694","Data Scientist - Agentic AI & MLOps","BHP","Business Services","Western Cape","Cape Town","Full-Time","4.8","Diploma","Computer Science","No","Permanent","Data Scientist - Agentic AI & MLOps role at BHP based in Cape Town, focused on machine learning and related responsibilities.","SME","NLP, Statistical Analysis, PyTorch, Model Training, scikit-learn"
"3695","SSIS Developer","Psybergate (Pty) Ltd","IT & Telecommunications","Gauteng","Johannesburg","Full-Time","1.0","Not Specified","Information Technology","No","Permanent","SSIS Developer role at Psybergate (Pty) Ltd based in Johannesburg, focused on ETL and related responsibilities.","SME","SSIS, Redis, Indexing"
"3696","Quantitative Analyst","Accenture","IT & Telecommunications","Western Cape","Cape Town","Contract","0.8","Diploma","Computer Science","No","Contract","Quantitative Analyst role at Accenture based in Cape Town, focused on data pipelines and related responsibilities.","SME","AI, RAG, Model Training, Advanced Analytics, Feature Stores, scikit-learn, Predictive Modelling, LLMs"
"3697","Solutions Consultant","Transnet","IT & Telecommunications","Gauteng","Pretoria","Full-Time","1.0","Diploma","Not specified","No","Permanent","Solutions Consultant role at Transnet based in Pretoria, focused on stakeholder engagement and related responsibilities.","SME","SDLC Governance, Change Management, Functional Specs, Solution Design, IT Strategy, Digital Transformation"
"3698","Threat Intelligence Analyst","Communicate IT","IT Recruitment","Not Specified","Not Specified","Full-Time","2.8","Bachelor's","Not specified","No","Permanent","Threat Intelligence Analyst role at Communicate IT based in Not Specified, focused on incident response and related responsibilities.","SME","Vulnerability Management, Penetration Testing, ISO 27001, Forensics, CEH, Network Security, Splunk, QRadar"
"3699","ML Engineer","IBM","IT & Telecommunications","Gauteng","Bryanston","Full-Time","4.6","Master's","Not specified","No","Permanent","ML Engineer role at IBM based in Bryanston, focused on model development and related responsibilities.","SME","Speech Recognition, Feature Engineering, Transformers"
"3700","Technical Consultant","The Talent Room","IT & Telecommunications","Gauteng","Johannesburg","Full-Time","4.6","Bachelor's","Not specified","No","Permanent","Technical Consultant role at The Talent Room based in Johannesburg, focused on solution design and related responsibilities.","SME","Functional Specs, Project Management, Salesforce, Requirements Gathering, SAP Ariba"
"3701","Telecom Technician","Ability Recruitment","Agriculture, Forestry, Environmental","Gauteng","Midrand","Full-Time","7.8","Bachelor's","Not specified","No","Permanent","Telecom Technician role at Ability Recruitment based in Midrand, focused on telecom systems and related responsibilities.","SME","Fibre Optics, RF, Transmission, Firewalls, Wireshark, VoIP"
"3702","Web Developer","Top Recruitment","IT & Telecommunications","Western Cape","Cape Town","Full-Time","4.2","Bachelor's","Information Technology","No","Permanent","Web Developer role at Top Recruitment based in Cape Town, focused on code review and related responsibilities.","SME","Entity Framework, Docker, Microservices, PHP, Vue.js, SDLC"
"3703","Network Engineer","Goldenrule","IT Services","Western Cape","Stellenbosch","Full-Time","4.6","Not Specified","Networking","No","Permanent","Network Engineer role at Goldenrule based in Stellenbosch, focused on telecom systems and related responsibilities.","SME","CCNP, Transmission, Network Monitoring, Wireshark, CCNA, VPN"
"3704","IT Generalist","Future Careers","IT & Telecommunications","Gauteng","Sandton","Contract","0.9","Bachelor's","Not specified","No","Contract","IT Generalist role at Future Careers based in Sandton, focused on system administration and related responsibilities.","SME","Software Installation, IT Strategy, Vendor Management, IT Support, Linux, Windows, Active Directory"
"3705","Database Developer","Professional Recruitment Partners","IT Recruitment","Gauteng","Centurion","Full-Time","4.6","Bachelor's","Computer Science","No","Permanent","Database Developer role at Professional Recruitment Partners based in Centurion, focused on backup & recovery and related responsibilities.","SME","SSIS, Replication, Backup & Recovery, ETL"
"3706","Technical Consultant","Shoprite","Banking, Finance, Insurance","Western Cape","Cape Town: Northern Suburbs","Full-Time","2.9","Diploma","Not specified","No","Permanent","Technical Consultant role at Shoprite based in Cape Town: Northern Suburbs, focused on solution design and related responsibilities.","SME","Stakeholder Management, Functional Specs, SAP Ariba, Project Management, Dynamics 365"
"3707","Data Analyst (Business Intelligence focus)","Attain People","Agriculture, Forestry, Environmental","Gauteng","Randburg","Full-Time","2.1","Bachelor's","Not specified","No","Permanent","Data Analyst (Business Intelligence focus) role at Attain People based in Randburg, focused on statistical analysis and related responsibilities.","SME","Business Strategy, Power BI, Data Warehousing, Financial Data Analysis, QlikSense, Tableau, Reporting, Data Visualisation"
"3708","Collections Data Analyst","Karebo Group","IT & Telecommunications","Gauteng","Johannesburg","Contract","4.6","Bachelor's","Not specified","No","Contract","Collections Data Analyst role at Karebo Group based in Johannesburg, focused on dashboards and related responsibilities.","SME","Azure Data Fundamentals, Power BI, ETL, Data Visualisation, Data Warehousing, Financial Data Analysis"
"3709","Network Technician","Attain People","IT & Telecommunications","Western Cape","Stellenbosch","Full-Time","7.9","Bachelor's","Engineering","No","Permanent","Network Technician role at Attain People based in Stellenbosch, focused on routing & switching and related responsibilities.","SME","Routing & Switching, TCP/IP, Firewalls, Wireless, LAN, Network Monitoring, RF, VPN"
"3710","Computer Vision Engineer","BHP","Banking, Finance, Insurance","Gauteng","Johannesburg","Full-Time","4.1","Bachelor's","Not specified","No","Permanent","Computer Vision Engineer role at BHP based in Johannesburg, focused on computer vision and related responsibilities.","SME","Reinforcement Learning, LangChain, AI"
"3711","SAP Functional Consultant","Top Recruitment","IT & Telecommunications","Gauteng","Johannesburg North","Contract","2.5","Bachelor's","Not specified","No","Contract","SAP Functional Consultant role at Top Recruitment based in Johannesburg North, focused on requirements gathering and related responsibilities.","Large","ServiceNow, SDLC Governance, BRDs"
"3712","SEO Specialist","Anglo American","IT & Telecommunications","Gauteng","Pretoria","Full-Time","4.6","Bachelor's","Not specified","No","Permanent","SEO Specialist role at Anglo American based in Pretoria, focused on documentation and related responsibilities.","SME","Teamwork, Data Entry, Problem Solving, Time Management, Project Management, Documentation, Communication"
"3713","DBA","Samaha Consulting","Not Specified","Western Cape","Bellville","Full-Time","4.5","Bachelor's","Information Technology","No","Permanent","DBA role at Samaha Consulting based in Bellville, focused on ETL and related responsibilities.","SME","SQL, Data Warehousing, MySQL, Indexing, T-SQL"
"3714","UX Consultant","Deloitte","IT Services","Not Specified","Not Specified","Full-Time","2.6","Bachelor's","Not specified","Yes","Permanent","UX Consultant role at Deloitte based in Not Specified, focused on usability testing and related responsibilities.","SME","Design Systems, Accessibility, Design Thinking, Visual Design, CSS, Wireframing"
"3715","AI Software Developer","Network Finance.","Health, Fitness, Medical","Gauteng","Johannesburg","Contract","6.3","Not Specified","Not specified","No","Contract","AI Software Developer role at Network Finance. based in Johannesburg, focused on computer vision and related responsibilities.","SME","Neural Networks, scikit-learn, OpenAI API, PyTorch"
"3716","Data Scientist - Agentic AI & MLOps","Tumaini Consulting","IT & Telecommunications","Gauteng","Johannesburg","Full-Time","0.9","Bachelor's","Statistics","No","Permanent","Data Scientist - Agentic AI & MLOps role at Tumaini Consulting based in Johannesburg, focused on EDA and related responsibilities.","SME","MLOps, AI, Model Training, R, TensorFlow, EDA"
"3717","Data Engineer (Microsoft Fabric)","TooMuchWifi","Not Specified","Gauteng","Pretoria","Full-Time","4.1","Not Specified","Not specified","Yes","Permanent","Data Engineer (Microsoft Fabric) role at TooMuchWifi based in Pretoria, focused on data integration and related responsibilities.","SME","Azure Data Lake, Data Lakes, Kafka, Microsoft Fabric, BigQuery, Power BI"
"3718","Cybersecurity Specialist","Deloitte","IT Recruitment","Gauteng","Pretoria","Full-Time","4.5","Diploma","Cyber Security","No","Permanent","Cybersecurity Specialist role at Deloitte based in Pretoria, focused on compliance and related responsibilities.","SME","QRadar, Threat Intelligence, ISO 27001, SOC, CEH, Penetration Testing"
"3719","Desktop Support Technician","Dimension Data","IT & Telecommunications","Gauteng","Johannesburg","Full-Time","2.8","Not Specified","Not specified","No","Permanent","Desktop Support Technician role at Dimension Data based in Johannesburg, focused on user support and related responsibilities.","Large","Intune, Printers, VPN, TCP/IP, VMware, Hyper-V, Exchange"
"3720","Embedded Software Developer","MSP Staffing Pty Ltd","IT Recruitment","KwaZulu-Natal","Durban","Full-Time","2.4","Bachelor's","Computer Science","No","Permanent","Embedded Software Developer role at MSP Staffing Pty Ltd based in Durban, focused on software design and related responsibilities.","SME","HTML, Laravel, .NET Core, SQL, ASP.NET, CI/CD, Vue.js"
"3721","Business Analyst (Learning Management Systems)","Falcorp Resourcing","IT Recruitment","Gauteng","Johannesburg North","Full-Time","6.6","Diploma","Information Systems","No","Permanent","Business Analyst (Learning Management Systems) role at Falcorp Resourcing based in Johannesburg North, focused on stakeholder engagement and related responsibilities.","SME","ERP Implementation, Jira, Business Process Improvement, UAT"
"3722","Fleet and Data Analyst","Amazon Web Services","IT & Telecommunications","Not Specified","Not Specified","Full-Time","6.8","Bachelor's","Not specified","No","Permanent","Fleet and Data Analyst role at Amazon Web Services based in Not Specified, focused on reporting and related responsibilities.","Large","Business Strategy, Financial Data Analysis, Dashboards, Data Cleansing, Statistical Analysis, Data Mapping, SQL"
"3723","NOC Engineer","Staff Unlimited","Banking, Finance, Insurance","North West","Rustenburg","Full-Time","7.8","Not Specified","Not specified","No","Permanent","NOC Engineer role at Staff Unlimited based in Rustenburg, focused on routing & switching and related responsibilities.","SME","Network Security, Wireshark, BGP"
"3724","AI Engineer (Expert)","Titanium Talent","IT & Telecommunications","Gauteng","Johannesburg","Full-Time","2.5","Bachelor's","Not specified","No","Permanent","AI Engineer (Expert) role at Titanium Talent based in Johannesburg, focused on model development and related responsibilities.","SME","Reinforcement Learning, Model Deployment, Computer Vision, RAG, Machine Learning, Transformers, PyTorch"
"3725","Data Engineer / SQL Developer","Sanlam","Banking, Finance, Insurance","Gauteng","Midrand","Full-Time","4.5","Bachelor's","Not specified","No","Permanent","Data Engineer / SQL Developer role at Sanlam based in Midrand, focused on ETL and related responsibilities.","SME","Python, Data Integration, BigQuery, SSIS, Data Architecture"
"3726","PMO Analyst","Catch Recruit","IT & Telecommunications","Gauteng","Johannesburg","Full-Time","4.6","Not Specified","Not specified","No","Permanent","PMO Analyst role at Catch Recruit based in Johannesburg, focused on budgeting and related responsibilities.","SME","PRINCE2, Budgeting, Resource Management, Confluence, Scrum, Reporting, SAFe"
"3727","Backend Developer","iOCO","IT & Telecommunications","Not Specified","Not Specified","Full-Time","2.2","Bachelor's","Computer Science","No","Contract","Backend Developer role at iOCO based in Not Specified, focused on API development and related responsibilities.","Large","Xamarin, Angular, Git, Docker, Spring Boot, REST APIs"
"3728","Senior Machine Learning Engineer","wePlace (Pty) Ltd","Not Specified","Gauteng","Menlyn","Full-Time","5.5","Bachelor's","Not specified","No","Permanent","Senior Machine Learning Engineer role at wePlace (Pty) Ltd based in Menlyn, focused on AI integration and related responsibilities.","Large","Model Deployment, Feature Engineering, AWS SageMaker, NLP, AI, Python, MLOps, TensorFlow"
"3729","Fleet and Data Analyst","Hicell V- Shops Pty Ltd","Not Specified","Gauteng","Pretoria","Contract","4.2","Bachelor's","Not specified","No","Contract","Fleet and Data Analyst role at Hicell V- Shops Pty Ltd based in Pretoria, focused on data analysis and related responsibilities.","SME","Business Strategy, Excel, Power BI, Financial Data Analysis, SQL, Process Improvement"
"3730","Web Developer","Absa","Banking, Finance, Insurance","Remote / Not Specified","Remote","Full-Time","4.1","Not Specified","Not specified","No","Permanent","Web Developer role at Absa based in Remote, focused on system architecture and related responsibilities.","SME","SDLC, Git, TypeScript, HTML, ASP.NET, Python, Laravel, React Native"
"3731","Technology Consultant","BCX","IT Recruitment","Western Cape","Cape Town","Full-Time","4.7","Diploma","Not specified","No","Contract","Technology Consultant role at BCX based in Cape Town, focused on process mapping and related responsibilities.","SME","Process Flows, Stakeholder Management, Project Management, IT Strategy, Agile"
"3732","Data Scientist (AI & Machine Learning)","Unique Personnel","IT & Telecommunications","Gauteng","Johannesburg","Full-Time","6.2","Bachelor's","Computer Science","No","Permanent","Data Scientist (AI & Machine Learning) role at Unique Personnel based in Johannesburg, focused on model training and related responsibilities.","SME","MLOps, AI, LLMs, TensorFlow, Pandas"
"3733","IT Strategy Consultant","Imizizi","Mining","Western Cape","Cape Town","Full-Time","0.7","Not Specified","Not specified","Yes","Permanent","IT Strategy Consultant role at Imizizi based in Cape Town, focused on stakeholder engagement and related responsibilities.","SME","IT Strategy, Change Management, ERP, Project Management, Salesforce, Solution Design, SAP"
"3734","Software Developer","Quest Staffing Solutions","IT & Telecommunications","Gauteng","Johannesburg","Full-Time","4.2","Bachelor's","Not specified","No","Permanent","Software Developer role at Quest Staffing Solutions based in Johannesburg, focused on system architecture and related responsibilities.","SME","SQL, Flutter, React"
"3735","Quantitative Analyst","Attain People","Not Specified","Mpumalanga","Secunda","Full-Time","2.1","Honours","Statistics","No","Permanent","Quantitative Analyst role at Attain People based in Secunda, focused on EDA and related responsibilities.","SME","Credit Risk Modelling, Advanced Analytics, Data Modelling, Model Training"
"3736","Test Automation Engineer","Staff Unlimited","Not Specified","Gauteng","Midrand","Full-Time","2.5","Bachelor's","Not specified","No","Permanent","Test Automation Engineer role at Staff Unlimited based in Midrand, focused on API testing and related responsibilities.","SME","JUnit, Agile Testing, Cypress, API Testing, C#, Java"
"3737","C# Developer","Cartrack Pty Ltd","FMCG, Retail, Wholesale","Gauteng","Johannesburg","Full-Time","2.3","Not Specified","Not specified","No","Permanent","C# Developer role at Cartrack Pty Ltd based in Johannesburg, focused on deployment and related responsibilities.","SME","ASP.NET, Code Review, PHP, TypeScript, Angular, HTML"
"3738","AI Engineer","Catch Recruit","Banking, Finance, Insurance","Gauteng","Midrand","Full-Time","2.2","Not Specified","Not specified","No","Permanent","AI Engineer role at Catch Recruit based in Midrand, focused on computer vision and related responsibilities.","SME","Speech Recognition, Feature Engineering, MLOps"
"3739","Product Owner","iOCO","IT Consulting","Not Specified","Not Specified","Full-Time","2.3","Bachelor's","Not specified","No","Permanent","Product Owner role at iOCO based in Not Specified, focused on risk management and related responsibilities.","SME","Confluence, Waterfall, Risk Management, SDLC, Scrum, Project Planning"
"3740","Manual Tester","PM Connection","IT Recruitment","Not Specified","Not Specified","Full-Time","4.1","Diploma","Not specified","No","Contract","Manual Tester role at PM Connection based in Not Specified, focused on regression testing and related responsibilities.","SME","Selenium, Test Automation, C#, Manual Testing"
"3741","Data Scientist","PwC","Mining","Western Cape","Cape Town: Northern Suburbs","Full-Time","4.2","Honours","Statistics","No","Permanent","Data Scientist role at PwC based in Cape Town: Northern Suburbs, focused on data governance and related responsibilities.","SME","Spark, Cloud Data Platforms, Data Governance, R"
"3742","Senior Data Engineer","Data Monkey (PTY) LTD","Banking","Western Cape","Cape Town","Full-Time","7.3","Bachelor's","Not specified","Yes","Permanent","Senior Data Engineer role at Data Monkey (PTY) LTD based in Cape Town, focused on cloud data platforms and related responsibilities.","SME","Databricks, Microsoft Fabric, Kafka, Cloud Data Solutions, ETL"
"3743","Junior Database Administrator","Gold Fields","IT & Telecommunications","Not Specified","Not Specified","Full-Time","1.2","Not Specified","Not specified","No","Permanent","Junior Database Administrator role at Gold Fields based in Not Specified, focused on high availability and related responsibilities.","SME","Replication, Redis, PL/SQL, T-SQL, SQL, MySQL"
"3744","Telecommunications Engineer","Sibanye-Stillwater","Not Specified","Gauteng","Midrand","Full-Time","0.7","Bachelor's","Networking","No","Permanent","Telecommunications Engineer role at Sibanye-Stillwater based in Midrand, focused on telecom systems and related responsibilities.","SME","Network Infrastructure, Routing & Switching, LAN, Cisco, RF, Wireless, Network Monitoring, MPLS"
"3745","Software Engineer","Sibanye-Stillwater","Not Specified","Gauteng","Pretoria","Full-Time","4.9","Diploma","Computer Science","No","Permanent","Software Engineer role at Sibanye-Stillwater based in Pretoria, focused on testing and related responsibilities.","SME","CSS, Swift, MVC, React Native, React, Code Review, Entity Framework, Angular"
"3746","Infrastructure Engineer","IQbusiness","IT & Telecommunications","Gauteng","Johannesburg East","Full-Time","3.0","Bachelor's","Not specified","No","Permanent","Infrastructure Engineer role at IQbusiness based in Johannesburg East, focused on deployment pipelines and related responsibilities.","Large","GitHub Actions, Monitoring, Grafana, Microservices"
"3747","Business Analyst (Managed Print Services)","Nigel Frank International","IT Recruitment","Not Specified","Not Specified","Permanent","4.2","Bachelor's","Information Systems","No","Permanent","Business Analyst (Managed Print Services) role at Nigel Frank International based in Not Specified, focused on requirements documentation and related responsibilities.","SME","Stakeholder Engagement, BRDs, Power BI"
"3748","ServiceNow Consultant","Psybergate (Pty) Ltd","IT Recruitment","Western Cape","Cape Town","Permanent","2.4","Degree","Not specified","No","Permanent","ServiceNow Consultant role at Psybergate (Pty) Ltd based in Cape Town, focused on digital transformation and related responsibilities.","SME","BRDs, ERP, Salesforce, Solution Design, SAP Ariba, Digital Transformation"
"3749","ISP Core Network Engineer","Communicate IT","Banking, Finance, Insurance","KwaZulu-Natal","Pietermaritzburg","Full-Time","6.3","Diploma","Information Technology","No","Permanent","ISP Core Network Engineer role at Communicate IT based in Pietermaritzburg, focused on fibre optics and related responsibilities.","SME","Wireless, CCNA, VPN, Cisco"
"3750","Information Technology Officer","Telkom","IT & Telecommunications","Gauteng","Midrand","Full-Time","2.5","Not Specified","Not specified","No","Permanent","Information Technology Officer role at Telkom based in Midrand, focused on IT support and related responsibilities.","Large","Active Directory, Windows, ITIL, Software Installation"
"3751","Field Support Engineer","Anglo American","IT & Telecommunications","Western Cape","Stellenbosch","Contract","4.9","Bachelor's","Not specified","Yes","Contract","Field Support Engineer role at Anglo American based in Stellenbosch, focused on security patches and related responsibilities.","SME","SCCM, Linux, Hyper-V, Desktop Support, Ticketing Systems, DHCP"
"3752","ICT Specialist","Absa","Banking, Finance, Insurance","Eastern Cape","East London","Full-Time","4.5","Diploma","Not specified","No","Permanent","ICT Specialist role at Absa based in East London, focused on hardware maintenance and related responsibilities.","Large","IT Support, Microsoft 365, Budgeting, Active Directory, Troubleshooting, Linux, Vendor Management, Software Installation"
"3753","Content Manager","Data Monkey (PTY) LTD","IT Recruitment","Gauteng","Johannesburg","Full-Time","5.4","Bachelor's","Not specified","No","Permanent","Content Manager role at Data Monkey (PTY) LTD based in Johannesburg, focused on technical support and related responsibilities.","SME","Microsoft Office, Teamwork, Communication, Project Management, Customer Service, Documentation, Data Entry"
"3754","Intermediate Software Developer","Colibri Recruitment","IT Consulting","Gauteng","Johannesburg","Full-Time","0.2","Not Specified","Information Technology","No","Contract","Intermediate Software Developer role at Colibri Recruitment based in Johannesburg, focused on code review and related responsibilities.","Large",".NET, Swift, Microservices, JavaScript, SDLC, Laravel"
"3755","Senior Software Developer","Sandi Crowther Recruitment","IT & Telecommunications","Gauteng","Midrand","Full-Time","5.4","Bachelor's","Engineering","No","Permanent","Senior Software Developer role at Sandi Crowther Recruitment based in Midrand, focused on API development and related responsibilities.","SME","PHP, C#, OOP, Angular, Code Review, Python, JavaScript, .NET Core"
"3756","Business Analyst (Technology)","Dimension Data","IT & Telecommunications","Gauteng","Menlyn","Learnership","2.5","Bachelor's","Information Systems","No","Learnership","Business Analyst (Technology) role at Dimension Data based in Menlyn, focused on stakeholder engagement and related responsibilities.","SME","Agile/Scrum, Jira, ERP Implementation"
"3757","Cybersecurity Analyst","JMR Software (Pty) Ltd","IT & Telecommunications","Gauteng","Johannesburg","Full-Time","2.7","Bachelor's","Cyber Security","No","Permanent","Cybersecurity Analyst role at JMR Software (Pty) Ltd based in Johannesburg, focused on threat detection and related responsibilities.","SME","IDS/IPS, Network Security, GRC, Cloud Security"
"3758","Desktop Support Technician","Zeal HR","IT & Telecommunications","Western Cape","Bellville","Contract","4.4","Certification","Not specified","No","Contract","Desktop Support Technician role at Zeal HR based in Bellville, focused on security patches and related responsibilities.","SME","VMware, Office 365, Microsoft 365"
"3759","Junior Data Scientist","Sandi Crowther Recruitment","IT & Telecommunications","Western Cape","Cape Town","Permanent","1.9","Honours","Data Science","No","Permanent","Junior Data Scientist role at Sandi Crowther Recruitment based in Cape Town, focused on data pipelines and related responsibilities.","SME","Cloud Data Platforms, Data Governance, ETL"
"3760","Site Reliability Engineer","Colibri Recruitment","Not Specified","Not Specified","Not Specified","Full-Time","0.3","Not Specified","Not specified","No","Permanent","Site Reliability Engineer role at Colibri Recruitment based in Not Specified, focused on CI/CD and related responsibilities.","SME","Python, GCP, PowerShell, AWS, Helm, Docker"
"3761","ISP Core Network Engineer","DevologyX","IT & Telecommunications","Gauteng","Johannesburg East","Full-Time","0.2","Diploma","Not specified","No","Permanent","ISP Core Network Engineer role at DevologyX based in Johannesburg East, focused on network design and related responsibilities.","SME","MPLS, Cisco, RF, CCNP, Network Monitoring, Network Design"
"3762","ISP Core Network Engineer","Hicell V- Shops Pty Ltd","Engineering, Technical, Manufacturing","Not Specified","Not Specified","Full-Time","0.8","Bachelor's","Not specified","No","Contract","ISP Core Network Engineer role at Hicell V- Shops Pty Ltd based in Not Specified, focused on fibre optics and related responsibilities.","SME","MPLS, VPN, 5G"
"3763","Backend Developer","Denel","IT & Telecommunications","Gauteng","Johannesburg North","Permanent","4.8","Bachelor's","Information Technology","No","Permanent","Backend Developer role at Denel based in Johannesburg North, focused on API development and related responsibilities.","SME","Software Design, React, OOP, Node.js, CSS, Laravel, Git"
"3764","Data Scientist (AI & Machine Learning)","Sanlam","IT & Telecommunications","KwaZulu-Natal","Durban","Full-Time","2.4","Diploma","Computer Science","No","Permanent","Data Scientist (AI & Machine Learning) role at Sanlam based in Durban, focused on model training and related responsibilities.","SME","ETL, Cloud Data Platforms, AI, Deep Learning"
"3765","DBA","MTN","Not Specified","Gauteng","Centurion","Contract","6.1","Bachelor's","Information Technology","No","Contract","DBA role at MTN based in Centurion, focused on high availability and related responsibilities.","SME","Backup & Recovery, SQL Server, MySQL, Database Design, SQL, PostgreSQL"
"3766","IT Systems Administrator","Denel","IT & Telecommunications","Gauteng","Johannesburg","Full-Time","4.6","Bachelor's","Not specified","No","Permanent","IT Systems Administrator role at Denel based in Johannesburg, focused on security patches and related responsibilities.","SME","Patch Management, DNS, VPN"
"3767","Information Technology Officer","Woolworths","IT & Telecommunications","Not Specified","Not Specified","Permanent","0.0","Not Specified","Not specified","No","Permanent","Information Technology Officer role at Woolworths based in Not Specified, focused on network management and related responsibilities.","SME","Compliance, Microsoft 365, Project Management, IT Support, Vendor Management, ITIL"
"3768","Python Developer","Psybergate (Pty) Ltd","IT Recruitment","KwaZulu-Natal","Durban","Full-Time","2.5","Bachelor's","Computer Science","No","Permanent","Python Developer role at Psybergate (Pty) Ltd based in Durban, focused on deployment and related responsibilities.","SME","ASP.NET, JavaScript, Git, React"
"3769","IT Manager","PwC","IT Recruitment","Western Cape","Bellville","Full-Time","8.7","Diploma","Not specified","Yes","Permanent","IT Manager role at PwC based in Bellville, focused on security patches and related responsibilities.","SME","Firewalls, SharePoint, Intune, Server Maintenance, Active Directory, Backup & Recovery, VPN"
"3770","Information Technology Officer","Data Monkey (PTY) LTD","IT & Telecommunications","Gauteng","Johannesburg","Full-Time","1.0","Bachelor's","Not specified","No","Contract","Information Technology Officer role at Data Monkey (PTY) LTD based in Johannesburg, focused on hardware maintenance and related responsibilities.","SME","IT Support, Budgeting, Vendor Management, Compliance, Linux"
"3771","NOC Engineer","Abalobi Solutions","FMCG, Retail, Wholesale","Gauteng","Menlyn","Full-Time","0.7","Bachelor's","Information Technology","No","Permanent","NOC Engineer role at Abalobi Solutions based in Menlyn, focused on network design and related responsibilities.","SME","Transmission, VoIP, Network Infrastructure"
"3772","AI Engineer (Entry)","Psybergate (Pty) Ltd","Banking, Finance, Insurance","Gauteng","Johannesburg North","Full-Time","0.6","Bachelor's","Not specified","No","Permanent","AI Engineer (Entry) role at Psybergate (Pty) Ltd based in Johannesburg North, focused on deep learning and related responsibilities.","Large","NLP, AWS SageMaker, Machine Learning, LLMs, Python, LangChain, AI"
"3773","Senior ETL Developer & Database Administrator","Mediro ICT Recruitment","IT & Telecommunications","Gauteng","Pretoria","Full-Time","7.3","Bachelor's","Not specified","No","Permanent","Senior ETL Developer & Database Administrator role at Mediro ICT Recruitment based in Pretoria, focused on cloud data platforms and related responsibilities.","SME","Cloud Data Solutions, ETL, Spark, Azure, Data Integration, CI/CD, Airflow, Data Pipelines"
"3774","Android Developer","Parvana","IT Consulting","Gauteng","Johannesburg","Full-Time","0.9","Bachelor's","Engineering","No","Permanent","Android Developer role at Parvana based in Johannesburg, focused on API development and related responsibilities.","Large","React, Spring Boot, Microservices, Vue.js, SQL"
"3775","Business Analyst (GLR)","Old Mutual","IT & Telecommunications","Gauteng","Centurion","Full-Time","4.6","Bachelor's","Not specified","No","Permanent","Business Analyst (GLR) role at Old Mutual based in Centurion, focused on business process improvement and related responsibilities.","SME","Functional Specs, Digital Transformation, SQL, ERP Implementation, Confluence, Power BI, Jira"
"3776","ICT Support Specialist","Paracon - Western Cape","Business Services","Gauteng","Pretoria","Full-Time","0.1","Bachelor's","Not specified","No","Permanent","ICT Support Specialist role at Paracon - Western Cape based in Pretoria, focused on network management and related responsibilities.","SME","ITIL, Microsoft 365, Vendor Management, Documentation, Troubleshooting, Budgeting, Linux"
"3777","Digital Marketing Specialist","Absa","IT & Telecommunications","Not Specified","Not Specified","Full-Time","4.6","Diploma","Not specified","No","Permanent","Digital Marketing Specialist role at Absa based in Not Specified, focused on training and related responsibilities.","SME","Microsoft Office, Data Entry, Project Management, Time Management, Documentation"
"3778","Service Desk Analyst","Zeal HR","Banking, Finance, Insurance","Gauteng","Johannesburg","Full-Time","4.0","Diploma","Not specified","No","Permanent","Service Desk Analyst role at Zeal HR based in Johannesburg, focused on server management and related responsibilities.","SME","VPN, VMware, Active Directory, SCCM"
"3779","Computer Vision Engineer","Sanlam","Engineering, Technical, Manufacturing","Gauteng","Johannesburg North","Full-Time","10.3","Bachelor's","Not specified","No","Permanent","Computer Vision Engineer role at Sanlam based in Johannesburg North, focused on deep learning and related responsibilities.","SME","Deep Learning, Reinforcement Learning, TensorFlow, Model Deployment"
"3780","ISP Core Network Engineer","Capitec Bank LTD","IT & Telecommunications","Western Cape","Cape Town: Northern Suburbs","Full-Time","0.8","Bachelor's","Information Technology","No","Permanent","ISP Core Network Engineer role at Capitec Bank LTD based in Cape Town: Northern Suburbs, focused on wireless and related responsibilities.","SME","5G, Network Infrastructure, BGP, Cisco, Wireshark, Transmission, VPN"
"3781","React Developer","E and D Recruiters","Mining","Western Cape","Rondebosch","Full-Time","4.2","Bachelor's","Not specified","Yes","Permanent","React Developer role at E and D Recruiters based in Rondebosch, focused on deployment and related responsibilities.","SME","ASP.NET, Code Review, Xamarin"
"3782","Software Developer II","Transnet","Not Specified","Gauteng","Kempton Park","Full-Time","6.5","Bachelor's","Not specified","No","Permanent","Software Developer II role at Transnet based in Kempton Park, focused on code review and related responsibilities.","SME","Vue.js, Swift, Python, OOP, HTML"
"3783","UX Designer","Telkom","IT Recruitment","Gauteng","Midrand","Full-Time","3.0","Bachelor's","Computer Science","No","Permanent","UX Designer role at Telkom based in Midrand, focused on prototyping and related responsibilities.","SME","Usability Testing, Wireframing, Prototyping, Design Systems, Accessibility, Information Architecture"
"3784","Technical Writer","RedM Professional Services","IT Consulting","Gauteng","Randburg","Full-Time","7.8","Certification","Not specified","Yes","Contract","Technical Writer role at RedM Professional Services based in Randburg, focused on technical support and related responsibilities.","SME","Microsoft Office, Problem Solving, Documentation, Project Management, Time Management"
"3785","Frontend Developer","Gold Fields","IT & Telecommunications","Western Cape","Cape Town","Full-Time","2.5","Bachelor's","Not specified","No","Permanent","Frontend Developer role at Gold Fields based in Cape Town, focused on software design and related responsibilities.","SME","Software Design, .NET Core, Xamarin, PHP, Java, .NET"
"3786","Mobile Developer","TooMuchWifi","IT & Telecommunications","Gauteng","Johannesburg North","Full-Time","3.0","Not Specified","Information Technology","No","Permanent","Mobile Developer role at TooMuchWifi based in Johannesburg North, focused on testing and related responsibilities.","SME","Kotlin, Node.js, ASP.NET, TDD, Git, Vue.js, C++"
"3787","Senior Machine Learning Engineer","Absa","IT & Telecommunications","Gauteng","Tshwane (Pretoria)","Full-Time","9.1","Bachelor's","Not specified","No","Permanent","Senior Machine Learning Engineer role at Absa based in Tshwane (Pretoria), focused on deep learning and related responsibilities.","SME","AWS SageMaker, scikit-learn, AI, LangChain, Machine Learning, Python, MLOps"
"3788","Senior IT Project Manager","Momentum","IT & Telecommunications","Gauteng","Johannesburg","Full-Time","7.4","Not Specified","Not specified","No","Contract","Senior IT Project Manager role at Momentum based in Johannesburg, focused on budgeting and related responsibilities.","SME","Jira, Scrum, Budgeting, Stakeholder Management"
"3789","AI Engineer (Expert)","PM Connection","IT & Telecommunications","Gauteng","Johannesburg North","Full-Time","2.4","Bachelor's","Not specified","No","Permanent","AI Engineer (Expert) role at PM Connection based in Johannesburg North, focused on model development and related responsibilities.","Large","RAG, AWS SageMaker, MLOps, PyTorch"
"3790","Scrum Master","Gold Fields","IT & Telecommunications","Gauteng","Johannesburg","Contract","2.5","Not Specified","Not specified","No","Contract","Scrum Master role at Gold Fields based in Johannesburg, focused on budgeting and related responsibilities.","SME","Resource Management, PRINCE2, Waterfall, SDLC, PMO, Project Planning, Confluence"
"3791","Infrastructure Automation Engineer","The Recruitment Pig","IT & Telecommunications","Not Specified","Not Specified","Permanent","4.3","Not Specified","Not specified","No","Permanent","Infrastructure Automation Engineer role at The Recruitment Pig based in Not Specified, focused on deployment pipelines and related responsibilities.","SME","Microservices, Monitoring, Site Reliability"
"3792","ISP Core Network Engineer","Karebo Group","IT Recruitment","Not Specified","Not Specified","Full-Time","2.3","Bachelor's","Networking","No","Permanent","ISP Core Network Engineer role at Karebo Group based in Not Specified, focused on telecom systems and related responsibilities.","SME","Wi-Fi 6, Firewalls, WAN"
"3793","ML Engineer","Old Mutual","Banking, Finance, Insurance","Gauteng","Pretoria","Full-Time","0.8","Bachelor's","Not specified","No","Contract","ML Engineer role at Old Mutual based in Pretoria, focused on computer vision and related responsibilities.","SME","scikit-learn, Model Deployment, Statistics, LangChain"
"3794","Technology Consultant","MTN","Banking, Finance, Insurance","Gauteng","Pretoria","Full-Time","4.7","Degree","Not specified","No","Contract","Technology Consultant role at MTN based in Pretoria, focused on process mapping and related responsibilities.","SME","Digital Transformation, Change Management, Process Flows, Salesforce, Requirements Gathering"
"3795","Delivery Manager","Capitec Bank LTD","Banking, Finance, Insurance","Gauteng","Johannesburg North","Contract","5.4","Bachelor's","Not specified","No","Contract","Delivery Manager role at Capitec Bank LTD based in Johannesburg North, focused on budgeting and related responsibilities.","SME","Vendor Management, PRINCE2, Resource Management"
"3796","Data Scientist (Entry)","Nedbank","IT & Telecommunications","Western Cape","Cape Town","Full-Time","0.8","Diploma","Computer Science","No","Permanent","Data Scientist (Entry) role at Nedbank based in Cape Town, focused on data governance and related responsibilities.","SME","RAG, Pandas, TensorFlow, Python, Data Modelling"
"3797","Web Developer","Goldman Tech Resourcing (Pty) Ltd","IT & Telecommunications","Gauteng","Centurion","Full-Time","0.4","Bachelor's","Information Technology","No","Permanent","Web Developer role at Goldman Tech Resourcing (Pty) Ltd based in Centurion, focused on API development and related responsibilities.","SME","Flutter, Laravel, Spring Boot, Git, TDD, Python, CSS, Microservices"
"3798","NOC Engineer","Career Lab Pty Ltd","IT & Telecommunications","Gauteng","Pretoria","Full-Time","2.7","Bachelor's","Not specified","Yes","Permanent","NOC Engineer role at Career Lab Pty Ltd based in Pretoria, focused on telecom systems and related responsibilities.","SME","Wi-Fi 6, Fibre Optics, BGP"
"3799","Java Developer","wePlace (Pty) Ltd","IT & Telecommunications","Mpumalanga","Nelspruit","Full-Time","2.9","Not Specified","Not specified","Yes","Permanent","Java Developer role at wePlace (Pty) Ltd based in Nelspruit, focused on API development and related responsibilities.","SME","React, SDLC, JavaScript"
"3800","Junior Data Analyst","Parvana","IT & Telecommunications","Gauteng","Pretoria","Full-Time","1.7","Bachelor's","Not specified","No","Permanent","Junior Data Analyst role at Parvana based in Pretoria, focused on reporting and related responsibilities.","SME","Compliance Data, Data Warehousing, Dashboards, Data Analysis"
"3801","IT Consultant","EY","IT & Telecommunications","Gauteng","Pretoria","Full-Time","4.2","Not Specified","Not specified","No","Permanent","IT Consultant role at EY based in Pretoria, focused on solution design and related responsibilities.","SME","Dynamics 365, Salesforce, BRDs, ServiceNow"
"3802","IT Recruiter","Nigel Frank International","Banking, Finance, Insurance","Gauteng","Johannesburg","Full-Time","0.4","National Diploma","Not specified","No","Permanent","IT Recruiter role at Nigel Frank International based in Johannesburg, focused on project coordination and related responsibilities.","Large","Teamwork, Problem Solving, Communication, Documentation, Data Entry, Project Management, Customer Service, Microsoft Office"
"3803","Developer and Data Engineer","Tumaini Consulting","Mining","Gauteng","Midrand","Full-Time","0.2","Not Specified","Not specified","No","Permanent","Developer and Data Engineer role at Tumaini Consulting based in Midrand, focused on ETL and related responsibilities.","SME","Cloud Data Solutions, Spark, Data Modelling, ETL, BigQuery, Azure"
"3804","Site Reliability Engineer","Ability Recruitment","Banking, Finance, Insurance","Gauteng","Johannesburg North","Full-Time","4.3","Not Specified","Not specified","No","Contract","Site Reliability Engineer role at Ability Recruitment based in Johannesburg North, focused on monitoring and related responsibilities.","SME","Python, Grafana, Cloud Architecture, PowerShell"
"3805","SAP Expert Functional Consultant","Gold Fields","IT Recruitment","Western Cape","Cape Town: City Bowl","Contract","2.5","Bachelor's","Not specified","Yes","Contract","SAP Expert Functional Consultant role at Gold Fields based in Cape Town: City Bowl, focused on process mapping and related responsibilities.","SME","Dynamics 365, SAP Ariba, Solution Design, SAP, Digital Transformation, Scrum, Agile"
"3806","Temp Systems Administrator","Nedbank","IT & Telecommunications","Gauteng","Centurion","Full-Time","0.3","Bachelor's","Not specified","No","Permanent","Temp Systems Administrator role at Nedbank based in Centurion, focused on system maintenance and related responsibilities.","SME","Printers, Microsoft 365, Hardware Troubleshooting"
"3807","Data Entry Clerk","Super Save t/a Super Save","IT & Telecommunications","Gauteng","Midrand","Full-Time","0.7","Bachelor's","Not specified","No","Permanent","Data Entry Clerk role at Super Save t/a Super Save based in Midrand, focused on vendor management and related responsibilities.","SME","Communication, Microsoft Office, Data Entry"
"3808","AI Engineer (Entry)","Abalobi Solutions","IT & Telecommunications","Not Specified","Not Specified","Full-Time","2.0","Master's","Not specified","No","Permanent","AI Engineer (Entry) role at Abalobi Solutions based in Not Specified, focused on NLP and related responsibilities.","SME","AI, Statistics, Python, Feature Engineering, LLMs, AWS SageMaker"
"3809","AI Engineer (Entry)","Transnet","IT Recruitment","Western Cape","Cape Town: City Bowl","Full-Time","0.0","Master's","Not specified","No","Contract","AI Engineer (Entry) role at Transnet based in Cape Town: City Bowl, focused on NLP and related responsibilities.","Large","Computer Vision, PyTorch, Transformers, OpenAI API, Reinforcement Learning, Azure AI"
"3810","Data Engineer / SQL Developer","The Foschini Group","IT & Telecommunications","Not Specified","Not Specified","Contract","6.6","Bachelor's","Not specified","No","Contract","Data Engineer / SQL Developer role at The Foschini Group based in Not Specified, focused on data warehousing and related responsibilities.","Large","SSIS, Python, Databricks, Dataflow, ETL, Data Architecture, AWS"
"3811","IT Support Technician","RedM Professional Services","IT & Telecommunications","Western Cape","Bellville","Full-Time","7.8","Not Specified","Not specified","No","Permanent","IT Support Technician role at RedM Professional Services based in Bellville, focused on server management and related responsibilities.","SME","TCP/IP, Backup & Recovery, Desktop Support, Intune"
"3812","Content Manager","Credico Financial Services (Pty) Ltd","Engineering, Technical, Manufacturing","Gauteng","Johannesburg East","Full-Time","6.9","Bachelor's","Not specified","No","Contract","Content Manager role at Credico Financial Services (Pty) Ltd based in Johannesburg East, focused on training and related responsibilities.","SME","Problem Solving, Teamwork, Time Management, Documentation"
"3813","Risk & Investigation Data Analyst","NBC Holdings Pty Ltd","IT & Telecommunications","Gauteng","Johannesburg","Full-Time","7.5","Bachelor's","Not specified","No","Contract","Risk & Investigation Data Analyst role at NBC Holdings Pty Ltd based in Johannesburg, focused on data visualisation and related responsibilities.","SME","Data Warehousing, Fraud Detection, QlikSense"
"3814","Data Engineer / SQL Developer","Ability Recruitment","IT & Telecommunications","KwaZulu-Natal","Durban","Full-Time","6.7","Bachelor's","Not specified","No","Permanent","Data Engineer / SQL Developer role at Ability Recruitment based in Durban, focused on cloud data platforms and related responsibilities.","SME","Databricks, SSIS, Spark, Microsoft Fabric, Data Integration"
"3815","Vue.js Developer","Capitec Bank LTD","IT & Telecommunications","Western Cape","Cape Town: Southern Suburbs","Full-Time","4.7","Degree","Not specified","No","Permanent","Vue.js Developer role at Capitec Bank LTD based in Cape Town: Southern Suburbs, focused on deployment and related responsibilities.","SME","Docker, C#, ASP.NET, Node.js, PHP, JavaScript, CI/CD"
"3816","UX Designer","Network Contracting Solutions","Banking, Finance, Insurance","Remote / Not Specified","Remote","Full-Time","4.9","Bachelor's","Interaction Design","No","Permanent","UX Designer role at Network Contracting Solutions based in Remote, focused on prototyping and related responsibilities.","SME","Responsive Design, Design Systems, Design Thinking, Interaction Design"
"3817","Web Developer","Shoprite","Mining","Gauteng","Johannesburg","Full-Time","4.5","Not Specified","Computer Science","No","Permanent","Web Developer role at Shoprite based in Johannesburg, focused on system architecture and related responsibilities.","SME","Docker, MVC, Flutter"
"3818","Senior AI Engineer","Newsclip Media Monitoring (Pty) Ltd.","IT Consulting","Western Cape","Bellville","Full-Time","5.7","Bachelor's","Not specified","No","Permanent","Senior AI Engineer role at Newsclip Media Monitoring (Pty) Ltd. based in Bellville, focused on model development and related responsibilities.","SME","Transformers, LLMs, MLOps, LangChain"
"3819","Content Manager","Pick n Pay","IT Consulting","Gauteng","Johannesburg North","Full-Time","7.4","Bachelor's","Not specified","No","Permanent","Content Manager role at Pick n Pay based in Johannesburg North, focused on vendor management and related responsibilities.","SME","Microsoft Office, Communication, Data Entry, Customer Service, Documentation"
"3820","Salesforce Consultant","Gold Fields","IT & Telecommunications","Gauteng","Johannesburg","Full-Time","4.1","Bachelor's","Not specified","No","Permanent","Salesforce Consultant role at Gold Fields based in Johannesburg, focused on stakeholder engagement and related responsibilities.","SME","BRDs, SAP Ariba, ServiceNow, Agile, Change Management, Process Flows, Scrum"
"3821","Threat Intelligence Analyst","Amazon Web Services","FMCG, Retail, Wholesale","Gauteng","Johannesburg","Full-Time","4.9","Not Specified","Cyber Security","Yes","Contract","Threat Intelligence Analyst role at Amazon Web Services based in Johannesburg, focused on compliance and related responsibilities.","SME","Threat Intelligence, Network Security, IDS/IPS"
"3822","IT Project Manager","bbe Recruitment","IT & Telecommunications","Not Specified","Not Specified","Contract","5.9","Bachelor's","Not specified","No","Contract","IT Project Manager role at bbe Recruitment based in Not Specified, focused on stakeholder management and related responsibilities.","SME","SDLC, SAFe, Scrum, Agile, Risk Management"
"3823","ICT Support Specialist","E and D Recruiters","IT & Telecommunications","KwaZulu-Natal","Pietermaritzburg","Full-Time","7.5","National Diploma","Not specified","No","Contract","ICT Support Specialist role at E and D Recruiters based in Pietermaritzburg, focused on hardware maintenance and related responsibilities.","SME","ITIL, Troubleshooting, Microsoft 365, Linux, Vendor Management"
"3824","Mobile Developer","Massmart","Engineering, Technical, Manufacturing","Gauteng","Pretoria","Full-Time","7.3","Not Specified","Information Technology","No","Permanent","Mobile Developer role at Massmart based in Pretoria, focused on software design and related responsibilities.","SME","MVC, Code Review, Java, ASP.NET"
"3825","Data Scientist","bbe Recruitment","Health, Fitness, Medical","Gauteng","Midrand","Full-Time","3.0","Bachelor's","Not specified","No","Permanent","Data Scientist role at bbe Recruitment based in Midrand, focused on statistical analysis and related responsibilities.","SME","Data Modelling, MLOps, Deep Learning"
"3826","UX Consultant","Momentum","IT & Telecommunications","Gauteng","Johannesburg","Full-Time","0.3","Bachelor's","Interaction Design","No","Permanent","UX Consultant role at Momentum based in Johannesburg, focused on wireframing and related responsibilities.","SME","Wireframing, Usability Testing, Prototyping, Sketch, Accessibility"
"3827","Senior Data Scientist","Abalobi Solutions","Not Specified","Not Specified","Not Specified","Full-Time","5.1","Bachelor's","Data Science","No","Permanent","Senior Data Scientist role at Abalobi Solutions based in Not Specified, focused on model training and related responsibilities.","SME","Data Modelling, Data Pipelines, AI"
"3828","Java Developer","Samaha Consulting","IT & Telecommunications","Gauteng","Germiston","Contract","0.9","Certification","Not specified","No","Contract","Java Developer role at Samaha Consulting based in Germiston, focused on deployment and related responsibilities.","SME","Microservices, Kotlin, Node.js, MVC, CI/CD, Flutter, SDLC"
"3829","Data Analyst","wePlace (Pty) Ltd","IT & Telecommunications","KwaZulu-Natal","Pietermaritzburg","Full-Time","6.7","Bachelor's","Not specified","No","Permanent","Data Analyst role at wePlace (Pty) Ltd based in Pietermaritzburg, focused on dashboards and related responsibilities.","SME","Data Warehousing, QlikSense, Reporting, Compliance Data"
"3830","Fleet and Data Analyst","Sasol","IT & Telecommunications","Gauteng","Johannesburg","Full-Time","2.2","Bachelor's","Not specified","No","Contract","Fleet and Data Analyst role at Sasol based in Johannesburg, focused on data analysis and related responsibilities.","SME","Data Warehousing, ETL, Data Mapping, BI, Data Visualisation, Data Cleansing, QlikSense, Anomaly Detection"
"3831","Cloud Architect","Pick n Pay","Banking, Finance, Insurance","Western Cape","Durbanville","Full-Time","9.4","Not Specified","Not specified","No","Permanent","Cloud Architect role at Pick n Pay based in Durbanville, focused on infrastructure automation and related responsibilities.","SME","Kubernetes, Ansible, AWS"
"3832","5G Systems Engineer","MTN","IT & Telecommunications","Western Cape","Cape Town","Full-Time","0.7","Not Specified","Information Technology","No","Permanent","5G Systems Engineer role at MTN based in Cape Town, focused on routing & switching and related responsibilities.","SME","BGP, WAN, Wi-Fi 6, Wireless, LAN"
"3833","Cloud Engineer","Excellent Staffing","IT Recruitment","Gauteng","Centurion","Full-Time","4.4","Certification","Not specified","Yes","Permanent","Cloud Engineer role at Excellent Staffing based in Centurion, focused on infrastructure automation and related responsibilities.","SME","Site Reliability, Prometheus, Kubernetes, Ansible, DevOps, Azure, ELK Stack"
"3834","Desktop Support Technician","iSanqa","Banking, Finance, Insurance","Western Cape","Cape Town","Full-Time","0.6","Certification","Not specified","No","Permanent","Desktop Support Technician role at iSanqa based in Cape Town, focused on user support and related responsibilities.","SME","ITIL, Backup & Recovery, DHCP, VPN, Patch Management, Networking"
"3835","DevOps Engineer","The Individual Touch","IT & Telecommunications","Not Specified","Not Specified","Contract","6.1","Diploma","Not specified","No","Contract","DevOps Engineer role at The Individual Touch based in Not Specified, focused on CI/CD and related responsibilities.","SME","Terraform, Linux, Helm, Grafana, Infrastructure as Code, GitLab CI, Python, CI/CD"
"3836","Network Technician","Datafin IT Recruitment","IT & Telecommunications","Gauteng","Johannesburg","Full-Time","4.0","Bachelor's","Engineering","No","Permanent","Network Technician role at Datafin IT Recruitment based in Johannesburg, focused on routing & switching and related responsibilities.","SME","Cisco, Wireshark, WAN, Fibre Optics, MPLS, RF, LAN, Network Security"
"3837","Quantitative Analyst","Pick n Pay","IT & Telecommunications","Gauteng","Johannesburg North","Full-Time","2.2","Bachelor's","Computer Science","Yes","Permanent","Quantitative Analyst role at Pick n Pay based in Johannesburg North, focused on data pipelines and related responsibilities.","SME","R, Data Governance, Data Modelling, Cloud Data Platforms, NumPy, SQL, Statistical Analysis, AI"
"3838","Cybersecurity Analyst","Denel","Mining","Western Cape","Cape Town","Full-Time","4.8","Bachelor's","Cyber Security","Yes","Permanent","Cybersecurity Analyst role at Denel based in Cape Town, focused on penetration testing and related responsibilities.","SME","GRC, SIEM, CISSP, QRadar, CEH, Cloud Security, Compliance"
"3839","AI Software Developer","Communicate Finance","IT Recruitment","Gauteng","Johannesburg","Permanent","4.4","Bachelor's","Not specified","No","Permanent","AI Software Developer role at Communicate Finance based in Johannesburg, focused on AI integration and related responsibilities.","SME","RAG, LLMs, Deep Learning, scikit-learn, Feature Engineering, Transformers, Computer Vision, Model Deployment"
"3840","Delivery Manager","TooMuchWifi","FMCG, Retail, Wholesale","Gauteng","Johannesburg","Full-Time","7.6","Not Specified","Not specified","No","Contract","Delivery Manager role at TooMuchWifi based in Johannesburg, focused on resource management and related responsibilities.","SME","PRINCE2, Resource Management, Vendor Management"
"3841","Data Governance Analyst","Reworks Solution LLC","IT & Telecommunications","Western Cape","Cape Town: Southern Suburbs","Full-Time","4.3","Bachelor's","Not specified","No","Contract","Data Governance Analyst role at Reworks Solution LLC based in Cape Town: Southern Suburbs, focused on BI development and related responsibilities.","SME","Data Analysis, Data Mapping, Azure Data Fundamentals, Anomaly Detection, Power BI, Data Governance"
"3842","Data Analyst","Credico Financial Services (Pty) Ltd","IT Recruitment","Western Cape","Cape Town","Permanent","0.2","Not Specified","Not specified","No","Permanent","Data Analyst role at Credico Financial Services (Pty) Ltd based in Cape Town, focused on data analysis and related responsibilities.","Large","Fraud Detection, Financial Data Analysis, Reporting, Dashboards, Excel, Business Strategy, Process Improvement, Statistical Analysis"
"3843","Computer Vision Engineer","Absa","IT Recruitment","Gauteng","Pretoria","Contract","0.4","Bachelor's","Not specified","Yes","Contract","Computer Vision Engineer role at Absa based in Pretoria, focused on AI integration and related responsibilities.","SME","MLOps, Deep Learning, Feature Engineering, Azure AI, PyTorch, Reinforcement Learning, Computer Vision"
"3844","DevOps Engineer","First National Bank","Not Specified","Gauteng","Sandton","Full-Time","4.6","Bachelor's","Not specified","No","Permanent","DevOps Engineer role at First National Bank based in Sandton, focused on cloud architecture and related responsibilities.","SME","GCP, AWS, Azure, Serverless, Docker, Bash, Python"
"3845","Platform Engineer","Standard Bank","Engineering, Technical, Manufacturing","Gauteng","Johannesburg","Full-Time","2.7","Not Specified","Not specified","No","Permanent","Platform Engineer role at Standard Bank based in Johannesburg, focused on infrastructure automation and related responsibilities.","SME","Cloud Architecture, Terraform, AWS, Microservices, CI/CD, Containerisation, Kubernetes, Helm"
"3846","C# Developer","Ad-Hoc","Engineering, Technical, Manufacturing","Gauteng","Menlyn","Full-Time","2.6","Not Specified","Information Technology","No","Permanent","C# Developer role at Ad-Hoc based in Menlyn, focused on system architecture and related responsibilities.","Large","TypeScript, Microservices, PHP, Java, Node.js, Software Design"
"3847","Web Developer","Karebo Group","IT & Telecommunications","KwaZulu-Natal","Durban","Full-Time","4.3","Diploma","Engineering","No","Permanent","Web Developer role at Karebo Group based in Durban, focused on code review and related responsibilities.","Large","REST APIs, ASP.NET, Entity Framework, PHP, TypeScript"
"3848","Senior ETL Developer & Database Administrator","Ability Recruitment","FMCG, Retail, Wholesale","Gauteng","Sandton","Contract","8.6","Bachelor's","Not specified","No","Contract","Senior ETL Developer & Database Administrator role at Ability Recruitment based in Sandton, focused on data warehousing and related responsibilities.","SME","Data Pipelines, Azure, SSIS, Hadoop, Python, Databricks"
"3849","Angular Developer","Absa","Banking, Finance, Insurance","Not Specified","Not Specified","Full-Time","2.9","Not Specified","Computer Science","No","Contract","Angular Developer role at Absa based in Not Specified, focused on system architecture and related responsibilities.","SME","Entity Framework, Kubernetes, Laravel, ASP.NET"
"3850","5G Systems Engineer","Super Save t/a Super Save","Banking, Finance, Insurance","Remote / Not Specified","Remote","Full-Time","1.0","Not Specified","Not specified","No","Contract","5G Systems Engineer role at Super Save t/a Super Save based in Remote, focused on telecom systems and related responsibilities.","SME","Network Infrastructure, MPLS, Wireshark, VPN, Firewalls, LAN"
"3851","AI Automation Engineer","Microsoft","IT & Telecommunications","Not Specified","Not Specified","Full-Time","7.2","Bachelor's","Not specified","No","Permanent","AI Automation Engineer role at Microsoft based in Not Specified, focused on computer vision and related responsibilities.","SME","RAG, NLP, scikit-learn, Speech Recognition, Neural Networks, Azure AI, Statistics, AI"
"3852","Senior Data Engineer","iOCO","IT & Telecommunications","Gauteng","Johannesburg North","Full-Time","9.2","Bachelor's","Not specified","No","Permanent","Senior Data Engineer role at iOCO based in Johannesburg North, focused on data warehousing and related responsibilities.","SME","Azure Data Factory, Data Lakes, ELT, Power BI, Spark"
"3853","Web Developer","PwC","IT & Telecommunications","Gauteng","Menlyn","Full-Time","4.6","Bachelor's","Computer Science","No","Permanent","Web Developer role at PwC based in Menlyn, focused on code review and related responsibilities.","SME","Laravel, C++, Python, MVC, Microservices, Angular, Node.js, PHP"
"3854","Azure Engineer","Top Recruitment","Education & Training","Gauteng","Pretoria","Full-Time","7.0","Bachelor's","Not specified","No","Permanent","Azure Engineer role at Top Recruitment based in Pretoria, focused on monitoring and related responsibilities.","SME","Monitoring, Azure, Linux"
"3855","Azure Engineer","Standard Bank","Mining","Gauteng","Johannesburg North","Full-Time","2.9","Not Specified","Not specified","No","Permanent","Azure Engineer role at Standard Bank based in Johannesburg North, focused on monitoring and related responsibilities.","SME","Kubernetes, Bash, CI/CD, PowerShell"
"3856","Data Engineer - Databricks","Absa","IT & Telecommunications","Gauteng","Midrand","Full-Time","0.6","Bachelor's","Not specified","No","Permanent","Data Engineer - Databricks role at Absa based in Midrand, focused on data warehousing and related responsibilities.","SME","Power BI, Kafka, Microsoft Fabric, Azure, Data Integration, Azure Data Lake, Cloud Data Solutions, Azure Data Factory"
"3857","Platform Engineer","Samaha Consulting","IT & Telecommunications","Not Specified","Not Specified","Full-Time","3.0","Not Specified","Not specified","No","Permanent","Platform Engineer role at Samaha Consulting based in Not Specified, focused on deployment pipelines and related responsibilities.","SME","DevOps, Serverless, AWS, Docker"
"3858","SAP Functional Consultant","Psybergate (Pty) Ltd","Agriculture, Forestry, Environmental","KwaZulu-Natal","Durban Central","Full-Time","6.7","Bachelor's","Not specified","No","Contract","SAP Functional Consultant role at Psybergate (Pty) Ltd based in Durban Central, focused on stakeholder engagement and related responsibilities.","SME","SDLC Governance, Digital Transformation, Functional Specs"
"3859","Data Governance Analyst","Cartrack Pty Ltd","IT & Telecommunications","Not Specified","Not Specified","Full-Time","2.4","Bachelor's","Not specified","No","Permanent","Data Governance Analyst role at Cartrack Pty Ltd based in Not Specified, focused on data visualisation and related responsibilities.","SME","Power BI, Data Analysis, Compliance Data"
"3860","Transmission Engineer","Sibanye-Stillwater","IT & Telecommunications","Not Specified","Not Specified","Full-Time","2.5","Not Specified","Telecommunications","No","Permanent","Transmission Engineer role at Sibanye-Stillwater based in Not Specified, focused on wireless and related responsibilities.","SME","RF, Cisco, 5G, TCP/IP, VPN, Wireless, Network Design"
"3861","Delivery Manager","Salix Recruitment","IT & Telecommunications","Western Cape","Cape Town: City Bowl","Full-Time","8.4","Bachelor's","Not specified","No","Contract","Delivery Manager role at Salix Recruitment based in Cape Town: City Bowl, focused on budgeting and related responsibilities.","SME","Stakeholder Management, SDLC, Risk Management, Reporting, Waterfall"
"3862","Solutions Consultant","Nambiti Technologies (Pty) Ltd","IT & Telecommunications","Gauteng","Pretoria","Full-Time","4.6","Bachelor's","Not specified","No","Permanent","Solutions Consultant role at Nambiti Technologies (Pty) Ltd based in Pretoria, focused on solution design and related responsibilities.","SME","Functional Specs, Scrum, ERP, Requirements Gathering, Business Process Mapping, BRDs, SAP, Solution Design"
"3863","Information Technology Officer","Anglo American","IT & Telecommunications","KwaZulu-Natal","Pietermaritzburg","Full-Time","0.7","Not Specified","Not specified","No","Permanent","Information Technology Officer role at Anglo American based in Pietermaritzburg, focused on software installation and related responsibilities.","SME","IT Support, Linux, Networking"
"3864","Frontend Developer","Transnet","IT & Telecommunications","Western Cape","Cape Town","Contract","2.4","Bachelor's","Information Technology","No","Contract","Frontend Developer role at Transnet based in Cape Town, focused on testing and related responsibilities.","SME",".NET, Laravel, CSS, Java, TypeScript"
"3865","Build/Release Engineer","The Individual Touch","IT & Telecommunications","Western Cape","Cape Town","Full-Time","6.7","Bachelor's","Not specified","No","Permanent","Build/Release Engineer role at The Individual Touch based in Cape Town, focused on infrastructure automation and related responsibilities.","SME","Monitoring, Helm, GitHub Actions, GCP, Azure, CI/CD, AWS, Bash"
"3866","Data Scientist","Vodacom","IT Services","Not Specified","Not Specified","Full-Time","4.6","Not Specified","Mathematics","No","Permanent","Data Scientist role at Vodacom based in Not Specified, focused on data governance and related responsibilities.","SME","scikit-learn, MLOps, Graph Modelling, Data Modelling, Spark"
"3867","Product Owner","JMR Software (Pty) Ltd","IT Consulting","Gauteng","Johannesburg","Full-Time","4.1","Bachelor's","Not specified","No","Permanent","Product Owner role at JMR Software (Pty) Ltd based in Johannesburg, focused on project planning and related responsibilities.","Large","Jira, SAFe, Scrum, Reporting, Change Management, Project Planning"
"3868","DevOps Engineer","Mediro ICT Recruitment","IT & Telecommunications","Gauteng","Johannesburg East","Full-Time","0.7","Bachelor's","Not specified","No","Permanent","DevOps Engineer role at Mediro ICT Recruitment based in Johannesburg East, focused on deployment pipelines and related responsibilities.","SME","Bash, Infrastructure as Code, Ansible, Docker, Serverless, ELK Stack, GitHub Actions"
"3869","Web Developer","The Foschini Group","IT & Telecommunications","Western Cape","Cape Town: City Bowl","Contract","7.0","Bachelor's","Engineering","No","Contract","Web Developer role at The Foschini Group based in Cape Town: City Bowl, focused on agile development and related responsibilities.","SME","MVC, Docker, React Native, Blazor, Flutter, Node.js, PHP, SDLC"
"3870","Security Consultant","Deloitte","Banking, Finance, Insurance","Gauteng","Johannesburg","Permanent","0.7","Bachelor's","Computer Science","Yes","Permanent","Security Consultant role at Deloitte based in Johannesburg, focused on security monitoring and related responsibilities.","SME","CEH, POPIA, GRC"
"3871","Scrum Master","Attain People","IT Recruitment","Gauteng","Johannesburg","Full-Time","2.7","Honours","Not specified","No","Permanent","Scrum Master role at Attain People based in Johannesburg, focused on budgeting and related responsibilities.","SME","Stakeholder Management, PMP, MS Project, Vendor Management, Reporting, PRINCE2, Change Management"
"3872",".NET Developer","Capitec Bank LTD","IT & Telecommunications","Western Cape","Cape Town: Northern Suburbs","Full-Time","0.9","Bachelor's","Computer Science","No","Permanent",".NET Developer role at Capitec Bank LTD based in Cape Town: Northern Suburbs, focused on deployment and related responsibilities.","Large","Angular, JavaScript, Code Review, React"
"3873","Technology Consultant","MSP Staffing Pty Ltd","IT & Telecommunications","Gauteng","Johannesburg North","Full-Time","4.1","Bachelor's","Not specified","No","Permanent","Technology Consultant role at MSP Staffing Pty Ltd based in Johannesburg North, focused on solution design and related responsibilities.","SME","Process Flows, Stakeholder Management, Requirements Gathering"
"3874","IT Recruiter","Communicate Finance","IT & Telecommunications","Western Cape","Cape Town: Northern Suburbs","Full-Time","0.5","National Diploma","Not specified","No","Permanent","IT Recruiter role at Communicate Finance based in Cape Town: Northern Suburbs, focused on technical support and related responsibilities.","Large","Documentation, Communication, Project Management, Problem Solving, Customer Service, Microsoft Office"
"3875","Embedded Software Developer","Excellent Staffing","Banking","Western Cape","Cape Town: Southern Suburbs","Full-Time","6.1","Honours","Computer Science","Yes","Permanent","Embedded Software Developer role at Excellent Staffing based in Cape Town: Southern Suburbs, focused on software design and related responsibilities.","SME","Node.js, Laravel, Java, PHP, MVC, Entity Framework, C++"
"3876","Data Scientist (Pipeline)","Datonomy Solutions","Business Services","Western Cape","Stellenbosch","Full-Time","4.2","Bachelor's","Data Science","No","Permanent","Data Scientist (Pipeline) role at Datonomy Solutions based in Stellenbosch, focused on EDA and related responsibilities.","SME","Pandas, AI, Deep Learning, EDA, Cloud Data Platforms, Model Training"
"3877","IT Consultant","IQbusiness","Banking, Finance, Insurance","Gauteng","Johannesburg East","Full-Time","5.0","Bachelor's","Not specified","No","Contract","IT Consultant role at IQbusiness based in Johannesburg East, focused on requirements gathering and related responsibilities.","SME","SAP Ariba, BRDs, Project Management, Solution Design, ERP, IT Strategy"
"3878","Cybersecurity Engineer","AO Connect Solutions","IT & Telecommunications","Western Cape","Cape Town","Full-Time","0.1","Not Specified","Cyber Security","No","Permanent","Cybersecurity Engineer role at AO Connect Solutions based in Cape Town, focused on risk assessment and related responsibilities.","SME","Cloud Security, CompTIA Security+, Firewalls"
"3879","Business Analyst (Technology)","Goldman Tech Resourcing (Pty) Ltd","Banking, Finance, Insurance","Not Specified","Not Specified","Full-Time","4.1","Bachelor's","Business Administration","No","Permanent","Business Analyst (Technology) role at Goldman Tech Resourcing (Pty) Ltd based in Not Specified, focused on business process improvement and related responsibilities.","SME","SDLC, Agile/Scrum, SOPs, Architecture Alignment, UAT, Requirements Elicitation, Business Process Improvement, Functional Specs"
"3880","Business Analyst (Learning Management Systems)","Prudent HR Solutions Pty Ltd","Not Specified","KwaZulu-Natal","Durban","Full-Time","0.4","Bachelor's","Finance","No","Permanent","Business Analyst (Learning Management Systems) role at Prudent HR Solutions Pty Ltd based in Durban, focused on process analysis and related responsibilities.","SME","Documentation, ERP Implementation, Jira"
"3881","Data Engineer - Lead","PM Connection","Not Specified","Western Cape","Stellenbosch","Full-Time","8.7","Bachelor's","Not specified","No","Contract","Data Engineer - Lead role at PM Connection based in Stellenbosch, focused on data integration and related responsibilities.","SME","Power BI, Data Lakes, GCP, BigQuery, Kafka, Azure Data Factory, SQL, Data Integration"
"3882","iOS Developer","Datafin IT Recruitment","IT & Telecommunications","Gauteng","Centurion","Contract","8.0","Bachelor's","Computer Science","No","Contract","iOS Developer role at Datafin IT Recruitment based in Centurion, focused on API development and related responsibilities.","SME","Docker, Python, Microservices, .NET Core"
"3883","SDET","BHP","IT & Telecommunications","Western Cape","Stellenbosch","Full-Time","0.4","Bachelor's","Not specified","No","Permanent","SDET role at BHP based in Stellenbosch, focused on regression testing and related responsibilities.","SME","JMeter, Python, Regression Testing"
"3884","Telecom Technician","Shoprite","IT & Telecommunications","Not Specified","Not Specified","Contract","4.5","Not Specified","Telecommunications","No","Contract","Telecom Technician role at Shoprite based in Not Specified, focused on wireless and related responsibilities.","SME","MPLS, VoIP, 5G, Routing & Switching, SD-WAN, Transmission"
"3885","Data Scientist (Entry)","Discovery","IT & Telecommunications","Gauteng","Johannesburg","Full-Time","1.4","Bachelor's","Data Science","Yes","Permanent","Data Scientist (Entry) role at Discovery based in Johannesburg, focused on predictive modelling and related responsibilities.","SME","Data Modelling, Data Visualisation, SQL, Data Governance, R, Model Training, Advanced Analytics, AI"
"3886","IT Recruiter","BHP","Banking, Finance, Insurance","Gauteng","Midrand","Full-Time","7.0","Not Specified","Not specified","No","Permanent","IT Recruiter role at BHP based in Midrand, focused on documentation and related responsibilities.","SME","Documentation, Customer Service, Data Entry, Time Management, Microsoft Office, Teamwork"
"3887","Data Solutions Analyst","The Individual Touch","IT & Telecommunications","Western Cape","Cape Town: Northern Suburbs","Full-Time","4.7","Bachelor's","Not specified","No","Permanent","Data Solutions Analyst role at The Individual Touch based in Cape Town: Northern Suburbs, focused on reporting and related responsibilities.","SME","Data Analysis, Fraud Detection, Financial Data Analysis, Data Mapping, Anomaly Detection"
"3888","Senior Data Engineer","iOCO","IT & Telecommunications","Gauteng","Johannesburg","Full-Time","7.0","Bachelor's","Not specified","Yes","Permanent","Senior Data Engineer role at iOCO based in Johannesburg, focused on data pipelines and related responsibilities.","Large","Power BI, Data Pipelines, AWS, Data Modelling, GCP, Data Warehousing, Databricks"
"3889","ICT Specialist","Credico Financial Services (Pty) Ltd","Banking, Finance, Insurance","Not Specified","Not Specified","Full-Time","7.6","Bachelor's","Not specified","No","Permanent","ICT Specialist role at Credico Financial Services (Pty) Ltd based in Not Specified, focused on IT support and related responsibilities.","Large","Networking, IT Strategy, Microsoft 365"
"3890","Business Analyst (Property Industry)","wePlace (Pty) Ltd","IT Recruitment","Remote / Not Specified","Remote","Full-Time","0.6","Bachelor's","Not specified","No","Permanent","Business Analyst (Property Industry) role at wePlace (Pty) Ltd based in Remote, focused on business process improvement and related responsibilities.","SME","Power BI, SOPs, SQL, Jira, Stakeholder Engagement, SDLC, Business Process Improvement, Process Mapping"
"3891","IT Support Engineer","DevologyX","Mining","Gauteng","Centurion","Full-Time","2.8","Bachelor's","Not specified","No","Permanent","IT Support Engineer role at DevologyX based in Centurion, focused on troubleshooting and related responsibilities.","SME","VMware, VPN, Firewalls, SharePoint, Microsoft 365, Patch Management"
"3892","Frontend Developer","SALT","IT & Telecommunications","Gauteng","Johannesburg","Full-Time","6.2","Bachelor's","Computer Science","No","Permanent","Frontend Developer role at SALT based in Johannesburg, focused on deployment and related responsibilities.","Large","Kubernetes, SQL, C++"
"3893","Junior Data Analyst","MECS","FMCG, Retail, Wholesale","Gauteng","Johannesburg","Full-Time","0.1","Bachelor's","Not specified","No","Permanent","Junior Data Analyst role at MECS based in Johannesburg, focused on data visualisation and related responsibilities.","SME","Data Mapping, Data Warehousing, SQL"
"3894","Cloud Architect","Sasol","Banking, Finance, Insurance","Gauteng","Randburg","Full-Time","8.2","Bachelor's","Not specified","Yes","Permanent","Cloud Architect role at Sasol based in Randburg, focused on CI/CD and related responsibilities.","SME","AWS, Bash, DevOps, Ansible, Cloud Architecture, Infrastructure as Code, Linux"
"3895","PHP Developer","KPMG","Mining","Gauteng","Johannesburg","Permanent","4.6","Bachelor's","Computer Science","No","Permanent","PHP Developer role at KPMG based in Johannesburg, focused on API development and related responsibilities.","SME","JavaScript, OOP, React, Microservices, HTML"
"3896","Data Specialist (Engineer/Scientist)","Transnet","IT & Telecommunications","KwaZulu-Natal","Pietermaritzburg","Full-Time","4.2","Master's","Computer Science","No","Permanent","Data Specialist (Engineer/Scientist) role at Transnet based in Pietermaritzburg, focused on EDA and related responsibilities.","SME","SQL, scikit-learn, Credit Risk Modelling, Data Visualisation, Data Modelling, LLMs, Data Pipelines"
"3897",".NET Developer","Sibanye-Stillwater","IT Recruitment","Gauteng","Centurion","Full-Time","0.4","Bachelor's","Computer Science","No","Permanent",".NET Developer role at Sibanye-Stillwater based in Centurion, focused on API development and related responsibilities.","SME","Angular, Laravel, TDD, Code Review, Java, Python, HTML, ASP.NET"
"3898","Product Owner","BCX","IT & Telecommunications","Gauteng","Johannesburg","Full-Time","0.2","Bachelor's","Not specified","No","Permanent","Product Owner role at BCX based in Johannesburg, focused on project planning and related responsibilities.","Large","Vendor Management, Agile, MS Project, PMO, Project Planning, PMP, Scrum"
"3899","Product Designer","Attain People","IT & Telecommunications","Not Specified","Not Specified","Full-Time","0.4","Bachelor's","Interaction Design","No","Permanent","Product Designer role at Attain People based in Not Specified, focused on interaction design and related responsibilities.","SME","Design Systems, Interaction Design, HTML, CSS, Design Thinking"
"3900","Data Engineer - Lead","IQbusiness","IT & Telecommunications","Gauteng","Johannesburg","Contract","9.9","Bachelor's","Not specified","Yes","Contract","Data Engineer - Lead role at IQbusiness based in Johannesburg, focused on cloud data platforms and related responsibilities.","SME","Data Pipelines, Airflow, Data Warehousing, Dataflow, Azure Data Factory, Data Integration, ETL, Databricks"
"3901","MLOps Engineer","Data Monkey (PTY) LTD","IT & Telecommunications","KwaZulu-Natal","Ballito","Full-Time","4.4","Not Specified","Not specified","No","Permanent","MLOps Engineer role at Data Monkey (PTY) LTD based in Ballito, focused on AI integration and related responsibilities.","Large","OpenAI API, Python, Statistics, LangChain, AI, MLOps, Feature Engineering, Deep Learning"
"3902","Frontend Developer","Parvana","IT & Telecommunications","Gauteng","Johannesburg","Contract","4.9","Bachelor's","Computer Science","No","Contract","Frontend Developer role at Parvana based in Johannesburg, focused on software design and related responsibilities.","SME",".NET Core, Docker, C#, Node.js, REST APIs, CI/CD"
"3903","Developer and Data Engineer","IQbusiness","IT & Telecommunications","Gauteng","Johannesburg North","Full-Time","4.2","Not Specified","Not specified","Yes","Permanent","Developer and Data Engineer role at IQbusiness based in Johannesburg North, focused on data warehousing and related responsibilities.","SME","AWS, SQL, Azure, Data Lakes"
"3904","Senior Network Engineer","Attain People","IT & Telecommunications","Gauteng","Benoni","Full-Time","7.8","Bachelor's","Information Technology","No","Permanent","Senior Network Engineer role at Attain People based in Benoni, focused on telecom systems and related responsibilities.","SME","Network Infrastructure, Wireless, Wireshark, Network Design, Routing & Switching, Cisco, WAN"
"3905","Data Entry Clerk","Massmart","IT & Telecommunications","Gauteng","Sandton","Full-Time","1.7","National Diploma","Not specified","No","Permanent","Data Entry Clerk role at Massmart based in Sandton, focused on training and related responsibilities.","SME","Project Management, Problem Solving, Data Entry, Microsoft Office, Teamwork"
"3906","Data Specialist (Engineer/Scientist)","Data Monkey (PTY) LTD","Banking, Finance, Insurance","Western Cape","Cape Town","Contract","4.2","Honours","Data Science","No","Contract","Data Specialist (Engineer/Scientist) role at Data Monkey (PTY) LTD based in Cape Town, focused on statistical analysis and related responsibilities.","SME","Pandas, scikit-learn, Data Pipelines"
"3907","Software Developer II","IBM","Not Specified","Not Specified","Not Specified","Full-Time","4.1","Not Specified","Not specified","No","Permanent","Software Developer II role at IBM based in Not Specified, focused on code review and related responsibilities.","SME","Xamarin, Microservices, C#, OOP"
"3908","Database Analyst","Mediro ICT Recruitment","Banking, Finance, Insurance","Not Specified","Not Specified","Contract","0.4","Bachelor's","Information Systems","No","Contract","Database Analyst role at Mediro ICT Recruitment based in Not Specified, focused on data modelling and related responsibilities.","SME","Indexing, MySQL, SQL"
"3909","Python Developer","QE Services","IT & Telecommunications","Gauteng","Roodepoort","Full-Time","7.2","Master's","Computer Science","Yes","Permanent","Python Developer role at QE Services based in Roodepoort, focused on agile development and related responsibilities.","SME","MVC, Microservices, Flutter, .NET Core, CSS, Angular"
"3910","Desktop Support Technician","Telkom","IT & Telecommunications","Gauteng","Johannesburg North","Full-Time","1.0","Not Specified","Not specified","No","Permanent","Desktop Support Technician role at Telkom based in Johannesburg North, focused on system maintenance and related responsibilities.","SME","Server Maintenance, Desktop Support, Microsoft 365, Printers, Patch Management, Active Directory, VMware, DNS"
"3911","NOC Engineer","MECS","Banking, Finance, Insurance","Gauteng","Midrand","Full-Time","4.5","Bachelor's","Engineering","No","Permanent","NOC Engineer role at MECS based in Midrand, focused on telecom systems and related responsibilities.","SME","CCNA, Fibre Optics, Network Design, CCNP, Network Monitoring, Routing & Switching"
"3912","GRC Analyst","The Recruitment Pig","Banking, Finance, Insurance","Western Cape","Cape Town","Full-Time","1.0","Bachelor's","Cyber Security","No","Permanent","GRC Analyst role at The Recruitment Pig based in Cape Town, focused on compliance and related responsibilities.","SME","Firewalls, Threat Intelligence, CISA, Security Architecture, IDS/IPS, IT Audit, Compliance, QRadar"
"3913","Cloud Engineer","MSP Staffing Pty Ltd","Business Services","Gauteng","Johannesburg","Full-Time","4.3","Bachelor's","Not specified","No","Permanent","Cloud Engineer role at MSP Staffing Pty Ltd based in Johannesburg, focused on containerisation and related responsibilities.","Large","GitHub Actions, PowerShell, Ansible, GCP, Microservices, Docker"
"3914","Build/Release Engineer","Dimension Data","IT Recruitment","Western Cape","Cape Town","Contract","4.2","Bachelor's","Not specified","No","Contract","Build/Release Engineer role at Dimension Data based in Cape Town, focused on monitoring and related responsibilities.","SME","Monitoring, Prometheus, DevOps, Docker, Python"
"3915","IT Recruiter","Pick n Pay","IT & Telecommunications","KwaZulu-Natal","Richards Bay","Full-Time","4.3","Not Specified","Not specified","No","Permanent","IT Recruiter role at Pick n Pay based in Richards Bay, focused on documentation and related responsibilities.","SME","Problem Solving, Project Management, Microsoft Office, Time Management, Communication, Documentation, Customer Service"
"3916","Penetration Tester","Transnet","Construction, Property","Gauteng","Johannesburg","Full-Time","2.1","Bachelor's","Computer Science","No","Permanent","Penetration Tester role at Transnet based in Johannesburg, focused on penetration testing and related responsibilities.","SME","CEH, SIEM, Forensics, ISO 27001, IT Audit"
"3917","Java Developer","QE Services","Banking, Finance, Insurance","Gauteng","Pretoria","Full-Time","2.8","Bachelor's","Computer Science","No","Permanent","Java Developer role at QE Services based in Pretoria, focused on testing and related responsibilities.","SME","Spring Boot, Entity Framework, Flutter, React, JavaScript, Code Review, Software Design, Docker"
"3918","Data Engineer (Microsoft Fabric)","Sabenza IT Recruitment","Not Specified","KwaZulu-Natal","Durban","Full-Time","0.5","Bachelor's","Not specified","No","Permanent","Data Engineer (Microsoft Fabric) role at Sabenza IT Recruitment based in Durban, focused on data architecture and related responsibilities.","SME","Azure Data Factory, SQL, Spark, GCP, Dataflow, Data Warehousing"
"3919","Interaction Designer","Newsclip Media Monitoring (Pty) Ltd.","Banking, Finance, Insurance","Gauteng","Johannesburg","Full-Time","4.1","Bachelor's","Not specified","No","Permanent","Interaction Designer role at Newsclip Media Monitoring (Pty) Ltd. based in Johannesburg, focused on interaction design and related responsibilities.","SME","CSS, Responsive Design, Design Thinking, HTML, User Research, Figma, Usability Testing"
"3920","IT Trainer","Staff Unlimited","IT & Telecommunications","Gauteng","Johannesburg North","Full-Time","4.7","Bachelor's","Not specified","No","Permanent","IT Trainer role at Staff Unlimited based in Johannesburg North, focused on documentation and related responsibilities.","Large","Problem Solving, Teamwork, Project Management, Data Entry, Time Management, Microsoft Office"
"3921","IT Business Development Manager","E and D Recruiters","IT & Telecommunications","Western Cape","Cape Town","Full-Time","5.4","Certification","Not specified","No","Permanent","IT Business Development Manager role at E and D Recruiters based in Cape Town, focused on project coordination and related responsibilities.","SME","Teamwork, Documentation, Time Management"
"3922","Quantitative Analyst","bbe Recruitment","IT & Telecommunications","Gauteng","Midrand","Full-Time","2.6","Master's","Computer Science","No","Permanent","Quantitative Analyst role at bbe Recruitment based in Midrand, focused on model training and related responsibilities.","SME","Credit Risk Modelling, Spark, R, Python"
"3923","Backend Developer","TooMuchWifi","IT & Telecommunications","Western Cape","Cape Town: Southern Suburbs","Full-Time","0.4","Bachelor's","Engineering","No","Permanent","Backend Developer role at TooMuchWifi based in Cape Town: Southern Suburbs, focused on API development and related responsibilities.","Large","CSS, Kotlin, MVC, Code Review, CI/CD, TypeScript, Laravel, SQL"
"3924","5G Systems Engineer","PM Connection","IT & Telecommunications","Western Cape","Cape Town: Northern Suburbs","Full-Time","1.0","Diploma","Information Technology","No","Permanent","5G Systems Engineer role at PM Connection based in Cape Town: Northern Suburbs, focused on network security and related responsibilities.","SME","WAN, Network Monitoring, SD-WAN, TCP/IP, Wireshark"
"3925","Python Developer","Transnet","IT & Telecommunications","Not Specified","Not Specified","Full-Time","4.6","Not Specified","Engineering","No","Permanent","Python Developer role at Transnet based in Not Specified, focused on code review and related responsibilities.","SME","React, Java, HTML, Docker, CI/CD, Microservices"
"3926","ICT Support Specialist","Sasol","Not Specified","Western Cape","Cape Town","Full-Time","2.9","Diploma","Not specified","No","Permanent","ICT Support Specialist role at Sasol based in Cape Town, focused on software installation and related responsibilities.","SME","Project Management, Budgeting, Networking, IT Support, Troubleshooting"
"3927","Data Scientist (AI & Machine Learning)","IBM","IT & Telecommunications","Gauteng","Johannesburg","Full-Time","2.3","Bachelor's","Data Science","No","Permanent","Data Scientist (AI & Machine Learning) role at IBM based in Johannesburg, focused on predictive modelling and related responsibilities.","SME","Predictive Modelling, Cloud Data Platforms, Statistical Analysis, ETL, NumPy, Data Pipelines"
"3928","Telecom Technician","E and D Recruiters","Engineering, Technical, Manufacturing","Western Cape","Cape Winelands: Stellenbosch","Full-Time","2.3","Bachelor's","Engineering","No","Contract","Telecom Technician role at E and D Recruiters based in Cape Winelands: Stellenbosch, focused on telecom systems and related responsibilities.","SME","CCNA, Network Monitoring, Wireless"
"3929","IT Specialist","Woolworths","IT & Telecommunications","Western Cape","Cape Town","Full-Time","2.8","Bachelor's","Not specified","Yes","Permanent","IT Specialist role at Woolworths based in Cape Town, focused on network management and related responsibilities.","SME","Compliance, Vendor Management, ITIL, Networking, Troubleshooting, IT Strategy, Microsoft 365"
"3930","AI Automation Engineer","PM Connection","IT Recruitment","Gauteng","Menlyn","Full-Time","0.0","Bachelor's","Not specified","No","Permanent","AI Automation Engineer role at PM Connection based in Menlyn, focused on computer vision and related responsibilities.","SME","MLOps, OpenAI API, LangChain, Statistics, AWS SageMaker, Data Science, Speech Recognition, TensorFlow"
"3931","Data Engineer","Salix Recruitment","IT & Telecommunications","Gauteng","Pretoria","Full-Time","4.3","Bachelor's","Not specified","Yes","Contract","Data Engineer role at Salix Recruitment based in Pretoria, focused on cloud data platforms and related responsibilities.","SME","Airflow, BigQuery, Microsoft Fabric, Python, Hadoop, Data Architecture, Power BI"
"3932","NOC Engineer","DevologyX","Health, Fitness, Medical","KwaZulu-Natal","Durban","Full-Time","6.6","Not Specified","Engineering","No","Permanent","NOC Engineer role at DevologyX based in Durban, focused on wireless and related responsibilities.","SME","SD-WAN, 5G, Wireless, Transmission, WAN, VPN"
"3933","Quantitative Analyst","Titanium Talent","IT & Telecommunications","Gauteng","Midrand","Full-Time","3.0","Bachelor's","Data Science","No","Permanent","Quantitative Analyst role at Titanium Talent based in Midrand, focused on machine learning and related responsibilities.","SME","ETL, EDA, Predictive Modelling, Credit Risk Modelling, Model Training, LLMs"
"3934","PMO Analyst","Psybergate (Pty) Ltd","IT & Telecommunications","Gauteng","Johannesburg","Full-Time","4.1","Bachelor's","Not specified","No","Permanent","PMO Analyst role at Psybergate (Pty) Ltd based in Johannesburg, focused on budgeting and related responsibilities.","SME","Agile, Stakeholder Management, SDLC, PMP, Jira"
"3935","IT Consultant","Exceed Human Resource Consultants","IT Recruitment","Western Cape","Cape Town","Full-Time","5.0","Bachelor's","Not specified","No","Permanent","IT Consultant role at Exceed Human Resource Consultants based in Cape Town, focused on digital transformation and related responsibilities.","SME","Vendor Management, IT Strategy, Stakeholder Management, Dynamics 365, Solution Design, Salesforce"
"3936","IT Support Engineer","Deloitte","IT Recruitment","Gauteng","Johannesburg","Full-Time","0.3","Bachelor's","Not specified","No","Permanent","IT Support Engineer role at Deloitte based in Johannesburg, focused on server management and related responsibilities.","SME","Active Directory, Desktop Support, VMware"
"3937","IT Support Engineer","iLaunch (Pty) Ltd","IT Recruitment","Gauteng","Johannesburg","Full-Time","2.0","Diploma","Not specified","No","Contract","IT Support Engineer role at iLaunch (Pty) Ltd based in Johannesburg, focused on user support and related responsibilities.","SME","ServiceNow, VMware, DNS"
"3938","Data Solutions Analyst","Professional Recruitment Partners","Engineering, Technical, Manufacturing","Gauteng","Midrand","Contract","0.2","Not Specified","Not specified","No","Contract","Data Solutions Analyst role at Professional Recruitment Partners based in Midrand, focused on data visualisation and related responsibilities.","SME","Business Strategy, Data Analysis, ETL, Statistical Analysis, Data Governance, Compliance Data, Data Warehousing"
"3939","Infrastructure Engineer","TooMuchWifi","IT & Telecommunications","Western Cape","Cape Winelands: Stellenbosch","Contract","2.2","Bachelor's","Not specified","No","Contract","Infrastructure Engineer role at TooMuchWifi based in Cape Winelands: Stellenbosch, focused on containerisation and related responsibilities.","SME","Docker, Jenkins, AWS, Ansible, Kubernetes, Bash, Cloud Architecture"
"3940","Helpdesk Analyst","The Recruitment Pig","IT Consulting","Gauteng","Johannesburg North","Full-Time","4.2","Bachelor's","Not specified","No","Permanent","Helpdesk Analyst role at The Recruitment Pig based in Johannesburg North, focused on server management and related responsibilities.","Large","Printers, Server Maintenance, VMware, Linux, Office 365"
"3941","Vue.js Developer","Amazon Web Services","IT Recruitment","Gauteng","Johannesburg","Full-Time","0.5","Bachelor's","Software Engineering","No","Permanent","Vue.js Developer role at Amazon Web Services based in Johannesburg, focused on agile development and related responsibilities.","SME","Software Design, CSS, SDLC"
"3942","ML Engineer","Humankind Group","IT & Telecommunications","Gauteng","Randburg","Full-Time","4.3","Diploma","Not specified","No","Permanent","ML Engineer role at Humankind Group based in Randburg, focused on deep learning and related responsibilities.","SME","Machine Learning, Azure AI, Model Deployment"
"3943","ML Engineer","BHP","IT & Telecommunications","Gauteng","Sandton","Full-Time","4.7","Bachelor's","Not specified","No","Permanent","ML Engineer role at BHP based in Sandton, focused on computer vision and related responsibilities.","SME","Statistics, OpenAI API, MLOps, NLP, Python"
"3944","Business Analyst (Property Industry)","Ad-Hoc","IT & Telecommunications","Remote / Not Specified","Remote","Contract","7.8","Not Specified","Not specified","No","Contract","Business Analyst (Property Industry) role at Ad-Hoc based in Remote, focused on process analysis and related responsibilities.","SME","Documentation, Stakeholder Engagement, Requirements Gathering, Confluence, Requirements Elicitation, Architecture Alignment"
"3945","Data Solutions Analyst","Eskom","IT Consulting","Gauteng","Johannesburg","Internship","6.7","Bachelor's","Not specified","No","Internship","Data Solutions Analyst role at Eskom based in Johannesburg, focused on data analysis and related responsibilities.","SME","Dashboards, Fraud Detection, BI"
"3946","Senior Network Engineer","Sibanye-Stillwater","IT & Telecommunications","Western Cape","Cape Town: City Bowl","Full-Time","9.5","Bachelor's","Information Technology","No","Contract","Senior Network Engineer role at Sibanye-Stillwater based in Cape Town: City Bowl, focused on wireless and related responsibilities.","SME","5G, Network Design, MPLS, SD-WAN"
"3947","Data Governance Analyst","PwC","IT & Telecommunications","Eastern Cape","Port Elizabeth","Full-Time","2.7","Not Specified","Not specified","No","Contract","Data Governance Analyst role at PwC based in Port Elizabeth, focused on data analysis and related responsibilities.","SME","Power BI, Data Governance, Process Improvement, BI, Data Mapping"
"3948","5G Systems Engineer","Datafin IT Recruitment","Banking, Finance, Insurance","Western Cape","Cape Town","Full-Time","2.4","Bachelor's","Information Technology","Yes","Permanent","5G Systems Engineer role at Datafin IT Recruitment based in Cape Town, focused on routing & switching and related responsibilities.","SME","Routing & Switching, Network Infrastructure, Wireshark, Fibre Optics, Network Monitoring, Network Security"
"3949","Business Analyst (Technology)","The Talent Room","IT & Telecommunications","Gauteng","Johannesburg","Full-Time","0.9","Not Specified","Information Systems","Yes","Permanent","Business Analyst (Technology) role at The Talent Room based in Johannesburg, focused on requirements documentation and related responsibilities.","SME","Process Mapping, Change Management, Jira"
"3950","SEO Specialist","E and D Recruiters","IT & Telecommunications","Gauteng","Gauteng","Full-Time","0.8","Certification","Not specified","No","Permanent","SEO Specialist role at E and D Recruiters based in Gauteng, focused on training and related responsibilities.","SME","Problem Solving, Project Management, Communication, Microsoft Office"
"3951","SDET","Sasol","IT Consulting","Gauteng","Midrand","Full-Time","4.4","Not Specified","Not specified","No","Permanent","SDET role at Sasol based in Midrand, focused on bug tracking and related responsibilities.","SME","Python, Bug Tracking, Postman, Java, Playwright, Selenium, UAT"
"3952","AI Engineer (Expert)","Shoprite","IT Recruitment","Not Specified","Not Specified","Full-Time","0.9","Honours","Not specified","No","Permanent","AI Engineer (Expert) role at Shoprite based in Not Specified, focused on computer vision and related responsibilities.","SME","AWS SageMaker, PyTorch, Transformers"
"3953","Azure Engineer","PwC","FMCG, Retail, Wholesale","Western Cape","Cape Town: Southern Suburbs","Full-Time","4.7","Bachelor's","Not specified","No","Permanent","Azure Engineer role at PwC based in Cape Town: Southern Suburbs, focused on monitoring and related responsibilities.","SME","PowerShell, Docker, Grafana, Containerisation"
"3954","Technology Consultant","Google","IT & Telecommunications","Gauteng","Midrand","Contract","0.3","Not Specified","Not specified","No","Contract","Technology Consultant role at Google based in Midrand, focused on stakeholder engagement and related responsibilities.","SME","Solution Design, Business Process Mapping, Functional Specs, SAP, Scrum, Requirements Gathering"
"3955","Java Developer","MTN","Banking, Finance, Insurance","Not Specified","Not Specified","Full-Time","4.6","Bachelor's","Information Technology","No","Permanent","Java Developer role at MTN based in Not Specified, focused on agile development and related responsibilities.","SME","JavaScript, SQL, .NET"
"3956","Telecom Technician","Communicate Finance","IT & Telecommunications","Western Cape","Stellenbosch","Full-Time","0.6","Degree","Information Technology","Yes","Contract","Telecom Technician role at Communicate Finance based in Stellenbosch, focused on network security and related responsibilities.","SME","VPN, RF, Network Monitoring"
"3957","AI Engineer (Expert)","EY","IT & Telecommunications","Western Cape","Stellenbosch","Full-Time","4.0","Bachelor's","Not specified","No","Contract","AI Engineer (Expert) role at EY based in Stellenbosch, focused on model development and related responsibilities.","SME","LLMs, Computer Vision, PyTorch, Machine Learning, Speech Recognition, LangChain, TensorFlow"
"3958","Business Analyst (Learning Management Systems)","The Individual Touch","IT & Telecommunications","Western Cape","Cape Town","Contract","0.3","Bachelor's","Finance","No","Contract","Business Analyst (Learning Management Systems) role at The Individual Touch based in Cape Town, focused on requirements documentation and related responsibilities.","SME","Agile/Scrum, Documentation, Process Flows, SOPs"
"3959","Business Analyst","Credico Financial Services (Pty) Ltd","IT & Telecommunications","Gauteng","Pretoria","Full-Time","4.1","Bachelor's","Business Administration","No","Permanent","Business Analyst role at Credico Financial Services (Pty) Ltd based in Pretoria, focused on stakeholder engagement and related responsibilities.","SME","Requirements Gathering, ERP Implementation, SOPs, Power BI, Digital Transformation, Process Mapping, Business Process Improvement"
"3960","Business Analyst (Product Office)","Excellent Staffing","IT & Telecommunications","Western Cape","Cape Town: Northern Suburbs","Full-Time","4.4","Bachelor's","Business Administration","No","Permanent","Business Analyst (Product Office) role at Excellent Staffing based in Cape Town: Northern Suburbs, focused on business process improvement and related responsibilities.","SME","BRDs, Requirements Elicitation, Change Management, SOPs, Power BI, Stakeholder Engagement"
"3961","Intermediate Data Engineer","Accenture","IT & Telecommunications","Not Specified","Not Specified","Full-Time","2.2","Bachelor's","Not specified","No","Permanent","Intermediate Data Engineer role at Accenture based in Not Specified, focused on data architecture and related responsibilities.","SME","Hadoop, SQL, BigQuery, Python, Cloud Data Solutions, Data Architecture, Spark"
"3962","AWS Engineer","Credico Financial Services (Pty) Ltd","Energy & Clean Tech","Not Specified","Not Specified","Full-Time","2.1","Not Specified","Not specified","No","Permanent","AWS Engineer role at Credico Financial Services (Pty) Ltd based in Not Specified, focused on infrastructure automation and related responsibilities.","SME","Azure, Ansible, Helm, Containerisation"
"3963","IT Sales Executive","Deloitte","Transport, Logistics & Freight","Gauteng","Johannesburg","Full-Time","7.1","National Diploma","Not specified","No","Contract","IT Sales Executive role at Deloitte based in Johannesburg, focused on training and related responsibilities.","SME","Documentation, Project Management, Customer Service"
"3964","Data Engineer - Databricks","Goldenrule","IT & Telecommunications","Western Cape","Cape Town","Full-Time","2.5","Bachelor's","Not specified","No","Permanent","Data Engineer - Databricks role at Goldenrule based in Cape Town, focused on data pipelines and related responsibilities.","SME","GCP, ELT, SQL, Azure, CI/CD, Cloud Data Solutions"
"3965","ICT Systems Administrator","Psybergate (Pty) Ltd","IT & Telecommunications","Gauteng","Pretoria","Full-Time","7.1","Diploma","Not specified","No","Permanent","ICT Systems Administrator role at Psybergate (Pty) Ltd based in Pretoria, focused on network administration and related responsibilities.","SME","Linux, Office 365, SCCM, TCP/IP, ServiceNow, Hyper-V, Desktop Support, SharePoint"
"3966","Post-Sales Engineer","cloudandthings.io","IT Consulting","Gauteng","Midrand","Full-Time","4.7","Not Specified","Not specified","No","Permanent","Post-Sales Engineer role at cloudandthings.io based in Midrand, focused on documentation and related responsibilities.","SME","Communication, Project Management, Customer Service, Time Management, Microsoft Office"
"3967","Risk & Investigation Data Analyst","Transnet","IT & Telecommunications","Gauteng","Johannesburg","Full-Time","4.1","Bachelor's","Not specified","No","Permanent","Risk & Investigation Data Analyst role at Transnet based in Johannesburg, focused on statistical analysis and related responsibilities.","SME","QlikSense, Data Mapping, Process Improvement, Statistical Analysis, Dashboards, Excel, Anomaly Detection, Power BI"
"3968","IT Consultant","EY","Not Specified","Gauteng","Pretoria","Full-Time","4.9","Bachelor's","Not specified","Yes","Permanent","IT Consultant role at EY based in Pretoria, focused on digital transformation and related responsibilities.","SME","Scrum, ServiceNow, Functional Specs"
"3969","Security Consultant","Abalobi Solutions","IT & Telecommunications","Gauteng","Centurion","Full-Time","6.1","Diploma","Information Technology","No","Permanent","Security Consultant role at Abalobi Solutions based in Centurion, focused on threat detection and related responsibilities.","SME","Risk Assessment, POPIA, Compliance, IT Audit, SOC, CISA, Threat Intelligence"
"3970","5G Systems Engineer","E and D Recruiters","IT & Telecommunications","Gauteng","Pretoria","Full-Time","0.9","Bachelor's","Engineering","Yes","Permanent","5G Systems Engineer role at E and D Recruiters based in Pretoria, focused on fibre optics and related responsibilities.","SME","VPN, VoIP, BGP, Cisco, Wireshark, Wi-Fi 6, RF"
"3971","Data Scientist (Entry)","Zeal HR","IT Recruitment","Gauteng","Pretoria","Contract","1.7","Bachelor's","Computer Science","No","Contract","Data Scientist (Entry) role at Zeal HR based in Pretoria, focused on statistical analysis and related responsibilities.","SME","NumPy, Predictive Modelling, Pandas, Data Pipelines, Credit Risk Modelling, NLP, Data Visualisation"
"3972","Software Developer II","Falcorp Resourcing","IT & Telecommunications","Gauteng","Johannesburg","Full-Time","2.4","Bachelor's","Computer Science","No","Contract","Software Developer II role at Falcorp Resourcing based in Johannesburg, focused on API development and related responsibilities.","SME","PHP, Kotlin, Kubernetes, Git, OOP, SQL, Vue.js, Node.js"
"3973","IT Consultant","Psybergate (Pty) Ltd","Banking, Finance, Insurance","Gauteng","Midrand","Full-Time","4.3","Not Specified","Not specified","No","Permanent","IT Consultant role at Psybergate (Pty) Ltd based in Midrand, focused on requirements gathering and related responsibilities.","SME","SAP, SDLC Governance, Agile, Digital Transformation, Requirements Gathering"
"3974","Intermediate Data Engineer","Goldenrule","IT Recruitment","Gauteng","Midrand","Full-Time","4.8","Bachelor's","Not specified","No","Permanent","Intermediate Data Engineer role at Goldenrule based in Midrand, focused on data pipelines and related responsibilities.","SME","Cloud Data Solutions, Spark, Databricks, Data Lakes, CI/CD, Data Warehousing, AWS, Power BI"
"3975","Data Solutions Analyst","Massmart","Banking, Finance, Insurance","Gauteng","Johannesburg","Full-Time","0.3","Bachelor's","Not specified","No","Permanent","Data Solutions Analyst role at Massmart based in Johannesburg, focused on data visualisation and related responsibilities.","SME","Business Strategy, QlikSense, Data Warehousing"
"3976","Data Engineer (Microsoft Fabric)","Massmart","Banking","Gauteng","Johannesburg","Full-Time","0.5","Bachelor's","Not specified","Yes","Permanent","Data Engineer (Microsoft Fabric) role at Massmart based in Johannesburg, focused on data pipelines and related responsibilities.","SME","ELT, Data Pipelines, Azure Data Factory, Power BI, GCP, Cloud Data Solutions, Kafka, Microsoft Fabric"
"3977","NOC Engineer","The Foschini Group","IT & Telecommunications","Gauteng","Roodepoort","Full-Time","0.8","Certification","Telecommunications","Yes","Permanent","NOC Engineer role at The Foschini Group based in Roodepoort, focused on telecom systems and related responsibilities.","SME","Network Design, CCNA, Wireless, MPLS, Routing & Switching, Transmission, 5G"
"3978","Junior Data Scientist","Eskom","Transport, Logistics & Freight","Gauteng","Johannesburg","Full-Time","0.3","Master's","Statistics","No","Permanent","Junior Data Scientist role at Eskom based in Johannesburg, focused on EDA and related responsibilities.","SME","Python, Feature Stores, Predictive Modelling"
"3979","Business Analyst (GLR)","IQbusiness","Not Specified","Gauteng","Johannesburg","Full-Time","1.0","Not Specified","Finance","Yes","Permanent","Business Analyst (GLR) role at IQbusiness based in Johannesburg, focused on process analysis and related responsibilities.","SME","Requirements Elicitation, Agile/Scrum, Process Mapping, Confluence, Requirements Gathering, SQL, Stakeholder Engagement, Digital Transformation"
"3980","Automation Tester","Sibanye-Stillwater","IT & Telecommunications","Western Cape","Cape Town","Contract","0.3","Bachelor's","Not specified","No","Contract","Automation Tester role at Sibanye-Stillwater based in Cape Town, focused on regression testing and related responsibilities.","Large","UAT, Cypress, Test Automation, Selenium, TestNG, Python, Performance Testing"
"3981","Data Analyst II","DevologyX","IT Recruitment","Gauteng","Centurion","Full-Time","2.6","Not Specified","Not specified","No","Permanent","Data Analyst II role at DevologyX based in Centurion, focused on data visualisation and related responsibilities.","SME","Business Strategy, BI, Data Mapping, ETL, Data Visualisation, Tableau, Power BI, Excel"
"3982","Data Engineer_Data Analytics Platform","BHP","Banking, Finance, Insurance","Remote / Not Specified","Remote","Full-Time","4.8","Bachelor's","Not specified","No","Permanent","Data Engineer_Data Analytics Platform role at BHP based in Remote, focused on ETL and related responsibilities.","SME","Data Lakes, Data Pipelines, AWS"
"3983","IT Consultant","The Foschini Group","IT Recruitment","Western Cape","Stellenbosch","Full-Time","7.9","Bachelor's","Not specified","Yes","Contract","IT Consultant role at The Foschini Group based in Stellenbosch, focused on digital transformation and related responsibilities.","SME","ERP, SAP Ariba, SDLC Governance, Digital Transformation, Vendor Management, Salesforce, ServiceNow, Functional Specs"
"3984","Digital Marketing Specialist","MTN","IT & Telecommunications","Gauteng","Johannesburg","Full-Time","2.3","Not Specified","Not specified","No","Permanent","Digital Marketing Specialist role at MTN based in Johannesburg, focused on technical support and related responsibilities.","SME","Documentation, Project Management, Problem Solving, Customer Service"
"3985","Technical Consultant","Network IT","IT & Telecommunications","Gauteng","Menlyn","Full-Time","0.8","Not Specified","Not specified","Yes","Permanent","Technical Consultant role at Network IT based in Menlyn, focused on requirements gathering and related responsibilities.","SME","Process Flows, ServiceNow, Project Management, Agile"
"3986","AI Research Scientist","First National Bank","Banking, Finance, Insurance","Gauteng","Johannesburg","Full-Time","0.9","Bachelor's","Not specified","No","Permanent","AI Research Scientist role at First National Bank based in Johannesburg, focused on deep learning and related responsibilities.","SME","MLOps, Feature Engineering, AWS SageMaker, TensorFlow, Python, NLP, AI, scikit-learn"
"3987","Interaction Designer","PwC","IT & Telecommunications","Gauteng","Johannesburg North","Full-Time","4.9","Not Specified","Graphic Design","No","Contract","Interaction Designer role at PwC based in Johannesburg North, focused on design systems and related responsibilities.","SME","Sketch, CSS, Usability Testing, User Research"
"3988","Spring Boot Developer","Nambiti Technologies (Pty) Ltd","IT Consulting","Not Specified","Not Specified","Full-Time","2.5","Not Specified","Engineering","No","Permanent","Spring Boot Developer role at Nambiti Technologies (Pty) Ltd based in Not Specified, focused on API development and related responsibilities.","SME","C#, Node.js, Spring Boot, REST APIs"
"3989","Delivery Manager","Tumaini Consulting","IT & Telecommunications","Gauteng","Menlyn","Full-Time","5.9","Bachelor's","Not specified","No","Permanent","Delivery Manager role at Tumaini Consulting based in Menlyn, focused on agile delivery and related responsibilities.","SME","SAFe, PMO, Vendor Management, Confluence, Stakeholder Management, SDLC"
"3990","IT Business Development Manager","The Foschini Group","IT & Telecommunications","Eastern Cape","Port Elizabeth","Full-Time","9.9","Diploma","Not specified","No","Permanent","IT Business Development Manager role at The Foschini Group based in Port Elizabeth, focused on training and related responsibilities.","SME","Customer Service, Documentation, Problem Solving, Time Management"
"3991","Computer Vision Engineer","Titanium Talent","IT & Telecommunications","Gauteng","Johannesburg","Full-Time","0.8","Master's","Not specified","No","Permanent","Computer Vision Engineer role at Titanium Talent based in Johannesburg, focused on model development and related responsibilities.","SME","Reinforcement Learning, Data Science, Deep Learning, AWS SageMaker, Feature Engineering, TensorFlow, Statistics, Machine Learning"
"3992","Technical Consultant","The Talent Room","IT Recruitment","Gauteng","Pretoria","Contract","4.3","Bachelor's","Not specified","No","Contract","Technical Consultant role at The Talent Room based in Pretoria, focused on process mapping and related responsibilities.","SME","Business Process Mapping, Stakeholder Management, ServiceNow"
"3993","Delivery Manager","Standard Bank","Recruitment","Gauteng","Midrand","Contract","6.9","Not Specified","Not specified","No","Contract","Delivery Manager role at Standard Bank based in Midrand, focused on risk management and related responsibilities.","SME","MS Project, Scrum, SDLC, Agile"
"3994","Quantitative Analyst","Network Finance.","IT & Telecommunications","Not Specified","Not Specified","Internship","4.8","Bachelor's","Not specified","No","Internship","Quantitative Analyst role at Network Finance. based in Not Specified, focused on EDA and related responsibilities.","SME","R, Machine Learning, Data Visualisation, AI, Data Governance, Data Modelling, RAG"
"3995","5G Systems Engineer","Sandi Crowther Recruitment","Engineering, Technical, Manufacturing","Gauteng","Menlyn","Full-Time","6.9","Bachelor's","Networking","No","Permanent","5G Systems Engineer role at Sandi Crowther Recruitment based in Menlyn, focused on wireless and related responsibilities.","SME","Transmission, CCNP, Firewalls, Wi-Fi 6"
"3996","Product Owner","Capitec Bank LTD","IT & Telecommunications","Gauteng","Pretoria","Full-Time","2.4","Not Specified","Not specified","No","Permanent","Product Owner role at Capitec Bank LTD based in Pretoria, focused on budgeting and related responsibilities.","Large","SAFe, Jira, Stakeholder Management, Project Planning, SDLC"
"3997","Data Engineer_Data Analytics Platform","Gold Fields","IT & Telecommunications","Gauteng","Menlyn","Full-Time","2.2","Bachelor's","Not specified","No","Permanent","Data Engineer_Data Analytics Platform role at Gold Fields based in Menlyn, focused on data architecture and related responsibilities.","SME","Data Architecture, Hadoop, Kafka, Cloud Data Solutions, Data Lakes, GCP, Python"
"3998","Senior Software Developer","Discovery","IT & Telecommunications","Gauteng","Johannesburg","Full-Time","5.5","Not Specified","Engineering","No","Permanent","Senior Software Developer role at Discovery based in Johannesburg, focused on testing and related responsibilities.","SME","Entity Framework, .NET, Node.js, Microservices"
"3999","UX Designer","bbe Recruitment","IT & Telecommunications","Gauteng","Johannesburg","Permanent","4.5","Bachelor's","Interaction Design","No","Permanent","UX Designer role at bbe Recruitment based in Johannesburg, focused on user research and related responsibilities.","SME","Figma, Adobe XD, CSS, Interaction Design, Design Systems, User Research"
"4000","Telecom Technician","cloudandthings.io","Banking, Finance, Insurance","Western Cape","Stellenbosch","Contract","0.2","Bachelor's","Engineering","No","Contract","Telecom Technician role at cloudandthings.io based in Stellenbosch, focused on network security and related responsibilities.","SME","BGP, Fibre Optics, Routing & Switching, VPN, Firewalls, TCP/IP, Wireless, LAN"
